,Index Number,Name,Address,Project Status,Occupancy Year,Operator,URL,Geom,Local Area,unit_count,unit_category,unit_detail
0,6,,2137 W 1st Ave,Completed,1984,Helen's Court Co-op Housing Association,https://app.vancouver.ca/NonMarketHousing_NET/ProjectDetails.aspx?IndexNum=6,POINT (-123.1536261 49.27104183),Kitsilano,35,Clientele,Families
1,7,,1349 E 2nd Ave,Completed,1987,Laura Jamieson Co-op Housing Association,https://app.vancouver.ca/NonMarketHousing_NET/ProjectDetails.aspx?IndexNum=7,POINT (-123.07614157 49.26900321),Grandview-Woodland,42,Clientele,Families
2,8,,1507 E 2nd Ave,Completed,1984,Westerdale Co-op Housing Association,https://app.vancouver.ca/NonMarketHousing_NET/ProjectDetails.aspx?IndexNum=8,POINT (-123.07304966 49.26896961),Grandview-Woodland,10,Clientele,Families
3,18,,1560 E 4th Ave,Completed,1989,BC Indigenous Housing Society,https://app.vancouver.ca/NonMarketHousing_NET/ProjectDetails.aspx?IndexNum=18,POINT (-123.0718679 49.2666326),Grandview-Woodland,20,Clientele,Families
4,20,,675 E 5th Ave,Completed,1985,Northern Way Co-op Housing Association,https://app.vancouver.ca/NonMarketHousing_NET/ProjectDetails.aspx?IndexNum=20,POINT (-123.09065341 49.26639799),Mount Pleasant,44,Clientele,Families
5,25,,1040 E 7th Ave,Completed,1974,BC Housing,https://app.vancouver.ca/NonMarketHousing_NET/ProjectDetails.aspx?IndexNum=25,POINT (-123.08252037 49.26400829),Mount Pleasant,11,Clientele,Families
6,33,,2875 E 6th Ave,Completed,1990,Sch'eyk Housing Society,https://app.vancouver.ca/NonMarketHousing_NET/ProjectDetails.aspx?IndexNum=33,POINT (-123.04515669 49.26502759),Hastings-Sunrise,23,Clientele,Families
7,34,,756 E 6th Ave,Completed,1986,Lu'Ma Native Housing Society,https://app.vancouver.ca/NonMarketHousing_NET/ProjectDetails.aspx?IndexNum=34,POINT (-123.08812236 49.26495984),Mount Pleasant,13,Clientele,Families
8,39,,101 E 7th Ave,Completed,1982,Quebec Manor Co-op Housing Association,https://app.vancouver.ca/NonMarketHousing_NET/ProjectDetails.aspx?IndexNum=39,POINT (-123.10244623 49.26487539),Mount Pleasant,10,Clientele,Families
9,42,,860 E 7th Ave,Completed,1987,BC Indigenous Housing Society,https://app.vancouver.ca/NonMarketHousing_NET/ProjectDetails.aspx?IndexNum=42,POINT (-123.08569338 49.26403654),Mount Pleasant,12,Clientele,Families
10,47,,2425 Brunswick St,Completed,1988,Sch'eyk Housing Society,https://app.vancouver.ca/NonMarketHousing_NET/ProjectDetails.aspx?IndexNum=47,POINT (-123.09754471 49.26336944),Mount Pleasant,21,Clientele,Families
11,51,,1230 E 8th Ave,Completed,1987,China Creek Co-op Housing Association,https://app.vancouver.ca/NonMarketHousing_NET/ProjectDetails.aspx?IndexNum=51,POINT (-123.07922139 49.26307424),Mount Pleasant,27,Clientele,Families
12,53,,2829 E 8th Ave,Completed,1983,Access Co-op Housing Association,https://app.vancouver.ca/NonMarketHousing_NET/ProjectDetails.aspx?IndexNum=53,POINT (-123.04651609 49.26321325),Hastings-Sunrise,30,Clientele,Families
13,59,,506 E 10th Ave,Completed,1982,Lu'Ma Native Housing Society,https://app.vancouver.ca/NonMarketHousing_NET/ProjectDetails.aspx?IndexNum=59,POINT (-123.09281748 49.26128682),Mount Pleasant,2,Clientele,Families
16,76,,420 W 16th Ave,Completed,1976,BC Housing,https://app.vancouver.ca/NonMarketHousing_NET/ProjectDetails.aspx?IndexNum=76,POINT (-123.11276834 49.25663841),Riley Park,24,Clientele,Families
17,81,,2270 E 25th Ave,Completed,1971,BC Housing,https://app.vancouver.ca/NonMarketHousing_NET/ProjectDetails.aspx?IndexNum=81,POINT (-123.05903401 49.24741422),Kensington-Cedar Cottage,48,Clientele,Families
18,86,,3545 E 43rd Ave,Completed,1985,HW Flesher Co-op Housing Association,https://app.vancouver.ca/NonMarketHousing_NET/ProjectDetails.aspx?IndexNum=86,POINT (-123.0282517 49.23143252),Killarney,75,Clientele,Families
20,94,,1530 Adanac St,Completed,1987,Lu'Ma Native Housing Society,https://app.vancouver.ca/NonMarketHousing_NET/ProjectDetails.aspx?IndexNum=94,POINT (-123.0734715 49.27733673),Grandview-Woodland,21,Clientele,Families
22,104,,118 Alexander St,Completed,1987,Four Sisters Co-op Housing Association,https://app.vancouver.ca/NonMarketHousing_NET/ProjectDetails.aspx?IndexNum=104,POINT (-123.10153493 49.28370049),Downtown,16,Clientele,Families
27,115,,3502-98 Bluejay Cr,Completed,1981,Matheson Heights Co-op Housing Association,https://app.vancouver.ca/NonMarketHousing_NET/ProjectDetails.aspx?IndexNum=115,POINT (-123.02641787 49.21275024),Killarney,106,Clientele,Families
28,117,,2450 Penticton St,Completed,1985,Sch'eyk Housing Society,https://app.vancouver.ca/NonMarketHousing_NET/ProjectDetails.aspx?IndexNum=117,POINT (-123.05180854 49.26231048),Hastings-Sunrise,12,Clientele,Families
29,120,,2525 Waterloo St,Completed,1984,Broadview Co-op Housing Association,https://app.vancouver.ca/NonMarketHousing_NET/ProjectDetails.aspx?IndexNum=120,POINT (-123.18021442 49.2640035),Kitsilano,10,Clientele,Families
31,129,,512 Campbell Ave,Completed,1967,BC Housing,https://app.vancouver.ca/NonMarketHousing_NET/ProjectDetails.aspx?IndexNum=129,POINT (-123.08401895 49.27900972),Strathcona,241,Clientele,Families
32,132,,3400 E 5th Av,Completed,1962,BC Housing,https://app.vancouver.ca/NonMarketHousing_NET/ProjectDetails.aspx?IndexNum=132,POINT (-123.03033314 49.26414502),Hastings-Sunrise,69,Clientele,Families
34,134,,1515 Charles St,Completed,1986,More Than a Roof Housing Society,https://app.vancouver.ca/NonMarketHousing_NET/ProjectDetails.aspx?IndexNum=134,POINT (-123.07301669 49.27331573),Grandview-Woodland,22,Clientele,Families
35,140,,3502-3672 Cordiale Dr,Completed,1982,Le Coeur Co-op Housing Association,https://app.vancouver.ca/NonMarketHousing_NET/ProjectDetails.aspx?IndexNum=140,POINT (-123.02601179 49.20962267),Killarney,63,Clientele,Families
36,145,,430 E Cordova St,Completed,1988,Mavis McMullen Housing Society,https://app.vancouver.ca/NonMarketHousing_NET/ProjectDetails.aspx?IndexNum=145,POINT (-123.09447792 49.28192592),Strathcona,10,Clientele,Families
37,154,,3564 Dease Lane,Completed,1972,De Cosmos Village Co-op Housing Association,https://app.vancouver.ca/NonMarketHousing_NET/ProjectDetails.aspx?IndexNum=154,POINT (-123.02554929 49.2228022),Killarney,110,Clientele,Families
38,155,,8430 Aqua Dr,Completed,1985,Affordable Housing Societies,https://app.vancouver.ca/NonMarketHousing_NET/ProjectDetails.aspx?IndexNum=155,POINT (-123.06367471 49.20768611),Victoria-Fraserview,27,Clientele,Families
40,168,,837 E Georgia St,Completed,1986,Affordable Housing Societies,https://app.vancouver.ca/NonMarketHousing_NET/ProjectDetails.aspx?IndexNum=168,POINT (-123.08637889 49.27857263),Strathcona,2,Clientele,Families
41,172,,1877 E Georgia St,Completed,1988,Entre Nous Femmes Housing Society,https://app.vancouver.ca/NonMarketHousing_NET/ProjectDetails.aspx?IndexNum=172,POINT (-123.06617155 49.27866977),Grandview-Woodland,18,Clientele,Families
42,174,,2535 Grandview Hwy N,Completed,1977,Metro Vancouver Housing Corporation,https://app.vancouver.ca/NonMarketHousing_NET/ProjectDetails.aspx?IndexNum=174,POINT (-123.05390317 49.25849645),Renfrew-Collingwood,20,Clientele,Families
43,181,,3510 SE Marine Dr,Completed,1992,Entre Nous Femmes Housing Society,https://app.vancouver.ca/NonMarketHousing_NET/ProjectDetails.aspx?IndexNum=181,POINT (-123.02876493 49.20726071),Killarney,41,Clientele,Families
44,186,,1416 Haro St,Completed,1985,City of Vancouver,https://app.vancouver.ca/NonMarketHousing_NET/ProjectDetails.aspx?IndexNum=186,POINT (-123.13182158 49.28736751),West End,18,Clientele,Families
46,190,,501 E Hastings St,Completed,1984,Sch'eyk Housing Society,https://app.vancouver.ca/NonMarketHousing_NET/ProjectDetails.aspx?IndexNum=190,POINT (-123.09283543 49.28150447),Strathcona,17,Clientele,Families
47,192,,540 E Hastings St,Completed,1987,Sch'eyk Housing Society,https://app.vancouver.ca/NonMarketHousing_NET/ProjectDetails.aspx?IndexNum=192,POINT (-123.09305566 49.28089739),Strathcona,17,Clientele,Families
49,196,,3196 Heather St,Completed,1976,"Co-op Demers ""La Bruyere"" Co-op Hsg Assoc.",https://app.vancouver.ca/NonMarketHousing_NET/ProjectDetails.aspx?IndexNum=196,POINT (-123.11963072 49.25726946),Fairview,7,Clientele,Families
52,202,,350 Keefer St,Completed,1970,BC Housing,https://app.vancouver.ca/NonMarketHousing_NET/ProjectDetails.aspx?IndexNum=202,POINT (-123.09530078 49.27849526),Strathcona,139,Clientele,Families
53,219,,1415 Lamey's Mill Rd,Completed,1981,Twin Rainbows Co-op Housing Association,https://app.vancouver.ca/NonMarketHousing_NET/ProjectDetails.aspx?IndexNum=219,POINT (-123.13586996 49.26788454),Fairview,25,Clientele,Families
54,229,,531 SW Marine Dr,Completed,1985,Vera Co-op Housing Association,https://app.vancouver.ca/NonMarketHousing_NET/ProjectDetails.aspx?IndexNum=229,POINT (-123.11952291 49.20965032),Marpole,31,Clientele,Families
55,230,,590 SW Marine Dr,Completed,1982,Metro Vancouver Housing Corporation,https://app.vancouver.ca/NonMarketHousing_NET/ProjectDetails.aspx?IndexNum=230,POINT (-123.11847601 49.20912755),Marpole,30,Clientele,Families
56,231,,1592 SW Marine Dr,Completed,1986,Wits' End Co-op Housing Association,https://app.vancouver.ca/NonMarketHousing_NET/ProjectDetails.aspx?IndexNum=231,POINT (-123.14375724 49.20824039),Marpole,43,Clientele,Families
57,235,,3381 Marquette Cr,Completed,1982,Cedar Mill Co-op Housing Association,https://app.vancouver.ca/NonMarketHousing_NET/ProjectDetails.aspx?IndexNum=235,POINT (-123.03115912 49.21293165),Killarney,43,Clientele,Families
58,244,,5701 Nanaimo St,Completed,1959,BC Housing,https://app.vancouver.ca/NonMarketHousing_NET/ProjectDetails.aspx?IndexNum=244,POINT (-123.05939466 49.23115573),Victoria-Fraserview,117,Clientele,Families
59,245,,1416 Napier St,Completed,1981,Watershed Co-op Housing Association,https://app.vancouver.ca/NonMarketHousing_NET/ProjectDetails.aspx?IndexNum=245,POINT (-123.07496109 49.27451785),Grandview-Woodland,11,Clientele,Families
60,254,,1019 Pacific St,Completed,1985,Pacific Heights Co-op Housing Association,https://app.vancouver.ca/NonMarketHousing_NET/ProjectDetails.aspx?IndexNum=254,POINT (-123.13276735 49.2776072),West End,79,Clientele,Families
62,262,,1710 E Pender St,Completed,1986,Lu'Ma Native Housing Society,https://app.vancouver.ca/NonMarketHousing_NET/ProjectDetails.aspx?IndexNum=262,POINT (-123.07002235 49.28001135),Grandview-Woodland,16,Clientele,Families
64,270,,1515 W 1st Ave,Completed,1986,Harbour Cove Co-op Housing Association,https://app.vancouver.ca/NonMarketHousing_NET/ProjectDetails.aspx?IndexNum=270,POINT (-123.14128903 49.27205665),Fairview,15,Clientele,Families
65,271,,3890 Point Grey Rd,Completed,1979,Dunbar Village Co-op Housing Association,https://app.vancouver.ca/NonMarketHousing_NET/ProjectDetails.aspx?IndexNum=271,POINT (-123.1908124 49.27094926),West Point Grey,11,Clientele,Families
67,280,,321 Princess Ave,Completed,1991,Affordable Housing Societies,https://app.vancouver.ca/NonMarketHousing_NET/ProjectDetails.aspx?IndexNum=280,POINT (-123.09196577 49.28187669),Strathcona,61,Clientele,Families
69,282,,1680 E 6th Ave,Completed,1993,New Chelsea Society,https://app.vancouver.ca/NonMarketHousing_NET/ProjectDetails.aspx?IndexNum=282,POINT (-123.07061566 49.26471157),Grandview-Woodland,16,Clientele,Families
70,286,,4830 Rupert St,Completed,1971,BC Housing,https://app.vancouver.ca/NonMarketHousing_NET/ProjectDetails.aspx?IndexNum=286,POINT (-123.03639148 49.24060975),Renfrew-Collingwood,42,Clientele,Families
71,288,,5748 Rupert St,Completed,1991,Brightside Community Homes Foundation,https://app.vancouver.ca/NonMarketHousing_NET/ProjectDetails.aspx?IndexNum=288,POINT (-123.04269371 49.23202084),Killarney,22,Clientele,Families
72,289,,825 Salsbury Dr,Completed,1986,Grace MacInnis Co-op Housing Association,https://app.vancouver.ca/NonMarketHousing_NET/ProjectDetails.aspx?IndexNum=289,POINT (-123.06888997 49.27729408),Grandview-Woodland,27,Clientele,Families
74,294,,1256 Shorepine  Walk,Completed,1980,Alder Bay Co-op Housing Association,https://app.vancouver.ca/NonMarketHousing_NET/ProjectDetails.aspx?IndexNum=294,POINT (-123.1340075 49.26771357),Fairview,87,Clientele,Families
75,295,,3335-45 Sophia St,Completed,1983,Robson Park Co-op Housing Association,https://app.vancouver.ca/NonMarketHousing_NET/ProjectDetails.aspx?IndexNum=295,POINT (-123.09872617 49.25501914),Riley Park,4,Clientele,Families
76,297,,2832 St George St,Completed,1982,Robson Park Co-op Housing Association,https://app.vancouver.ca/NonMarketHousing_NET/ProjectDetails.aspx?IndexNum=297,POINT (-123.09273013 49.25909002),Mount Pleasant,6,Clientele,Families
77,298,,7401 Talon Square,Completed,1978,La Petite Maison Co-op Housing Association,https://app.vancouver.ca/NonMarketHousing_NET/ProjectDetails.aspx?IndexNum=298,POINT (-123.02619985 49.21703561),Killarney,66,Clientele,Families
78,300,,1091 Sitka Square,Completed,1977,New Chelsea Society,https://app.vancouver.ca/NonMarketHousing_NET/ProjectDetails.aspx?IndexNum=300,POINT (-123.13016336 49.26687114),Fairview,74,Clientele,Families
79,303,,3641 Tuaq Dr,Completed,1982,Alexander Laidlaw Co-op Housing Association,https://app.vancouver.ca/NonMarketHousing_NET/ProjectDetails.aspx?IndexNum=303,POINT (-123.02555612 49.20868184),Killarney,77,Clientele,Families
80,304,,3450 SE Marine Dr,Completed,1992,Sunbridge Co-op Housing Association,https://app.vancouver.ca/NonMarketHousing_NET/ProjectDetails.aspx?IndexNum=304,POINT (-123.03018455 49.20738444),Killarney,38,Clientele,Families
81,306,,251 Union St,Completed,1993,S.U.C.C.E.S.S.,https://app.vancouver.ca/NonMarketHousing_NET/ProjectDetails.aspx?IndexNum=306,POINT (-123.0979086 49.27788193),Strathcona,26,Clientele,Families
82,308,,2033 Ferndale St,Completed,1981,Vancouver East Co-op Housing Association,https://app.vancouver.ca/NonMarketHousing_NET/ProjectDetails.aspx?IndexNum=308,POINT (-123.06279932 49.27992564),Grandview-Woodland,4,Clientele,Families
83,309,,3548 Victoria Dr,Completed,1991,New Chelsea Society,https://app.vancouver.ca/NonMarketHousing_NET/ProjectDetails.aspx?IndexNum=309,POINT (-123.0656301 49.25319001),Kensington-Cedar Cottage,28,Clientele,Families
84,312,,1707 Wallace St,Completed,1978,Penta Co-op Housing Association,https://app.vancouver.ca/NonMarketHousing_NET/ProjectDetails.aspx?IndexNum=312,POINT (-123.18996814 49.27107928),West Point Grey,18,Clientele,Families
86,320,,1602 E 41st Ave,Completed,1991,Brightside Community Homes Foundation,https://app.vancouver.ca/NonMarketHousing_NET/ProjectDetails.aspx?IndexNum=320,POINT (-123.07256746 49.23238482),Victoria-Fraserview,8,Clientele,Families
87,322,,2390 Grandview Hwy S.,Completed,1994,New Chelsea Society,https://app.vancouver.ca/NonMarketHousing_NET/ProjectDetails.aspx?IndexNum=322,POINT (-123.05716498 49.2575755),Kensington-Cedar Cottage,31,Clientele,Families
88,325,,1774 E Kent Ave S,Completed,1995,Affordable Housing Societies,https://app.vancouver.ca/NonMarketHousing_NET/ProjectDetails.aspx?IndexNum=325,POINT (-123.06946548 49.20783398),Victoria-Fraserview,42,Clientele,Families
89,328,,5003 Boundary Rd,Completed,1996,Anita Lewis Co-op Housing Association,https://app.vancouver.ca/NonMarketHousing_NET/ProjectDetails.aspx?IndexNum=328,POINT (-123.02403574 49.23928138),Renfrew-Collingwood,21,Clientele,Families
90,329,,1810 E Georgia,Completed,1995,Mavis McMullen Housing Society,https://app.vancouver.ca/NonMarketHousing_NET/ProjectDetails.aspx?IndexNum=329,POINT (-123.06779536 49.27818046),Grandview-Woodland,26,Clientele,Families
95,340,,32 W Pender St,Completed,1998,CBA Housing Society,https://app.vancouver.ca/NonMarketHousing_NET/ProjectDetails.aspx?IndexNum=340,POINT (-123.10540501 49.28030099),Downtown,17,Clientele,Families
98,349,,1010 Pacific Blvd,Completed,1999,Red Door Housing Society,https://app.vancouver.ca/NonMarketHousing_NET/ProjectDetails.aspx?IndexNum=349,POINT (-123.1155317 49.27357694),Downtown,84,Clientele,Families
106,377,,2320 Franklin St,Completed,2001,Kiwassa Housing Society,https://app.vancouver.ca/NonMarketHousing_NET/ProjectDetails.aspx?IndexNum=377,POINT (-123.05727353 49.2818226),Grandview-Woodland,28,Clientele,Families
107,382,,65 W Cordova St,Completed,2002,Lore Krill Co-operative Housing Association,https://app.vancouver.ca/NonMarketHousing_NET/ProjectDetails.aspx?IndexNum=382,POINT (-123.10598488 49.28306444),Downtown,10,Clientele,Families
108,386,,239 E Georgia St,Completed,2002,Lore Krill Co-operative Housing Association,https://app.vancouver.ca/NonMarketHousing_NET/ProjectDetails.aspx?IndexNum=386,POINT (-123.09841302 49.27881639),Strathcona,42,Clientele,Families
113,403,,1109 Victoria Dr,Completed,1980,Vancouver East Co-op Housing Association,https://app.vancouver.ca/NonMarketHousing_NET/ProjectDetails.aspx?IndexNum=403,POINT (-123.06589423 49.27456138),Grandview-Woodland,5,Clientele,Families
114,404,,1803 Kitchener St,Completed,1981,Vancouver East Co-op Housing Association,https://app.vancouver.ca/NonMarketHousing_NET/ProjectDetails.aspx?IndexNum=404,POINT (-123.06744889 49.27233281),Grandview-Woodland,2,Clientele,Families
115,408,,1030 Keefer St,Completed,1986,Affordable Housing Societies,https://app.vancouver.ca/NonMarketHousing_NET/ProjectDetails.aspx?IndexNum=408,POINT (-123.08169313 49.27888925),Strathcona,2,Clientele,Families
116,410,,1153 E Pender St,Completed,1986,Affordable Housing Societies,https://app.vancouver.ca/NonMarketHousing_NET/ProjectDetails.aspx?IndexNum=410,POINT (-123.08006139 49.28028632),Strathcona,2,Clientele,Families
117,412,,330 Union St,Completed,1986,Affordable Housing Societies,https://app.vancouver.ca/NonMarketHousing_NET/ProjectDetails.aspx?IndexNum=412,POINT (-123.09618694 49.27734832),Strathcona,2,Clientele,Families
118,416,,1120 Comox St,Completed,2001,Mole Hill Community Housing Society,https://app.vancouver.ca/NonMarketHousing_NET/ProjectDetails.aspx?IndexNum=416,POINT (-123.12990117 49.28194798),West End,1,Clientele,Families
119,423,,1139 Pendrell St,Completed,2002,Mole Hill Community Housing Society,https://app.vancouver.ca/NonMarketHousing_NET/ProjectDetails.aspx?IndexNum=423,POINT (-123.13087501 49.28194677),West End,1,Clientele,Families
122,438,,1107 Thurlow St,Completed,2003,Mole Hill Community Housing Society,https://app.vancouver.ca/NonMarketHousing_NET/ProjectDetails.aspx?IndexNum=438,POINT (-123.1299919 49.28143782),West End,4,Clientele,Families
123,442,,133 Powell St,Completed,1988,Four Sisters Co-op Housing Association,https://app.vancouver.ca/NonMarketHousing_NET/ProjectDetails.aspx?IndexNum=442,POINT (-123.10094244 49.28342665),Downtown,43,Clientele,Families
125,461,,1465 Lamey's Mill Rd,Completed,1981,Twin Rainbows Co-op Housing Association,https://app.vancouver.ca/NonMarketHousing_NET/ProjectDetails.aspx?IndexNum=461,POINT (-123.13673059 49.26848936),Fairview,25,Clientele,Families
126,464,,400 E Pender St,Completed,1982,Mau Dan Gardens Co-op Housing Association,https://app.vancouver.ca/NonMarketHousing_NET/ProjectDetails.aspx?IndexNum=464,POINT (-123.09467412 49.27999087),Strathcona,34,Clientele,Families
127,472,,3390 School Ave,Completed,1984,Chilean Co-op Housing Association,https://app.vancouver.ca/NonMarketHousing_NET/ProjectDetails.aspx?IndexNum=472,POINT (-123.03304017 49.23080241),Killarney,33,Clientele,Families
130,525,,120 W Cordova St,Completed,2010,Affordable Housing Societies,https://app.vancouver.ca/NonMarketHousing_NET/ProjectDetails.aspx?IndexNum=525,POINT (-123.10776216 49.28274231),Downtown,75,Clientele,Families
131,534,,2101 Southside Dr,Completed,1985,Affordable Housing Societies,https://app.vancouver.ca/NonMarketHousing_NET/ProjectDetails.aspx?IndexNum=534,POINT (-123.06383102 49.20857785),Victoria-Fraserview,28,Clientele,Families
132,542,,2203 Skenna St,Completed,1962,BC Housing,https://app.vancouver.ca/NonMarketHousing_NET/ProjectDetails.aspx?IndexNum=542,POINT (-123.02907422 49.26414271),Hastings-Sunrise,94,Clientele,Families
145,691,,220 Princess Av,Completed,2015,Raincity Housing and Support Society,https://app.vancouver.ca/NonMarketHousing_NET/ProjectDetails.aspx?IndexNum=691,POINT (-123.09089702 49.2827536),Strathcona,24,Clientele,Families
156,771,,730 E Hastings St,Completed,2017,YWCA Vancouver,https://app.vancouver.ca/NonMarketHousing_NET/ProjectDetails.aspx?IndexNum=771,POINT (-123.0888949 49.28082218),Strathcona,21,Clientele,Families
157,772,,1105 Seymour St,Completed,2017,City of Vancouver,https://app.vancouver.ca/NonMarketHousing_NET/ProjectDetails.aspx?IndexNum=772,POINT (-123.12412411 49.27759099),Downtown,19,Clientele,Families
158,773,,3338 Sawmill Crescent,Completed,2025,M'akola Housing Society,https://app.vancouver.ca/NonMarketHousing_NET/ProjectDetails.aspx?IndexNum=773,POINT (-123.03388168 49.20633158),Killarney,123,Clientele,Families
160,781,,2922 E Kent Ave S,Completed,2019,Community Land Trust Foundation of BC,https://app.vancouver.ca/NonMarketHousing_NET/ProjectDetails.aspx?IndexNum=781,POINT (-123.04688164 49.20585236),Killarney,90,Clientele,Families
161,783,,3090 E 54th Ave,Completed,2019,YWCA Vancouver,https://app.vancouver.ca/NonMarketHousing_NET/ProjectDetails.aspx?IndexNum=783,POINT (-123.04175081 49.21988385),Killarney,31,Clientele,Families
162,784,,4105 Artbutus St,Completed,2021,YWCA Vancouver,https://app.vancouver.ca/NonMarketHousing_NET/ProjectDetails.aspx?IndexNum=784,POINT (-123.15398114 49.24854039),Arbutus Ridge,38,Clientele,Families
163,785,,706 W 13th Ave,Under Construction,,Metro Vancouver Housing Corporation,,,Unknown,68,Clientele,Families
164,787,,1171 Jervis St,Completed,2018,BC Indigenous Housing Society,https://app.vancouver.ca/NonMarketHousing_NET/ProjectDetails.aspx?IndexNum=787,POINT (-123.13510209 49.2831831),West End,13,Clientele,Families
165,790,,420 Hawks Ave,Approved,,,,POINT (-123.08693581 49.28070574),Strathcona,14,Clientele,Families
167,795,,5155 Main St,Completed,2025,More Than A Roof Housing Society,https://app.vancouver.ca/NonMarketHousing_NET/ProjectDetails.aspx?IndexNum=795,POINT (-123.1020273 49.23848276),Riley Park,62,Clientele,Families
168,797,,6465 Vivian St,Completed,2020,Fair Haven Homes Society,https://app.vancouver.ca/NonMarketHousing_NET/ProjectDetails.aspx?IndexNum=797,POINT (-123.05069803 49.2253565),Victoria-Fraserview,25,Clientele,Families
169,799,,1395 Davie St,Completed,2021,BC Indigenous Housing Society,https://app.vancouver.ca/NonMarketHousing_NET/ProjectDetails.aspx?IndexNum=799,POINT (-123.13567833 49.28367795),West End,34,Clientele,Families
170,801,,808 Nicola St,Completed,2024,City of Vancouver,https://app.vancouver.ca/NonMarketHousing_NET/ProjectDetails.aspx?IndexNum=801,POINT (-123.13082054 49.28809834),West End,42,Clientele,Families
172,808,,3245 Pierview Crescent,Completed,2021,Kinship Housing Co-operative,https://app.vancouver.ca/NonMarketHousing_NET/ProjectDetails.aspx?IndexNum=808,POINT (-123.03866101 49.20724891),Killarney,31,Clientele,Families
173,809,,3183 Pierview Crescent,Completed,2020,Kinship Housing Co-operative,https://app.vancouver.ca/NonMarketHousing_NET/ProjectDetails.aspx?IndexNum=809,POINT (-123.03975498 49.20767029),Killarney,69,Clientele,Families
174,810,,2200 - 2300 W 45th Ave,Approved,,Fair Haven Homes Society,,POINT (-123.15944769 49.23115707),Kerrisdale,6,Clientele,Families
176,829,,603 W 59th Ave,Completed,2022,S.U.C.C.E.S.S.,https://app.vancouver.ca/NonMarketHousing_NET/ProjectDetails.aspx?IndexNum=829,POINT (-123.11763069 49.21748457),Marpole,69,Clientele,Families
177,830,,947 E Hastings St,Completed,2018,Lookout Housing and Health Society,https://app.vancouver.ca/NonMarketHousing_NET/ProjectDetails.aspx?IndexNum=830,POINT (-123.08403266 49.28133997),Strathcona,17,Clientele,Families
178,832,,1636 Clark Dr,Under Construction,,S.U.C.C.E.S.S.,https://app.vancouver.ca/NonMarketHousing_NET/ProjectDetails.aspx?IndexNum=832,POINT (-123.07634909 49.26993257),Grandview-Woodland,39,Clientele,Families
179,833,,1040-1080 Barclay St,Approved,,,,POINT (-123.1268872 49.28278154),West End,47,Clientele,Families
184,863,,616 E Cordova St,Completed,2022,Union Gospel Mission,https://app.vancouver.ca/NonMarketHousing_NET/ProjectDetails.aspx?IndexNum=863,POINT (-123.09098604 49.2818717),Strathcona,24,Clientele,Families
185,864,,750 - 772 Pacific Blvd,Approved,,,,POINT (-123.10926942 49.27433899),Downtown,90,Clientele,Families
189,880,,733 W 14th Ave,Completed,2020,Metro Vancouver Housing Corporation,https://app.vancouver.ca/NonMarketHousing_NET/ProjectDetails.aspx?IndexNum=880,POINT (-123.12117113 49.25887258),Fairview,36,Clientele,Families
190,886,,8460 Ash St & 8495 Cambie St,Under Construction,,,,POINT (-123.11850904 49.20851404),Marpole,75,Clientele,Families
191,888,,150 E 36th Ave,Under Construction,,,,,Unknown,36,Clientele,Families
192,893,,480 Broughton St,Under Construction,,,,POINT (-123.12518254 49.29006102),Downtown,35,Clientele,Families
193,895,,8725 French St,Completed,2024,Brightside Community Homes Foundation,https://app.vancouver.ca/NonMarketHousing_NET/ProjectDetails.aspx?IndexNum=895,POINT (-123.13964152 49.20669703),Marpole,24,Clientele,Families
205,932,,95 SW Marine Dr,Completed,2022,New Chelsea Society,https://app.vancouver.ca/NonMarketHousing_NET/ProjectDetails.aspx?IndexNum=932,POINT (-123.10844101 49.21273011),Marpole,25,Clientele,Families
206,943,,1656 Adanac St,Under Construction,,Entre Nous Femmes Housing Society,https://app.vancouver.ca/NonMarketHousing_NET/ProjectDetails.aspx?IndexNum=943,POINT (-123.0715201 49.27732861),Grandview-Woodland,49,Clientele,Families
207,949,,528 Powell St,Under Construction,,Lookout Housing and Health Society,,POINT (-123.09249245 49.2828015),Strathcona,19,Clientele,Families
212,969,,8427-8482 Cambie St,Proposed,,,,POINT (-123.11770046 49.20908476),Marpole,28,Clientele,Families
214,985,,8820 Cartier St,Completed,2024,Lookout Housing and Health Society,https://app.vancouver.ca/NonMarketHousing_NET/ProjectDetails.aspx?IndexNum=985,POINT (-123.13735164 49.20557857),Marpole,6,Clientele,Families
220,2,,1590 W 1st Ave,Completed,1983,Marina Co-op Housing Association,https://app.vancouver.ca/NonMarketHousing_NET/ProjectDetails.aspx?IndexNum=2,POINT (-123.14070438 49.2708485),Fairview,51,Clientele,Families
221,3,,1675 Cypress St,Completed,1986,Inti Co-op Housing Association,https://app.vancouver.ca/NonMarketHousing_NET/ProjectDetails.aspx?IndexNum=3,POINT (-123.14820598 49.27095637),Kitsilano,14,Clientele,Families
222,5,,1714 Maple St,Completed,1977,Sam Greer Place Co-op Housing Association,https://app.vancouver.ca/NonMarketHousing_NET/ProjectDetails.aspx?IndexNum=5,POINT (-123.14995826 49.27046454),Kitsilano,7,Clientele,Families
224,11,,1937 W 2nd Ave,Completed,1979,Community Alternatives Co-op Housing Association,https://app.vancouver.ca/NonMarketHousing_NET/ProjectDetails.aspx?IndexNum=11,POINT (-123.14884018 49.27007463),Kitsilano,9,Clientele,Families
225,14,,1580 E 3rd Ave,Completed,1985,Paloma Co-op Housing Association,https://app.vancouver.ca/NonMarketHousing_NET/ProjectDetails.aspx?IndexNum=14,POINT (-123.07135058 49.26754704),Grandview-Woodland,32,Clientele,Families
228,21,,1528 E 5th Ave,Completed,1987,Sunrise Co-op Housing Association,https://app.vancouver.ca/NonMarketHousing_NET/ProjectDetails.aspx?IndexNum=21,POINT (-123.07335792 49.26575239),Grandview-Woodland,31,Clientele,Families
229,22,,1556 E 5th Ave,Completed,1986,Rising Star Co-op Housing Association,https://app.vancouver.ca/NonMarketHousing_NET/ProjectDetails.aspx?IndexNum=22,POINT (-123.0721715 49.26574265),Grandview-Woodland,24,Clientele,Families
230,23,,1575 E 5th Ave,Completed,1986,BC Indigenous Housing Society,https://app.vancouver.ca/NonMarketHousing_NET/ProjectDetails.aspx?IndexNum=23,POINT (-123.07186116 49.26625345),Grandview-Woodland,30,Clientele,Families
231,29,,1865 E 10th Ave,Completed,1994,Burlington Heights Co-op Housing Assoc,https://app.vancouver.ca/NonMarketHousing_NET/ProjectDetails.aspx?IndexNum=29,POINT (-123.06687208 49.26161645),Kensington-Cedar Cottage,24,Clientele,Families
232,32,,600 E 6th Ave,Completed,1970,BC Housing,https://app.vancouver.ca/NonMarketHousing_NET/ProjectDetails.aspx?IndexNum=32,POINT (-123.09008792 49.2649808),Mount Pleasant,22,Clientele,Families
234,38,,960 W 6th Ave,Completed,1987,Charleston Terrace Co-op Housing Association,https://app.vancouver.ca/NonMarketHousing_NET/ProjectDetails.aspx?IndexNum=38,POINT (-123.12571992 49.26572477),Fairview,42,Clientele,Families
236,45,,1333 E 7th Ave,Completed,1985,BC Indigenous Housing Society,https://app.vancouver.ca/NonMarketHousing_NET/ProjectDetails.aspx?IndexNum=45,POINT (-123.07649546 49.26448248),Grandview-Woodland,17,Clientele,Families
238,50,,1219 E 8th Ave,Completed,1984,Lu'Ma Native Housing Society,https://app.vancouver.ca/NonMarketHousing_NET/ProjectDetails.aspx?IndexNum=50,POINT (-123.07898388 49.26358712),Mount Pleasant,14,Clientele,Families
239,54,,717 W 8th Ave,Completed,1986,Heritage Co-op Housing Association,https://app.vancouver.ca/NonMarketHousing_NET/ProjectDetails.aspx?IndexNum=54,POINT (-123.12042184 49.26446677),Fairview,31,Clientele,Families
240,60,,12 W 10th Ave,Completed,1981,View Court Co-op Housing Association,https://app.vancouver.ca/NonMarketHousing_NET/ProjectDetails.aspx?IndexNum=60,POINT (-123.10540528 49.26184174),Mount Pleasant,2,Clientele,Families
241,63,,2060 W 10th Ave,Completed,1990,Vancouver Resource Society for the Physically Disabled,https://app.vancouver.ca/NonMarketHousing_NET/ProjectDetails.aspx?IndexNum=63,POINT (-123.15208112 49.26268769),Kitsilano,21,Clientele,Families
245,74,,2950 Heather St,Completed,1986,Domego Co-op Housing Association,https://app.vancouver.ca/NonMarketHousing_NET/ProjectDetails.aspx?IndexNum=74,POINT (-123.11952103 49.25905197),Fairview,36,Clientele,Families
246,75,,234 E 15th Ave,Completed,1986,Robson Park Co-op Housing Association,https://app.vancouver.ca/NonMarketHousing_NET/ProjectDetails.aspx?IndexNum=75,POINT (-123.09989042 49.26616758),Mount Pleasant,14,Clientele,Families
247,78,,1411 E 17th Ave,Completed,1984,Metro Vancouver Housing Corporation,https://app.vancouver.ca/NonMarketHousing_NET/ProjectDetails.aspx?IndexNum=78,POINT (-123.07540882 49.25571018),Kensington-Cedar Cottage,21,Clientele,Families
249,87,,449 E 44th Ave,Completed,1986,Griffin's Walk Co-op Housing Association,https://app.vancouver.ca/NonMarketHousing_NET/ProjectDetails.aspx?IndexNum=87,POINT (-123.09528457 49.23042163),Sunset,24,Clientele,Families
251,89,,7100 Killarney St,Completed,1989,Killarney Gardens Co-op Housing Association,https://app.vancouver.ca/NonMarketHousing_NET/ProjectDetails.aspx?IndexNum=89,POINT (-123.04367102 49.21915358),Killarney,215,Clientele,Families
252,90,,3217 E 58th Ave,Completed,1973,BC Housing,https://app.vancouver.ca/NonMarketHousing_NET/ProjectDetails.aspx?IndexNum=90,POINT (-123.03649042 49.21763425),Killarney,100,Clientele,Families
254,110,,1047 Barclay St,Completed,1985,Amicae Co-op Housing Association,https://app.vancouver.ca/NonMarketHousing_NET/ProjectDetails.aspx?IndexNum=110,POINT (-123.12576855 49.28281722),West End,42,Clientele,Families
256,114,,7155 Blake St,Completed,1975,Kanata Co-op Housing Association,https://app.vancouver.ca/NonMarketHousing_NET/ProjectDetails.aspx?IndexNum=114,POINT (-123.03056313 49.21811899),Killarney,142,Clientele,Families
260,139,,1528 Comox St,Completed,1977,BC Housing,https://app.vancouver.ca/NonMarketHousing_NET/ProjectDetails.aspx?IndexNum=139,POINT (-123.13615031 49.28597748),West End,24,Clientele,Families
264,150,,2310 Cornwall Ave,Completed,1982,Melton Court Co-op Housing Association,https://app.vancouver.ca/NonMarketHousing_NET/ProjectDetails.aspx?IndexNum=150,POINT (-123.15780793 49.2723574),Kitsilano,5,Clientele,Families
265,163,,3520 Euclid Ave,Completed,1979,Metro Vancouver Housing Corporation,https://app.vancouver.ca/NonMarketHousing_NET/ProjectDetails.aspx?IndexNum=163,POINT (-123.02988574 49.2344612),Renfrew-Collingwood,29,Clientele,Families
267,171,,1856 E Georgia St,Completed,1987,BC Indigenous Housing Society,https://app.vancouver.ca/NonMarketHousing_NET/ProjectDetails.aspx?IndexNum=171,POINT (-123.0664843 49.27815551),Grandview-Woodland,24,Clientele,Families
268,176,,2775 Cooperative Way,Completed,1992,Kaslo Gardens Co-op Housing Association,https://app.vancouver.ca/NonMarketHousing_NET/ProjectDetails.aspx?IndexNum=176,POINT (-123.04775452 49.25738833),Renfrew-Collingwood,70,Clientele,Families
269,177,,2730 Cooperative Way,Completed,1992,Still Creek Co-op Housing Association,https://app.vancouver.ca/NonMarketHousing_NET/ProjectDetails.aspx?IndexNum=177,POINT (-123.04889439 49.25732576),Renfrew-Collingwood,54,Clientele,Families
271,183,,1550 Woodland Dr,Completed,1986,Sitka Co-op Housing Association,https://app.vancouver.ca/NonMarketHousing_NET/ProjectDetails.aspx?IndexNum=183,POINT (-123.07305553 49.27078715),Grandview-Woodland,18,Clientele,Families
272,184,,1339 Graveley St,Completed,1988,BC Indigenous Housing Society,https://app.vancouver.ca/NonMarketHousing_NET/ProjectDetails.aspx?IndexNum=184,POINT (-123.07637895 49.27082772),Grandview-Woodland,24,Clientele,Families
275,201,,8828 Hudson St,Completed,1988,Eburne Landing Co-op Housing Association,https://app.vancouver.ca/NonMarketHousing_NET/ProjectDetails.aspx?IndexNum=201,POINT (-123.13433186 49.20534612),Marpole,20,Clientele,Families
276,206,,705 Jackson Ave,Completed,1965,BC Housing,https://app.vancouver.ca/NonMarketHousing_NET/ProjectDetails.aspx?IndexNum=206,POINT (-123.09530078 49.27849526),Strathcona,38,Clientele,Families
279,217,,6100 Inverness St,Completed,1969,BC Housing,https://app.vancouver.ca/NonMarketHousing_NET/ProjectDetails.aspx?IndexNum=217,POINT (-123.07858498 49.22835508),Sunset,88,Clientele,Families
280,220,,1483 Lamey's Mill Rd,Completed,1985,Creekview Co-op Housing Association,https://app.vancouver.ca/NonMarketHousing_NET/ProjectDetails.aspx?IndexNum=220,POINT (-123.1370449 49.26932061),Fairview,65,Clientele,Families
282,224,,1189 Main St,Completed,1992,Affordable Housing Societies,https://app.vancouver.ca/NonMarketHousing_NET/ProjectDetails.aspx?IndexNum=224,POINT (-123.10049338 49.27408446),Downtown,34,Clientele,Families
283,225,,1129 Main St,Completed,1992,Affordable Housing Societies,https://app.vancouver.ca/NonMarketHousing_NET/ProjectDetails.aspx?IndexNum=225,POINT (-123.10047839 49.27455606),Downtown,22,Clientele,Families
284,228,,2680 Blanche St,Completed,1992,Red Door Housing Society,https://app.vancouver.ca/NonMarketHousing_NET/ProjectDetails.aspx?IndexNum=228,POINT (-123.05288401 49.20659423),Killarney,43,Clientele,Families
287,236,,3410 McIntyre Dr,Completed,1984,Arlington Grove Co-op Housing Association,https://app.vancouver.ca/NonMarketHousing_NET/ProjectDetails.aspx?IndexNum=236,POINT (-123.0314457 49.21961153),Killarney,58,Clientele,Families
290,240,,711 Millyard,Completed,1977,False Creek Co-op Housing Association,https://app.vancouver.ca/NonMarketHousing_NET/ProjectDetails.aspx?IndexNum=240,POINT (-123.12174954 49.26694875),Fairview,66,Clientele,Families
291,241,,16 Nanaimo St,Completed,1987,Affordable Housing Societies,https://app.vancouver.ca/NonMarketHousing_NET/ProjectDetails.aspx?IndexNum=241,POINT (-123.05609131 49.28423783),Hastings-Sunrise,27,Clientele,Families
292,242,,76 N Nanaimo St,Completed,1987,Affordable Housing Societies,https://app.vancouver.ca/NonMarketHousing_NET/ProjectDetails.aspx?IndexNum=242,POINT (-123.0560918 49.28535684),Hastings-Sunrise,20,Clientele,Families
295,248,,1763 Nelson St,Completed,1983,Sojourn Co-op Housing Association,https://app.vancouver.ca/NonMarketHousing_NET/ProjectDetails.aspx?IndexNum=248,POINT (-123.1377026 49.28912892),West End,18,Clientele,Families
296,249,,2929 Nootka St,Completed,1979,Metro Vancouver Housing Corporation,https://app.vancouver.ca/NonMarketHousing_NET/ProjectDetails.aspx?IndexNum=249,POINT (-123.04263316 49.25744846),Renfrew-Collingwood,22,Clientele,Families
297,251,,1110 Odlum Dr,Completed,1983,Tidal Flats Co-op Housing Association,https://app.vancouver.ca/NonMarketHousing_NET/ProjectDetails.aspx?IndexNum=251,POINT (-123.07546996 49.27463356),Grandview-Woodland,18,Clientele,Families
298,253,,128 N Nanaimo St,Completed,1992,Kiwassa Housing Society,https://app.vancouver.ca/NonMarketHousing_NET/ProjectDetails.aspx?IndexNum=253,POINT (-123.0558684 49.28599067),Hastings-Sunrise,22,Clientele,Families
299,257,,350 E Pender St,Completed,1982,Mau Dan Gardens Co-op Housing Association,https://app.vancouver.ca/NonMarketHousing_NET/ProjectDetails.aspx?IndexNum=257,POINT (-123.0957684 49.27984549),Strathcona,27,Clientele,Families
301,259,,853 E Pender St,Completed,1982,Rose Garden Co-op Housing Association,https://app.vancouver.ca/NonMarketHousing_NET/ProjectDetails.aspx?IndexNum=259,POINT (-123.0858665 49.28037655),Strathcona,5,Clientele,Families
303,279,,1725 E Pender St,Completed,1994,BC Indigenous Housing Society,https://app.vancouver.ca/NonMarketHousing_NET/ProjectDetails.aspx?IndexNum=279,POINT (-123.06970069 49.28053613),Grandview-Woodland,31,Clientele,Families
304,283,,7349 Rebekah Dr,Completed,1984,Affordable Housing Societies,https://app.vancouver.ca/NonMarketHousing_NET/ProjectDetails.aspx?IndexNum=283,POINT (-123.03881384 49.2177027),Killarney,60,Clientele,Families
306,292,,100 Semlin Dr,Completed,1977,Metro Vancouver Housing Corporation,https://app.vancouver.ca/NonMarketHousing_NET/ProjectDetails.aspx?IndexNum=292,POINT (-123.06334994 49.28365654),Grandview-Woodland,12,Clientele,Families
307,296,,1873 Spyglass Place,Completed,1984,Metro Vancouver Housing Corporation,https://app.vancouver.ca/NonMarketHousing_NET/ProjectDetails.aspx?IndexNum=296,POINT (-123.11579149 49.26864189),Fairview,76,Clientele,Families
308,299,,225 N Templeton Dr,Completed,1984,Lu'Ma Native Housing Society,https://app.vancouver.ca/NonMarketHousing_NET/ProjectDetails.aspx?IndexNum=299,POINT (-123.0600295 49.28712107),Grandview-Woodland,15,Clientele,Families
309,305,,730 Union St,Completed,1975,Strathcona Co-op Housing Association,https://app.vancouver.ca/NonMarketHousing_NET/ProjectDetails.aspx?IndexNum=305,POINT (-123.08921553 49.27720434),Strathcona,7,Clientele,Families
312,323,,238 Davie St,Completed,1993,Brightside Community Homes Foundation,https://app.vancouver.ca/NonMarketHousing_NET/ProjectDetails.aspx?IndexNum=323,POINT (-123.12370772 49.27375636),Downtown,12,Clientele,Families
314,338,,2260 W 10th Ave,Completed,1999,Arbutus Co-op Housing Association,https://app.vancouver.ca/NonMarketHousing_NET/ProjectDetails.aspx?IndexNum=338,POINT (-123.15663359 49.26266126),Kitsilano,29,Clientele,Families
315,345,,671 W 8th Ave,Completed,1998,Affordable Housing Societies,https://app.vancouver.ca/NonMarketHousing_NET/ProjectDetails.aspx?IndexNum=345,POINT (-123.11938593 49.26443301),Fairview,26,Clientele,Families
316,348,,2588 Nanaimo St,Completed,1998,Brightside Community Homes Foundation,https://app.vancouver.ca/NonMarketHousing_NET/ProjectDetails.aspx?IndexNum=348,POINT (-123.0561524 49.26134544),Renfrew-Collingwood,30,Clientele,Families
320,359,,837 E 52nd Ave,Completed,1996,New Chelsea Society,https://app.vancouver.ca/NonMarketHousing_NET/ProjectDetails.aspx?IndexNum=359,POINT (-123.08708207 49.22289499),Sunset,55,Clientele,Families
321,364,,1640 Graveley St,Completed,1998,Lu'Ma Native Housing Society,https://app.vancouver.ca/NonMarketHousing_NET/ProjectDetails.aspx?IndexNum=364,POINT (-123.07051679 49.27026481),Grandview-Woodland,17,Clientele,Families
327,380,,201 Alvin Narod Mews,Completed,2001,Affordable Housing Societies,https://app.vancouver.ca/NonMarketHousing_NET/ProjectDetails.aspx?IndexNum=380,POINT (-123.12004247 49.27489914),Downtown,59,Clientele,Families
329,394,,188 Milross Ave,Completed,2002,City Gate Co-op Hsg Asoc.,https://app.vancouver.ca/NonMarketHousing_NET/ProjectDetails.aspx?IndexNum=394,POINT (-123.10039806 49.27563582),Downtown,92,Clientele,Families
330,400,,1254 E 8th Ave,Completed,2004,Lu'Ma Native Housing Society,https://app.vancouver.ca/NonMarketHousing_NET/ProjectDetails.aspx?IndexNum=400,POINT (-123.07803227 49.2630781),Mount Pleasant,16,Clientele,Families
331,402,,2034 E Pender St,Completed,1981,Vancouver East Co-op Housing Association,https://app.vancouver.ca/NonMarketHousing_NET/ProjectDetails.aspx?IndexNum=402,POINT (-123.06279932 49.27992564),Grandview-Woodland,4,Clientele,Families
333,411,,761 Prior St,Completed,1986,Affordable Housing Societies,https://app.vancouver.ca/NonMarketHousing_NET/ProjectDetails.aspx?IndexNum=411,POINT (-123.0883026 49.27681412),Strathcona,2,Clientele,Families
334,417,,1122 Comox St,Completed,2001,Mole Hill Community Housing Society,https://app.vancouver.ca/NonMarketHousing_NET/ProjectDetails.aspx?IndexNum=417,POINT (-123.12999955 49.28201171),West End,2,Clientele,Families
335,420,,1146 Comox St,Completed,2001,Mole Hill Community Housing Society,https://app.vancouver.ca/NonMarketHousing_NET/ProjectDetails.aspx?IndexNum=420,POINT (-123.13049068 49.28232982),West End,1,Clientele,Families
336,422,,1137 Pendrell St,Completed,2002,Mole Hill Community Housing Society,https://app.vancouver.ca/NonMarketHousing_NET/ProjectDetails.aspx?IndexNum=422,POINT (-123.1306738 49.28181043),West End,1,Clientele,Families
337,424,,1154 Comox St,Completed,2003,Mole Hill Community Housing Society,https://app.vancouver.ca/NonMarketHousing_NET/ProjectDetails.aspx?IndexNum=424,POINT (-123.13068653 49.2824566),West End,6,Clientele,Families
338,425,,1160 Comox St,Completed,2003,Mole Hill Community Housing Society,https://app.vancouver.ca/NonMarketHousing_NET/ProjectDetails.aspx?IndexNum=425,POINT (-123.1307847 49.2825202),West End,1,Clientele,Families
339,426,,1164 Comox St,Completed,2002,Mole Hill Community Housing Society,https://app.vancouver.ca/NonMarketHousing_NET/ProjectDetails.aspx?IndexNum=426,POINT (-123.13093281 49.28261614),West End,1,Clientele,Families
340,427,,1170 Comox St,Completed,2003,Mole Hill Community Housing Society,https://app.vancouver.ca/NonMarketHousing_NET/ProjectDetails.aspx?IndexNum=427,POINT (-123.13108016 49.2827116),West End,1,Clientele,Families
341,434,,1157 Pendrell St,Completed,2003,Mole Hill Community Housing Society,https://app.vancouver.ca/NonMarketHousing_NET/ProjectDetails.aspx?IndexNum=434,POINT (-123.1311698 49.28213766),West End,1,Clientele,Families
343,478,,200 Semlin Dr,Completed,1977,Metro Vancouver Housing Corporation,https://app.vancouver.ca/NonMarketHousing_NET/ProjectDetails.aspx?IndexNum=478,POINT (-123.06336388 49.2827525),Grandview-Woodland,12,Clientele,Families
346,492,,2864 E 5th Ave,Completed,1983,Access Co-op Housing Association,https://app.vancouver.ca/NonMarketHousing_NET/ProjectDetails.aspx?IndexNum=492,POINT (-123.04557776 49.26540171),Hastings-Sunrise,7,Clientele,Families
350,533,,8475 Duff St,Completed,1985,Affordable Housing Societies,https://app.vancouver.ca/NonMarketHousing_NET/ProjectDetails.aspx?IndexNum=533,POINT (-123.06481634 49.20776282),Victoria-Fraserview,19,Clientele,Families
352,634,,2980 Nanaimo,Completed,2012,Lu'Ma Native Housing Society,https://app.vancouver.ca/NonMarketHousing_NET/ProjectDetails.aspx?IndexNum=634,POINT (-123.05614045 49.25719768),Renfrew-Collingwood,18,Clientele,Families
353,647,,80 Walter Hardwick Ave.,Completed,2010,S.U.C.C.E.S.S.,https://app.vancouver.ca/NonMarketHousing_NET/ProjectDetails.aspx?IndexNum=647,POINT (-123.1057161 49.27075307),Mount Pleasant,6,Clientele,Families
354,648,,122 Walter Hardwick Ave.,Completed,2010,S.U.C.C.E.S.S.,https://app.vancouver.ca/NonMarketHousing_NET/ProjectDetails.aspx?IndexNum=648,POINT (-123.10760298 49.27078693),Mount Pleasant,42,Clientele,Families
355,649,,151 W. 1st Ave.,Completed,2010,Co-operative Housing Federation of BC,https://app.vancouver.ca/NonMarketHousing_NET/ProjectDetails.aspx?IndexNum=649,POINT (-123.10861889 49.27064319),Mount Pleasant,77,Clientele,Families
364,727,,333 E Pender St,Completed,2021,S.U.C.C.E.S.S.,https://app.vancouver.ca/NonMarketHousing_NET/ProjectDetails.aspx?IndexNum=727,POINT (-123.09633964 49.28058017),Strathcona,62,Clientele,Families
368,791,,1495 W 8th Ave,Completed,2021,Vancouver Masonic Centre,https://app.vancouver.ca/NonMarketHousing_NET/ProjectDetails.aspx?IndexNum=791,POINT (-123.13751409 49.26497349),Fairview,39,Clientele,Families
370,798,,5688 Ash St,Completed,2019,Oakridge Lutheran Church Housing Society,https://app.vancouver.ca/NonMarketHousing_NET/ProjectDetails.aspx?IndexNum=798,POINT (-123.11760049 49.23385582),South Cambie,16,Clientele,Families
371,800,,500-650 W 57th Ave,Approved,,,,POINT (-123.11780837 49.21835764),Marpole,90,Clientele,Families
372,802,,124 Dunlevy Ave,Completed,2021,City of Vancouver,https://app.vancouver.ca/NonMarketHousing_NET/ProjectDetails.aspx?IndexNum=802,POINT (-123.0948261 49.28373962),Strathcona,19,Clientele,Families
373,811,,401 Jackson Ave,Under Construction,,Aboriginal Land Trust Society,https://app.vancouver.ca/NonMarketHousing_NET/ProjectDetails.aspx?IndexNum=811,,Unknown,27,Clientele,Families
374,814,,177 W Pender St,Under Construction,,Community Land Trust Foundation of BC,,POINT (-123.10920892 49.28166995),Downtown,7,Clientele,Families
375,815,,75 SW Marine Dr,Completed,2022,New Chelsea Society,https://app.vancouver.ca/NonMarketHousing_NET/ProjectDetails.aspx?IndexNum=815,POINT (-123.10773385 49.21271041),Marpole,25,Clientele,Families
377,831,,650 W 41st Ave,Under Construction,,Sanford Housing Society,,,Unknown,75,Clientele,Families
379,849,,625-777 Pacific St,Approved,,More Than A Roof Housing Society,,POINT (-123.12818293 49.27489867),Downtown,97,Clientele,Families
380,852,,1190 Burrard St,Under Construction,,McLaren Housing Society of BC,,,Unknown,48,Clientele,Families
382,857,,5250 Ash St,Approved,,,,POINT (-123.1173014 49.2376526),South Cambie,39,Clientele,Families
383,859,,3279 - 3297 Vanness Ave,Under Construction,,,,,Unknown,37,Clientele,Families
384,862,,3819 Boundary Rd,Completed,2021,Lu'Ma Native Housing Society,https://app.vancouver.ca/NonMarketHousing_NET/ProjectDetails.aspx?IndexNum=862,POINT (-123.02424893 49.25040035),Renfrew-Collingwood,6,Clientele,Families
385,866,,3625 Sawmill Crescent,Completed,2021,Catalyst Community Developments Society,https://app.vancouver.ca/NonMarketHousing_NET/ProjectDetails.aspx?IndexNum=866,POINT (-123.02444018 49.20668835),Killarney,83,Clientele,Families
386,869,,1102 - 1138 E Georgia St,Completed,2024,Anhart Community Housing Society,https://app.vancouver.ca/NonMarketHousing_NET/ProjectDetails.aspx?IndexNum=869,POINT (-123.08077596 49.27797526),Strathcona,5,Clientele,Families
388,883,,1001 Kingsway,Proposed,,,,POINT (-123.08348134 49.25412044),Kensington-Cedar Cottage,14,Clientele,Families
389,889,,1885 E Pender St,Proposed,,,,POINT (-123.06602928 49.28048558),Grandview-Woodland,28,Clientele,Families
390,890,,4949-5255 Heather St & 657 W 37th Ave,Approved,,,,POINT (-123.12185811 49.24025538),South Cambie,270,Clientele,Families
391,891,,546 W 13th Ave,Under Construction,,Soroptimist Club of Vancouver,,,Unknown,47,Clientele,Families
392,894,,2929 Commercial Dr,Approved,,,,POINT (-123.07023083 49.25839773),Kensington-Cedar Cottage,6,Clientele,Families
393,896,,1317 Richard St & 508 Drake St,Under Construction,,,,POINT (-123.12635099 49.27484364),Downtown,20,Clientele,Families
394,898,,2924 Venables St,Under Construction,,Brightside Community Homes Foundation,https://app.vancouver.ca/NonMarketHousing_NET/ProjectDetails.aspx?IndexNum=898,,Unknown,22,Clientele,Families
395,901,,4902 James St,Under Construction,,BC Housing,https://app.vancouver.ca/NonMarketHousing_NET/ProjectDetails.aspx?IndexNum=901,,Unknown,69,Clientele,Families
398,920,,1210 Seymour St,Under Construction,,,https://app.vancouver.ca/NonMarketHousing_NET/ProjectDetails.aspx?IndexNum=920,POINT (-123.125212 49.27614383),Downtown,22,Clientele,Families
399,935,,949 W 41st Ave and 5469-5507 Willow St,Approved,,,,POINT (-123.12472797 49.23414343),South Cambie,165,Clientele,Families
400,937,,1810 Alberni St / 1818 Alberni,Under Construction,,,https://app.vancouver.ca/NonMarketHousing_NET/ProjectDetails.aspx?IndexNum=937,,Unknown,10,Clientele,Families
402,945,,774 W 13th Ave,Approved,,Metro Vancouver Housing Corporation,,,Unknown,99,Clientele,Families
403,947,,52-92 E Hastings St,Under Construction,,Lu'Ma Native Housing Society,,POINT (-123.10272097 49.28108972),Downtown,28,Clientele,Families
407,971,,1111 Broughton St,Proposed,,,,POINT (-123.13509264 49.28476615),West End,52,Clientele,Families
408,984,,388 Slocan,Completed,2024,YWCA Vancouver,https://app.vancouver.ca/NonMarketHousing_NET/ProjectDetails.aspx?IndexNum=984,POINT (-123.04884634 49.28142299),Hastings-Sunrise,26,Clientele,Families
409,988,,8559 Jack Uppal St,Completed,2025,Sawmill Co-op,https://app.vancouver.ca/NonMarketHousing_NET/ProjectDetails.aspx?IndexNum=988,POINT (-123.03388168 49.20633158),Killarney,23,Clientele,Families
413,12,,3859 W 2nd Ave,Completed,1980,Metro Vancouver Housing Corporation,https://app.vancouver.ca/NonMarketHousing_NET/ProjectDetails.aspx?IndexNum=12,POINT (-123.19038711 49.27045566),West Point Grey,37,Clientele,Families
415,17,,1534 E 4th Ave,Completed,1988,Entre Nous Femmes Housing Society,https://app.vancouver.ca/NonMarketHousing_NET/ProjectDetails.aspx?IndexNum=17,POINT (-123.07288057 49.266645),Grandview-Woodland,21,Clientele,Families
417,27,,5709 Wales St,Completed,1994,Brightside Community Homes Foundation,https://app.vancouver.ca/NonMarketHousing_NET/ProjectDetails.aspx?IndexNum=27,POINT (-123.05213397 49.23246527),Victoria-Fraserview,17,Clientele,Families
418,28,,2017 W 5th Ave,Completed,1984,Juniper Co-op Housing Association,https://app.vancouver.ca/NonMarketHousing_NET/ProjectDetails.aspx?IndexNum=28,POINT (-123.15092794 49.26749853),Kitsilano,6,Clientele,Families
421,37,,730 W 6th Ave,Completed,1992,Stan Stronge Noble House Co-op Housing Association,https://app.vancouver.ca/NonMarketHousing_NET/ProjectDetails.aspx?IndexNum=37,POINT (-123.12056203 49.26564344),Fairview,10,Clientele,Families
422,41,,775 E 7th Ave,Completed,1984,Jasmine Place Co-op Housing Association,https://app.vancouver.ca/NonMarketHousing_NET/ProjectDetails.aspx?IndexNum=41,POINT (-123.08761087 49.2645604),Mount Pleasant,20,Clientele,Families
425,52,,1330 E 8th Ave,Completed,1985,BC Indigenous Housing Society,https://app.vancouver.ca/NonMarketHousing_NET/ProjectDetails.aspx?IndexNum=52,POINT (-123.07666847 49.263058),Grandview-Woodland,28,Clientele,Families
426,55,,2053 W 8th Ave,Completed,1986,Maple Creek Co-op Housing Association,https://app.vancouver.ca/NonMarketHousing_NET/ProjectDetails.aspx?IndexNum=55,POINT (-123.15173449 49.26495895),Kitsilano,24,Clientele,Families
429,65,,1823 E 11th Ave,Completed,1990,Victoria Gardens Co-op Housing Assoc,https://app.vancouver.ca/NonMarketHousing_NET/ProjectDetails.aspx?IndexNum=65,POINT (-123.06745152 49.26070528),Kensington-Cedar Cottage,24,Clientele,Families
430,68,,2075 E 12th Ave,Completed,1983,Lakewood Terrace Co-op Housing Assoc,https://app.vancouver.ca/NonMarketHousing_NET/ProjectDetails.aspx?IndexNum=68,POINT (-123.06277581 49.25992897),Kensington-Cedar Cottage,36,Clientele,Families
431,72,,2204 W 13th Ave,Completed,1982,Yew Street Co-op Housing Association,https://app.vancouver.ca/NonMarketHousing_NET/ProjectDetails.aspx?IndexNum=72,POINT (-123.16658529 49.26018775),Kitsilano,6,Clientele,Families
432,77,,859 W 16th Ave,Completed,1988,Societe d'Habitation La Verendrye,https://app.vancouver.ca/NonMarketHousing_NET/ProjectDetails.aspx?IndexNum=77,POINT (-123.12320747 49.25730073),Fairview,19,Clientele,Families
435,85,,404 E 43rd Ave,Completed,1986,Crossroads Co-op Housing Association,https://app.vancouver.ca/NonMarketHousing_NET/ProjectDetails.aspx?IndexNum=85,POINT (-123.09676819 49.23083693),Sunset,20,Clientele,Families
436,92,,1516 W 71st Ave,Completed,1988,Rishon Co-op Housing Association,https://app.vancouver.ca/NonMarketHousing_NET/ProjectDetails.aspx?IndexNum=92,POINT (-123.14150123 49.20682197),Marpole,12,Clientele,Families
437,93,,1599 W 71st Ave,Completed,1984,Marine Court Co-op Housing Association,https://app.vancouver.ca/NonMarketHousing_NET/ProjectDetails.aspx?IndexNum=93,POINT (-123.14347965 49.20760295),Marpole,46,Clientele,Families
439,97,,3501 Naples Way,Completed,1982,Metro Vancouver Housing Corporation,https://app.vancouver.ca/NonMarketHousing_NET/ProjectDetails.aspx?IndexNum=97,POINT (-123.02876322 49.20853311),Killarney,151,Clientele,Families
441,102,,638 Alexander St,Completed,1985,Alexander Street Co-operative Housing Association,https://app.vancouver.ca/NonMarketHousing_NET/ProjectDetails.aspx?IndexNum=102,POINT (-123.09046001 49.28366031),Strathcona,5,Clientele,Families
443,113,,3401 E 43rd Ave,Completed,1986,Pacific Park Place Co-op Housing Association,https://app.vancouver.ca/NonMarketHousing_NET/ProjectDetails.aspx?IndexNum=113,POINT (-123.03003447 49.23126023),Killarney,31,Clientele,Families
445,119,,2616 W Broadway,Completed,1984,Kitsilano Terrace Co-op Housing Association,https://app.vancouver.ca/NonMarketHousing_NET/ProjectDetails.aspx?IndexNum=119,POINT (-123.16523828 49.26376668),Kitsilano,12,Clientele,Families
448,127,,3637 Cambie St,Completed,1982,Eight Oaks Co-op Housing Association,https://app.vancouver.ca/NonMarketHousing_NET/ProjectDetails.aspx?IndexNum=127,POINT (-123.11584604 49.25295523),South Cambie,31,Clientele,Families
449,131,,950 Cassiar St,Completed,1978,Adanac Village Co-op Housing Association,https://app.vancouver.ca/NonMarketHousing_NET/ProjectDetails.aspx?IndexNum=131,POINT (-123.02811463 49.2763955),Hastings-Sunrise,138,Clientele,Families
450,135,,1555 Charles St,Completed,1987,Charles Square Co-op Housing Association,https://app.vancouver.ca/NonMarketHousing_NET/ProjectDetails.aspx?IndexNum=135,POINT (-123.07198632 49.27333302),Grandview-Woodland,18,Clientele,Families
452,138,,527 Commodore Rd,Completed,1984,Connaught Co-op Housing Association,https://app.vancouver.ca/NonMarketHousing_NET/ProjectDetails.aspx?IndexNum=138,POINT (-123.11596251 49.26801477),Fairview,66,Clientele,Families
455,152,,8001 Curate Wynd,Completed,1983,Kinross Creek Co-op Housing Association,https://app.vancouver.ca/NonMarketHousing_NET/ProjectDetails.aspx?IndexNum=152,POINT (-123.02878208 49.21247171),Killarney,60,Clientele,Families
456,153,,2425 Cypress St,Completed,1976,BC Housing,https://app.vancouver.ca/NonMarketHousing_NET/ProjectDetails.aspx?IndexNum=153,POINT (-123.14845684 49.26444467),Kitsilano,30,Clientele,Families
457,162,,3274 Findlay St,Completed,1988,Trout Lake Co-op Housing Association,https://app.vancouver.ca/NonMarketHousing_NET/ProjectDetails.aspx?IndexNum=162,POINT (-123.06738984 49.25527408),Kensington-Cedar Cottage,30,Clientele,Families
458,166,,2250 Fraser St,Completed,1984,Emma G. Co-op Housing Association,https://app.vancouver.ca/NonMarketHousing_NET/ProjectDetails.aspx?IndexNum=166,POINT (-123.08876201 49.26456896),Mount Pleasant,13,Clientele,Families
460,169,,1529 W 71st Ave,Completed,1985,David Wetherow Co-op Housing Association,https://app.vancouver.ca/NonMarketHousing_NET/ProjectDetails.aspx?IndexNum=169,POINT (-123.14167259 49.20734942),Marpole,25,Clientele,Families
461,170,,1750 E Georgia St,Completed,1985,Lu'Ma Native Housing Society,https://app.vancouver.ca/NonMarketHousing_NET/ProjectDetails.aspx?IndexNum=170,POINT (-123.06934118 49.27818934),Grandview-Woodland,21,Clientele,Families
462,173,,8450 Portside Dr,Completed,1988,Riverside Landing Co-op Housing Association,https://app.vancouver.ca/NonMarketHousing_NET/ProjectDetails.aspx?IndexNum=173,POINT (-123.06053178 49.2067025),Victoria-Fraserview,51,Clientele,Families
464,179,,1750 Grant St,Completed,1981,Vancouver East Co-op Housing Association,https://app.vancouver.ca/NonMarketHousing_NET/ProjectDetails.aspx?IndexNum=179,POINT (-123.06848813 49.27102079),Grandview-Woodland,6,Clientele,Families
466,187,,3608 SE Marine Dr,Completed,1993,City Edge Co-op Housing Association,https://app.vancouver.ca/NonMarketHousing_NET/ProjectDetails.aspx?IndexNum=187,POINT (-123.02479866 49.20740193),Killarney,70,Clientele,Families
468,194,,2518 E Hastings St,Completed,1992,Entre Nous Femmes Housing Society,https://app.vancouver.ca/NonMarketHousing_NET/ProjectDetails.aspx?IndexNum=194,POINT (-123.05409967 49.28088658),Hastings-Sunrise,16,Clientele,Families
469,195,,3080 Heather St,Completed,1986,Societe d'Habitation La Verendrye,https://app.vancouver.ca/NonMarketHousing_NET/ProjectDetails.aspx?IndexNum=195,POINT (-123.11942972 49.2576848),Fairview,22,Clientele,Families
472,204,,4210 Kamloops St,Completed,1990,New Chelsea Society,https://app.vancouver.ca/NonMarketHousing_NET/ProjectDetails.aspx?IndexNum=204,POINT (-123.0536508 49.24692571),Renfrew-Collingwood,29,Clientele,Families
474,207,,5075 Boundary Rd,Completed,1993,Lu'Ma Native Housing Society,https://app.vancouver.ca/NonMarketHousing_NET/ProjectDetails.aspx?IndexNum=207,POINT (-123.02402887 49.23848485),Renfrew-Collingwood,14,Clientele,Families
477,212,,2898 Kingsway,Completed,1987,Dundee Court Co-op Housing Association,https://app.vancouver.ca/NonMarketHousing_NET/ProjectDetails.aspx?IndexNum=212,POINT (-123.04678992 49.23580848),Renfrew-Collingwood,69,Clientele,Families
478,213,,3090 Kingsway,Completed,1987,Synala Co-op Housing Association,https://app.vancouver.ca/NonMarketHousing_NET/ProjectDetails.aspx?IndexNum=213,POINT (-123.04054032 49.23510381),Renfrew-Collingwood,36,Clientele,Families
480,216,,1475 Kitchener St,Completed,1982,Lu'Ma Native Housing Society,https://app.vancouver.ca/NonMarketHousing_NET/ProjectDetails.aspx?IndexNum=216,POINT (-123.07429154 49.27241953),Grandview-Woodland,15,Clientele,Families
481,218,,1399 Fountain Way,Completed,1980,Wellington Society,https://app.vancouver.ca/NonMarketHousing_NET/ProjectDetails.aspx?IndexNum=218,POINT (-123.13509226 49.26804963),Fairview,41,Clientele,Families
483,227,,2424 Maple St,Completed,1984,Phoenix Court Co-op Housing Association,https://app.vancouver.ca/NonMarketHousing_NET/ProjectDetails.aspx?IndexNum=227,POINT (-123.15003674 49.26442777),Kitsilano,20,Clientele,Families
484,232,,8695 SW Marine Dr,Completed,1986,Marpole Terrace Co-op Housing Association,https://app.vancouver.ca/NonMarketHousing_NET/ProjectDetails.aspx?IndexNum=232,POINT (-123.14269428 49.20753063),Marpole,33,Clientele,Families
485,238,,1501 Woodland Dr,Completed,1969,BC Housing,https://app.vancouver.ca/NonMarketHousing_NET/ProjectDetails.aspx?IndexNum=238,POINT (-123.07443151 49.27099676),Grandview-Woodland,54,Clientele,Families
486,246,,1455 Napier St,Completed,1980,Grandview Co-op Housing Association,https://app.vancouver.ca/NonMarketHousing_NET/ProjectDetails.aspx?IndexNum=246,POINT (-123.07485783 49.27517909),Grandview-Woodland,12,Clientele,Families
487,250,,7601 Bywell Crt,Completed,1979,Metro Vancouver Housing Corporation,https://app.vancouver.ca/NonMarketHousing_NET/ProjectDetails.aspx?IndexNum=250,POINT (-123.02658047 49.21503813),Killarney,105,Clientele,Families
492,263,,1763 E Pender St,Completed,1985,Leveller's Co-op Housing Association,https://app.vancouver.ca/NonMarketHousing_NET/ProjectDetails.aspx?IndexNum=263,POINT (-123.06880418 49.28051041),Grandview-Woodland,28,Clientele,Families
493,264,,1823 E Pender St,Completed,1989,BC Indigenous Housing Society,https://app.vancouver.ca/NonMarketHousing_NET/ProjectDetails.aspx?IndexNum=264,POINT (-123.0673884 49.28050551),Grandview-Woodland,30,Clientele,Families
502,287,,5250 Rupert St,Completed,1987,Alberni Co-op Housing Association,https://app.vancouver.ca/NonMarketHousing_NET/ProjectDetails.aspx?IndexNum=287,POINT (-123.04097739 49.2365991),Renfrew-Collingwood,35,Clientele,Families
504,310,,2431 Vine St,Completed,1979,Kiwassa Housing Society,https://app.vancouver.ca/NonMarketHousing_NET/ProjectDetails.aspx?IndexNum=310,POINT (-123.15791342 49.26419383),Kitsilano,16,Clientele,Families
505,311,,2080 Wall St,Completed,1969,BC Housing,https://app.vancouver.ca/NonMarketHousing_NET/ProjectDetails.aspx?IndexNum=311,POINT (-123.06138018 49.28617719),Grandview-Woodland,39,Clientele,Families
507,324,,3691 Vanness Ave,Completed,1996,New Chelsea Society,https://app.vancouver.ca/NonMarketHousing_NET/ProjectDetails.aspx?IndexNum=324,POINT (-123.02406143 49.23533146),Renfrew-Collingwood,29,Clientele,Families
511,336,,1267 Marinaside Cres,Completed,1998,Roundhouse Co-op Housing Association,https://app.vancouver.ca/NonMarketHousing_NET/ProjectDetails.aspx?IndexNum=336,POINT (-123.12091871 49.27286767),Downtown,123,Clientele,Families
512,339,,2938 Laurel St,Completed,1999,St. George's Place Housing Society,https://app.vancouver.ca/NonMarketHousing_NET/ProjectDetails.aspx?IndexNum=339,POINT (-123.12400793 49.25893455),Fairview,10,Clientele,Families
516,347,,599 Nicola St,Completed,1998,Coal Harbour Co-op Housing Association,https://app.vancouver.ca/NonMarketHousing_NET/ProjectDetails.aspx?IndexNum=347,POINT (-123.12895356 49.29092964),Downtown,87,Clientele,Families
521,375,,1041 Comox St,Completed,1998,Wings Housing Society,https://app.vancouver.ca/NonMarketHousing_NET/ProjectDetails.aspx?IndexNum=375,POINT (-123.12781211 49.28133297),West End,3,Clientele,Families
522,378,,3278 Vanness  Ave,Completed,2000,Affordable Housing Societies,https://app.vancouver.ca/NonMarketHousing_NET/ProjectDetails.aspx?IndexNum=378,POINT (-123.03529409 49.23940019),Renfrew-Collingwood,21,Clientele,Families
527,392,,1114 Comox St,Completed,2001,Mole Hill Community Housing Society,https://app.vancouver.ca/NonMarketHousing_NET/ProjectDetails.aspx?IndexNum=392,POINT (-123.12980301 49.28188437),West End,1,Clientele,Families
528,393,,1288 W Cordova St,Completed,2002,Affordable Housing Societies,https://app.vancouver.ca/NonMarketHousing_NET/ProjectDetails.aspx?IndexNum=393,POINT (-123.12376394 49.28954846),Downtown,113,Clientele,Families
529,395,,3501 Euclid Ave,Completed,2001,Collingwood Village Co-op Housing Association,https://app.vancouver.ca/NonMarketHousing_NET/ProjectDetails.aspx?IndexNum=395,POINT (-123.02973841 49.23530774),Renfrew-Collingwood,72,Clientele,Families
531,406,,1857 Venables St,Completed,1980,Vancouver East Co-op Housing Association,https://app.vancouver.ca/NonMarketHousing_NET/ProjectDetails.aspx?IndexNum=406,POINT (-123.06689398 49.2768758),Grandview-Woodland,3,Clientele,Families
532,407,,1142 E Georgia St,Completed,1986,Affordable Housing Societies,https://app.vancouver.ca/NonMarketHousing_NET/ProjectDetails.aspx?IndexNum=407,POINT (-123.08018512 49.27796867),Strathcona,2,Clientele,Families
533,409,,1020 E Pender St,Completed,1986,Affordable Housing Societies,https://app.vancouver.ca/NonMarketHousing_NET/ProjectDetails.aspx?IndexNum=409,POINT (-123.08186724 49.27980047),Strathcona,2,Clientele,Families
534,415,,2286 W 5th Ave,Completed,1984,Juniper Co-op Housing Association,https://app.vancouver.ca/NonMarketHousing_NET/ProjectDetails.aspx?IndexNum=415,POINT (-123.15710659 49.26707432),Kitsilano,6,Clientele,Families
535,418,,1136 Comox St,Completed,2002,Mole Hill Community Housing Society,https://app.vancouver.ca/NonMarketHousing_NET/ProjectDetails.aspx?IndexNum=418,POINT (-123.13029419 49.28220254),West End,2,Clientele,Families
536,419,,1140 Comox St,Completed,2001,Mole Hill Community Housing Society,https://app.vancouver.ca/NonMarketHousing_NET/ProjectDetails.aspx?IndexNum=419,POINT (-123.13039241 49.28226616),West End,2,Clientele,Families
537,421,,1127 Pendrell St,Completed,2002,Mole Hill Community Housing Society,https://app.vancouver.ca/NonMarketHousing_NET/ProjectDetails.aspx?IndexNum=421,POINT (-123.13048215 49.2816923),West End,1,Clientele,Families
538,428,,1110 Bute St,Completed,2003,Mole Hill Community Housing Society,https://app.vancouver.ca/NonMarketHousing_NET/ProjectDetails.aspx?IndexNum=428,POINT (-123.1316637 49.28264692),West End,2,Clientele,Families
539,429,,1122 Bute St,Completed,2003,Mole Hill Community Housing Society,https://app.vancouver.ca/NonMarketHousing_NET/ProjectDetails.aspx?IndexNum=429,POINT (-123.1318566 49.28251929),West End,1,Clientele,Families
542,435,,1147 Pendrell St,Completed,2003,Mole Hill Community Housing Society,https://app.vancouver.ca/NonMarketHousing_NET/ProjectDetails.aspx?IndexNum=435,POINT (-123.13048215 49.2816923),West End,1,Clientele,Families
543,436,,1145 Pendrell St,Completed,2003,Mole Hill Community Housing Society,https://app.vancouver.ca/NonMarketHousing_NET/ProjectDetails.aspx?IndexNum=436,POINT (-123.13102235 49.28204219),West End,4,Clientele,Families
544,437,,1103 Pendrell St,Completed,2003,Mole Hill Community Housing Society,https://app.vancouver.ca/NonMarketHousing_NET/ProjectDetails.aspx?IndexNum=437,POINT (-123.13017846 49.2814957),West End,1,Clientele,Families
545,439,,1113 Thurlow St,Completed,2003,Mole Hill Community Housing Society,https://app.vancouver.ca/NonMarketHousing_NET/ProjectDetails.aspx?IndexNum=439,POINT (-123.13008838 49.28137398),West End,2,Clientele,Families
546,453,,1129 Pendrell St,Completed,2002,Mole Hill Community Housing Society,https://app.vancouver.ca/NonMarketHousing_NET/ProjectDetails.aspx?IndexNum=453,POINT (-123.1306738 49.28181043),West End,2,Clientele,Families
549,462,,907 Lamey's Mill,Completed,1977,False Creek Co-op Housing Association,https://app.vancouver.ca/NonMarketHousing_NET/ProjectDetails.aspx?IndexNum=462,POINT (-123.12771481 49.26695534),Fairview,88,Clientele,Families
550,463,,401 Keefer St,Completed,1982,Mau Dan Gardens Co-op Housing Association,https://app.vancouver.ca/NonMarketHousing_NET/ProjectDetails.aspx?IndexNum=463,POINT (-123.09455401 49.27966571),Strathcona,38,Clientele,Families
553,477,,150 Semlin Dr,Completed,1977,Metro Vancouver Housing Corporation,https://app.vancouver.ca/NonMarketHousing_NET/ProjectDetails.aspx?IndexNum=477,POINT (-123.06295686 49.28326456),Grandview-Woodland,12,Clientele,Families
554,486,,1424 Comox St,Completed,1977,BC Housing,https://app.vancouver.ca/NonMarketHousing_NET/ProjectDetails.aspx?IndexNum=486,POINT (-123.13496572 49.28521426),West End,23,Clientele,Families
559,526,,230 Jackson Ave,Completed,2007,Jackson Ave Co-op Hsg Assoc,https://app.vancouver.ca/NonMarketHousing_NET/ProjectDetails.aspx?IndexNum=526,POINT (-123.09310787 49.28241323),Strathcona,4,Clientele,Families
565,594,,1249 Howe St,Completed,2013,McLaren Housing Society of BC,https://app.vancouver.ca/NonMarketHousing_NET/ProjectDetails.aspx?IndexNum=594,POINT (-123.12818713 49.27749639),Downtown,10,Clientele,Families
573,671,,525 Abbott St,Completed,2011,Atira Women’s Resource Society,https://app.vancouver.ca/NonMarketHousing_NET/ProjectDetails.aspx?IndexNum=671,POINT (-123.1081018 49.28083259),Downtown,12,Clientele,Families
585,721,,2035 Trafalgar St,Completed,1981,Trafalgar Co-op Housing Association,https://app.vancouver.ca/NonMarketHousing_NET/ProjectDetails.aspx?IndexNum=721,POINT (-123.16483491 49.26767786),Kitsilano,20,Clientele,Families
593,779,,2833 E KENT AVE N,Completed,2020,Fraserview Housing Co-operative,https://app.vancouver.ca/NonMarketHousing_NET/ProjectDetails.aspx?IndexNum=779,POINT (-123.04977348 49.20687475),Killarney,60,Clientele,Families
594,780,,2777 E KENT AVE N,Completed,2020,Tikva Housing Society,https://app.vancouver.ca/NonMarketHousing_NET/ProjectDetails.aspx?IndexNum=780,POINT (-123.04977348 49.20687475),Killarney,32,Clientele,Families
597,793,,1045 Nelson St,Completed,2024,TPM Real Estate Management Ltd,https://app.vancouver.ca/NonMarketHousing_NET/ProjectDetails.aspx?IndexNum=793,POINT (-123.12645824 49.28185115),West End,22,Clientele,Families
598,796,,187 E 3rd Ave,Completed,2021,221a Artist Housing Society,https://app.vancouver.ca/NonMarketHousing_NET/ProjectDetails.aspx?IndexNum=796,POINT (-123.10119647 49.26884149),Mount Pleasant,8,Clientele,Families
599,804,,2425 St. Catherines St,Completed,2021,Red Door Housing Society,https://app.vancouver.ca/NonMarketHousing_NET/ProjectDetails.aspx?IndexNum=804,POINT (-123.08566017 49.2631267),Mount Pleasant,31,Clientele,Families
600,806,,95 E 1st Ave,Completed,2018,Community Land Trust Foundation of BC,https://app.vancouver.ca/NonMarketHousing_NET/ProjectDetails.aspx?IndexNum=806,POINT (-123.10318172 49.27045793),Mount Pleasant,72,Clientele,Families
601,807,,3185 Riverwalk Ave,Completed,2021,S.U.C.C.E.S.S.,https://app.vancouver.ca/NonMarketHousing_NET/ProjectDetails.aspx?IndexNum=807,POINT (-123.03904061 49.20603626),Killarney,72,Clientele,Families
602,812,,2221 Main St,Completed,2021,Catalyst Community Developments Society,https://app.vancouver.ca/NonMarketHousing_NET/ProjectDetails.aspx?IndexNum=812,POINT (-123.10137992 49.2651573),Mount Pleasant,72,Clientele,Families
604,817,,1015 E Hastings St,Under Construction,,Community Land Trust Foundation of BC,,POINT (-123.08179571 49.28130782),Strathcona,49,Clientele,Families
607,821,,1766 Frances St,Under Construction,,,,POINT (-123.06892602 49.2790927),Grandview-Woodland,32,Clientele,Families
614,851,,2009-2037 Stainsbury Ave,Under Construction,,More Than a Roof Housing Society,,,Unknown,57,Clientele,Families
615,853,,305 Main St,Proposed,,Happy Harvest,,POINT (-123.10007981 49.28202383),Downtown,32,Clientele,Families
617,858,,418-496 Alexander St,Approved,,Atira Women’s Resource Society,,POINT (-123.09425793 49.28372966),Strathcona,79,Clientele,Families
618,865,,950 W 41st Ave,Approved,,,,POINT (-123.12599122 49.23344379),Oakridge,149,Clientele,Families
620,868,,601 Beach Crescent,Approved,,,,POINT (-123.12954822 49.27398575),Downtown,55,Clientele,Families
627,884,,282 W 49th Ave,Approved,,YWCA Vancouver,,POINT (-123.11234239 49.22533108),Oakridge,35,Clientele,Families
628,887,,1063-1075 Barclay St,Approved,,,,POINT (-123.12635834 49.28319893),West End,69,Clientele,Families
629,892,,622 SW Marine Dr,Under Construction,,YWCA Vancouver,,,Unknown,28,Clientele,Families
630,899,,349 E 6th Ave,Completed,2024,Brightside Community Homes Foundation,https://app.vancouver.ca/NonMarketHousing_NET/ProjectDetails.aspx?IndexNum=899,POINT (-123.09724906 49.2656987),Mount Pleasant,22,Clientele,Families
634,924,,2108-2408 Cassiar St,Approved,,,https://app.vancouver.ca/NonMarketHousing_NET/ProjectDetails.aspx?IndexNum=924,POINT (-123.03033314 49.26414502),Hastings-Sunrise,1146,Clientele,Families
635,926,,5505 Oak St,Proposed,,Affordable Housing Societies,,POINT (-123.12901006 49.23571799),Shaughnessy,63,Clientele,Families
637,934,,1710-1730 E Pender St,Approved,,Lu'Ma Native Housing Society,,POINT (-123.07002235 49.28001135),Grandview-Woodland,71,Clientele,Families
644,18,,1560 E 4th Ave,Completed,1989,BC Indigenous Housing Society,https://app.vancouver.ca/NonMarketHousing_NET/ProjectDetails.aspx?IndexNum=18,POINT (-123.0718679 49.2666326),Grandview-Woodland,10,Clientele,Seniors
650,42,,860 E 7th Ave,Completed,1987,BC Indigenous Housing Society,https://app.vancouver.ca/NonMarketHousing_NET/ProjectDetails.aspx?IndexNum=42,POINT (-123.08569338 49.26403654),Mount Pleasant,6,Clientele,Seniors
655,61,,375 W 10th Ave,Completed,1977,Lutheran Manor Society of Vancouver,https://app.vancouver.ca/NonMarketHousing_NET/ProjectDetails.aspx?IndexNum=61,POINT (-123.11246693 49.26246017),Mount Pleasant,49,Clientele,Seniors
660,91,,704 W 69th Ave,Completed,1990,Columbus Long Term Care Society,https://app.vancouver.ca/NonMarketHousing_NET/ProjectDetails.aspx?IndexNum=91,POINT (-123.12096057 49.20890443),Marpole,23,Clientele,Seniors
662,98,,6545 Alberta St,Completed,1978,South Vancouver Foundation,https://app.vancouver.ca/NonMarketHousing_NET/ProjectDetails.aspx?IndexNum=98,POINT (-123.11362118 49.22542244),Oakridge,100,Clientele,Seniors
664,105,,3111 Ash St,Completed,1975,St. Mary's Ukrainian Senior Citizens' Society,https://app.vancouver.ca/NonMarketHousing_NET/ProjectDetails.aspx?IndexNum=105,POINT (-123.11839952 49.25789384),Fairview,90,Clientele,Seniors
665,107,,7008 Balmoral St,Completed,1973,South Amherst Housing Society,https://app.vancouver.ca/NonMarketHousing_NET/ProjectDetails.aspx?IndexNum=107,POINT (-123.06809358 49.21977498),Victoria-Fraserview,21,Clientele,Seniors
666,108,,2330 Balsam St,Completed,1967,Brightside Community Homes Foundation,https://app.vancouver.ca/NonMarketHousing_NET/ProjectDetails.aspx?IndexNum=108,POINT (-123.15956116 49.26508927),Kitsilano,16,Clientele,Seniors
667,111,,1630 Barclay St,Completed,1970,Brightside Community Homes Foundation,https://app.vancouver.ca/NonMarketHousing_NET/ProjectDetails.aspx?IndexNum=111,POINT (-123.1353019 49.28821106),West End,42,Clientele,Seniors
671,124,,1145 Burnaby St,Completed,1988,Affordable Housing Societies,https://app.vancouver.ca/NonMarketHousing_NET/ProjectDetails.aspx?IndexNum=124,POINT (-123.13321456 49.28066394),West End,50,Clientele,Seniors
672,129,,512 Campbell Ave,Completed,1967,BC Housing,https://app.vancouver.ca/NonMarketHousing_NET/ProjectDetails.aspx?IndexNum=129,POINT (-123.08401895 49.27900972),Strathcona,134,Clientele,Seniors
673,132,,3400 E 5th Av,Completed,1962,BC Housing,https://app.vancouver.ca/NonMarketHousing_NET/ProjectDetails.aspx?IndexNum=132,POINT (-123.03033314 49.26414502),Hastings-Sunrise,69,Clientele,Seniors
674,133,,7780 Champlain Cr,Completed,1982,Royal Arch Masonic Homes,https://app.vancouver.ca/NonMarketHousing_NET/ProjectDetails.aspx?IndexNum=133,POINT (-123.02892955 49.21403506),Killarney,75,Clientele,Seniors
677,145,,430 E Cordova St,Completed,1988,Mavis McMullen Housing Society,https://app.vancouver.ca/NonMarketHousing_NET/ProjectDetails.aspx?IndexNum=145,POINT (-123.09447792 49.28192592),Strathcona,24,Clientele,Seniors
680,158,,6620 Elliott St,Completed,1966,BC Housing,https://app.vancouver.ca/NonMarketHousing_NET/ProjectDetails.aspx?IndexNum=158,POINT (-123.05403611 49.22319619),Victoria-Fraserview,124,Clientele,Seniors
689,193,,628 E Hastings St,Completed,1988,Shon Yee Benevolent Association of Canada,https://app.vancouver.ca/NonMarketHousing_NET/ProjectDetails.aspx?IndexNum=193,POINT (-123.09102024 49.28085873),Strathcona,72,Clientele,Seniors
691,198,,540 Helmcken St,Completed,1989,The 127 Society for Housing,https://app.vancouver.ca/NonMarketHousing_NET/ProjectDetails.aspx?IndexNum=198,POINT (-123.12347769 49.2772737),Downtown,78,Clientele,Seniors
692,200,,1260 Howe St,Completed,1989,Vancouver Jewish Building Society,https://app.vancouver.ca/NonMarketHousing_NET/ProjectDetails.aspx?IndexNum=200,POINT (-123.12782053 49.27701245),Downtown,65,Clientele,Seniors
693,202,,350 Keefer St,Completed,1970,BC Housing,https://app.vancouver.ca/NonMarketHousing_NET/ProjectDetails.aspx?IndexNum=202,POINT (-123.09530078 49.27849526),Strathcona,161,Clientele,Seniors
699,244,,5701 Nanaimo St,Completed,1959,BC Housing,https://app.vancouver.ca/NonMarketHousing_NET/ProjectDetails.aspx?IndexNum=244,POINT (-123.05939466 49.23115573),Victoria-Fraserview,52,Clientele,Seniors
702,256,,300 E Pender St,Completed,1971,Christ Church of China,https://app.vancouver.ca/NonMarketHousing_NET/ProjectDetails.aspx?IndexNum=256,POINT (-123.09649954 49.28003018),Strathcona,50,Clientele,Seniors
709,281,,768 Prior St,Completed,1989,Chinese Freemason's Housing Society of B.C.,https://app.vancouver.ca/NonMarketHousing_NET/ProjectDetails.aspx?IndexNum=281,POINT (-123.08863524 49.27631598),Strathcona,81,Clientele,Seniors
710,282,,1680 E 6th Ave,Completed,1993,New Chelsea Society,https://app.vancouver.ca/NonMarketHousing_NET/ProjectDetails.aspx?IndexNum=282,POINT (-123.07061566 49.26471157),Grandview-Woodland,27,Clientele,Seniors
712,288,,5748 Rupert St,Completed,1991,Brightside Community Homes Foundation,https://app.vancouver.ca/NonMarketHousing_NET/ProjectDetails.aspx?IndexNum=288,POINT (-123.04269371 49.23202084),Killarney,36,Clientele,Seniors
714,290,,1420 E 2nd Ave,Completed,1974,Baptist Housing Society of B.C.,https://app.vancouver.ca/NonMarketHousing_NET/ProjectDetails.aspx?IndexNum=290,POINT (-123.07464212 49.26829628),Grandview-Woodland,55,Clientele,Seniors
722,306,,251 Union St,Completed,1993,S.U.C.C.E.S.S.,https://app.vancouver.ca/NonMarketHousing_NET/ProjectDetails.aspx?IndexNum=306,POINT (-123.0979086 49.27788193),Strathcona,52,Clientele,Seniors
726,313,,1985 Wallace St,Completed,1975,BC Housing,https://app.vancouver.ca/NonMarketHousing_NET/ProjectDetails.aspx?IndexNum=313,POINT (-123.19139629 49.26946318),West Point Grey,200,Clientele,Seniors
727,320,,1602 E 41st Ave,Completed,1991,Brightside Community Homes Foundation,https://app.vancouver.ca/NonMarketHousing_NET/ProjectDetails.aspx?IndexNum=320,POINT (-123.07256746 49.23238482),Victoria-Fraserview,7,Clientele,Seniors
734,335,,5657 Harold St,Completed,1978,Brightside Community Homes Foundation,https://app.vancouver.ca/NonMarketHousing_NET/ProjectDetails.aspx?IndexNum=335,POINT (-123.03625358 49.23266161),Killarney,78,Clientele,Seniors
736,340,,32 W Pender St,Completed,1998,CBA Housing Society,https://app.vancouver.ca/NonMarketHousing_NET/ProjectDetails.aspx?IndexNum=340,POINT (-123.10540501 49.28030099),Downtown,27,Clientele,Seniors
739,349,,1010 Pacific Blvd,Completed,1999,Red Door Housing Society,https://app.vancouver.ca/NonMarketHousing_NET/ProjectDetails.aspx?IndexNum=349,POINT (-123.1155317 49.27357694),Downtown,9,Clientele,Seniors
741,360,,995 E 52nd Ave,Completed,1996,New Chelsea Society,https://app.vancouver.ca/NonMarketHousing_NET/ProjectDetails.aspx?IndexNum=360,POINT (-123.08585372 49.22287534),Sunset,54,Clientele,Seniors
744,370,,6404 Clarendon St,Completed,2006,Baptist Housing Society of B.C.,https://app.vancouver.ca/NonMarketHousing_NET/ProjectDetails.aspx?IndexNum=370,POINT (-123.05546629 49.22554107),Victoria-Fraserview,56,Clientele,Seniors
765,443,,1650 Haro St,Completed,1975,BC Housing,https://app.vancouver.ca/NonMarketHousing_NET/ProjectDetails.aspx?IndexNum=443,POINT (-123.13484649 49.28866855),West End,226,Clientele,Seniors
770,494,,3640 Victoria Dr,Completed,2004,New Chelsea Society,https://app.vancouver.ca/NonMarketHousing_NET/ProjectDetails.aspx?IndexNum=494,POINT (-123.0650132 49.25314806),Kensington-Cedar Cottage,37,Clientele,Seniors
794,735,,4899 Heather St,Completed,2015,Providence Health Care Society,https://app.vancouver.ca/NonMarketHousing_NET/ProjectDetails.aspx?IndexNum=735,POINT (-123.1220863 49.24202705),South Cambie,9,Clientele,Seniors
803,784,,4105 Artbutus St,Completed,2021,YWCA Vancouver,https://app.vancouver.ca/NonMarketHousing_NET/ProjectDetails.aspx?IndexNum=784,POINT (-123.15398114 49.24854039),Arbutus Ridge,50,Clientele,Seniors
809,797,,6465 Vivian St,Completed,2020,Fair Haven Homes Society,https://app.vancouver.ca/NonMarketHousing_NET/ProjectDetails.aspx?IndexNum=797,POINT (-123.05069803 49.2253565),Victoria-Fraserview,114,Clientele,Seniors
827,870,,2675 Alder St,Completed,2006,Brightside Community Homes Foundation,https://app.vancouver.ca/NonMarketHousing_NET/ProjectDetails.aspx?IndexNum=870,POINT (-123.13167191 49.2618478),Fairview,17,Clientele,Seniors
828,874,,2085 W 5th Ave,Completed,2005,Brightside Community Homes Foundation,https://app.vancouver.ca/NonMarketHousing_NET/ProjectDetails.aspx?IndexNum=874,POINT (-123.15231287 49.26752135),Kitsilano,21,Clientele,Seniors
834,895,,8725 French St,Completed,2024,Brightside Community Homes Foundation,https://app.vancouver.ca/NonMarketHousing_NET/ProjectDetails.aspx?IndexNum=895,POINT (-123.13964152 49.20669703),Marpole,76,Clientele,Seniors
835,897,,1425 & 1451 E 12th Ave,Completed,2024,Brightside Community Homes Foundation,https://app.vancouver.ca/NonMarketHousing_NET/ProjectDetails.aspx?IndexNum=897,POINT (-123.07489881 49.25989171),Kensington-Cedar Cottage,157,Clientele,Seniors
854,983,,1450 W 12th Ave,Completed,2024,Connective Supportive Society,https://app.vancouver.ca/NonMarketHousing_NET/ProjectDetails.aspx?IndexNum=983,POINT (-123.1374842 49.26048852),Fairview,114,Clientele,Seniors
864,10,,1880 W 2nd Ave,Completed,1975,BC Housing,https://app.vancouver.ca/NonMarketHousing_NET/ProjectDetails.aspx?IndexNum=10,POINT (-123.1475091 49.26956174),Kitsilano,31,Clientele,Seniors
868,16,,2495 W 3rd Ave,Completed,1974,Brightside Community Homes Foundation,https://app.vancouver.ca/NonMarketHousing_NET/ProjectDetails.aspx?IndexNum=16,POINT (-123.16187563 49.26939934),Kitsilano,30,Clientele,Seniors
874,35,,1620 E 6th Ave,Completed,1965,Brightside Community Homes Foundation,https://app.vancouver.ca/NonMarketHousing_NET/ProjectDetails.aspx?IndexNum=35,POINT (-123.0713509 49.26471876),Grandview-Woodland,40,Clientele,Seniors
878,46,,1987 W 7th Ave,Completed,1975,BC Housing,https://app.vancouver.ca/NonMarketHousing_NET/ProjectDetails.aspx?IndexNum=46,POINT (-123.14999063 49.26575732),Kitsilano,38,Clientele,Seniors
882,63,,2060 W 10th Ave,Completed,1990,Vancouver Resource Society for the Physically Disabled,https://app.vancouver.ca/NonMarketHousing_NET/ProjectDetails.aspx?IndexNum=63,POINT (-123.15208112 49.26268769),Kitsilano,4,Clientele,Seniors
883,64,,1400 E 11th Ave,Completed,1973,Brightside Community Homes Foundation,https://app.vancouver.ca/NonMarketHousing_NET/ProjectDetails.aspx?IndexNum=64,POINT (-123.07498181 49.26029268),Kensington-Cedar Cottage,29,Clientele,Seniors
884,69,,1444 E 13th Ave,Completed,1972,Brightside Community Homes Foundation,https://app.vancouver.ca/NonMarketHousing_NET/ProjectDetails.aspx?IndexNum=69,POINT (-123.0747595 49.25843782),Kensington-Cedar Cottage,25,Clientele,Seniors
885,70,,546 W 13th Ave,Completed,1960,Soroptimist Club of Vancouver,https://app.vancouver.ca/NonMarketHousing_NET/ProjectDetails.aspx?IndexNum=70,,Unknown,21,Clientele,Seniors
889,84,,1750 E 41st Ave,Completed,1974,Mennonite Senior Citizens' Society of B.C.,https://app.vancouver.ca/NonMarketHousing_NET/ProjectDetails.aspx?IndexNum=84,POINT (-123.07016628 49.23144219),Victoria-Fraserview,170,Clientele,Seniors
891,88,,625 W 45th Ave,Completed,1985,Chishaun Housing Society,https://app.vancouver.ca/NonMarketHousing_NET/ProjectDetails.aspx?IndexNum=88,POINT (-123.11886021 49.23018016),Oakridge,76,Clientele,Seniors
894,103,,176 Alexander St,Completed,1990,Affordable Housing Societies,https://app.vancouver.ca/NonMarketHousing_NET/ProjectDetails.aspx?IndexNum=103,POINT (-123.10060783 49.28378901),Downtown,81,Clientele,Seniors
896,112,,1655 Barclay,Completed,1975,BC Housing,https://app.vancouver.ca/NonMarketHousing_NET/ProjectDetails.aspx?IndexNum=112,POINT (-123.13484649 49.28866855),West End,265,Clientele,Seniors
898,116,,1545 E Broadway,Completed,1987,BC Indigenous Housing Society,https://app.vancouver.ca/NonMarketHousing_NET/ProjectDetails.aspx?IndexNum=116,POINT (-123.07252526 49.26263702),Grandview-Woodland,33,Clientele,Seniors
899,123,,1030 Burnaby St,Completed,1972,Society for Christian Care of the Elderly,https://app.vancouver.ca/NonMarketHousing_NET/ProjectDetails.aspx?IndexNum=123,POINT (-123.13146057 49.27877594),West End,216,Clientele,Seniors
900,130,,830 Campbell Ave,Completed,1978,Vancouver Chinatown Housing Society,https://app.vancouver.ca/NonMarketHousing_NET/ProjectDetails.aspx?IndexNum=130,POINT (-123.08442743 49.27694361),Strathcona,68,Clientele,Seniors
903,143,,145 E Cordova St,Completed,1985,Harry Lin Chin Foundation,https://app.vancouver.ca/NonMarketHousing_NET/ProjectDetails.aspx?IndexNum=143,POINT (-123.10045916 49.28255723),Downtown,71,Clientele,Seniors
904,146,,450 E Cordova St,Completed,1974,City of Vancouver,https://app.vancouver.ca/NonMarketHousing_NET/ProjectDetails.aspx?IndexNum=146,POINT (-123.09391899 49.28191513),Strathcona,147,Clientele,Seniors
908,171,,1856 E Georgia St,Completed,1987,BC Indigenous Housing Society,https://app.vancouver.ca/NonMarketHousing_NET/ProjectDetails.aspx?IndexNum=171,POINT (-123.0664843 49.27815551),Grandview-Woodland,2,Clientele,Seniors
911,182,,1515 Granville St,Completed,1988,Affordable Housing Societies,https://app.vancouver.ca/NonMarketHousing_NET/ProjectDetails.aspx?IndexNum=182,POINT (-123.13159007 49.27394656),Downtown,84,Clientele,Seniors
913,184,,1339 Graveley St,Completed,1988,BC Indigenous Housing Society,https://app.vancouver.ca/NonMarketHousing_NET/ProjectDetails.aspx?IndexNum=184,POINT (-123.07637895 49.27082772),Grandview-Woodland,10,Clientele,Seniors
914,185,,845 Bute St,Completed,1978,Haro Park Center Society,https://app.vancouver.ca/NonMarketHousing_NET/ProjectDetails.aspx?IndexNum=185,POINT (-123.12796978 49.28560414),West End,64,Clientele,Seniors
915,188,,16 E Hastings St,Completed,1988,PHS Community Services Society,https://app.vancouver.ca/NonMarketHousing_NET/ProjectDetails.aspx?IndexNum=188,POINT (-123.1039242 49.28111217),Downtown,90,Clientele,Seniors
917,206,,705 Jackson Ave,Completed,1965,BC Housing,https://app.vancouver.ca/NonMarketHousing_NET/ProjectDetails.aspx?IndexNum=206,POINT (-123.09530078 49.27849526),Strathcona,119,Clientele,Seniors
918,208,,7007 Kerr St,Completed,1970,Ukrainian Senior Citizens Association,https://app.vancouver.ca/NonMarketHousing_NET/ProjectDetails.aspx?IndexNum=208,POINT (-123.04186443 49.21945024),Killarney,36,Clientele,Seniors
919,210,,2740 W King Edward Ave,Completed,1964,Calling Ministries,https://app.vancouver.ca/NonMarketHousing_NET/ProjectDetails.aspx?IndexNum=210,POINT (-123.16606118 49.247574),Arbutus Ridge,52,Clientele,Seniors
920,217,,6100 Inverness St,Completed,1969,BC Housing,https://app.vancouver.ca/NonMarketHousing_NET/ProjectDetails.aspx?IndexNum=217,POINT (-123.07858498 49.22835508),Sunset,44,Clientele,Seniors
922,223,,102 Main St,Completed,1989,Vancouver Chinatown Housing Society,https://app.vancouver.ca/NonMarketHousing_NET/ProjectDetails.aspx?IndexNum=223,POINT (-123.09909816 49.28382811),Strathcona,54,Clientele,Seniors
923,224,,1189 Main St,Completed,1992,Affordable Housing Societies,https://app.vancouver.ca/NonMarketHousing_NET/ProjectDetails.aspx?IndexNum=224,POINT (-123.10049338 49.27408446),Downtown,9,Clientele,Seniors
924,225,,1129 Main St,Completed,1992,Affordable Housing Societies,https://app.vancouver.ca/NonMarketHousing_NET/ProjectDetails.aspx?IndexNum=225,POINT (-123.10047839 49.27455606),Downtown,5,Clientele,Seniors
926,233,,8790 SW Marine Dr,Completed,1970,Vancouver Kiwanis Senior Citizens Housing Society,https://app.vancouver.ca/NonMarketHousing_NET/ProjectDetails.aspx?IndexNum=233,POINT (-123.14167031 49.20576794),Marpole,50,Clientele,Seniors
927,234,,1564 SW Marine Dr,Completed,1988,Canadian Hungarian Housing Society of BC,https://app.vancouver.ca/NonMarketHousing_NET/ProjectDetails.aspx?IndexNum=234,POINT (-123.14304507 49.20823363),Marpole,54,Clientele,Seniors
934,243,,3075 Nanaimo St,Completed,1962,New Chelsea Society,https://app.vancouver.ca/NonMarketHousing_NET/ProjectDetails.aspx?IndexNum=243,POINT (-123.05714229 49.25707726),Kensington-Cedar Cottage,49,Clientele,Seniors
935,247,,1115 Nelson St,Completed,1969,The Bloom Group,https://app.vancouver.ca/NonMarketHousing_NET/ProjectDetails.aspx?IndexNum=247,POINT (-123.12867658 49.28327763),West End,223,Clientele,Seniors
941,258,,827 E Pender St,Completed,1988,Lesya Ukrainka Housing Society,https://app.vancouver.ca/NonMarketHousing_NET/ProjectDetails.aspx?IndexNum=258,POINT (-123.08649623 49.28038687),Strathcona,26,Clientele,Seniors
943,267,,133 W Pender St,Completed,1990,BC Indigenous Housing Society,https://app.vancouver.ca/NonMarketHousing_NET/ProjectDetails.aspx?IndexNum=267,POINT (-123.10855569 49.28154278),Downtown,109,Clientele,Seniors
944,279,,1725 E Pender St,Completed,1994,BC Indigenous Housing Society,https://app.vancouver.ca/NonMarketHousing_NET/ProjectDetails.aspx?IndexNum=279,POINT (-123.06970069 49.28053613),Grandview-Woodland,7,Clientele,Seniors
946,291,,2050 Rupert St,Completed,1965,Hopehill,https://app.vancouver.ca/NonMarketHousing_NET/ProjectDetails.aspx?IndexNum=291,POINT (-123.03326161 49.26621497),Hastings-Sunrise,48,Clientele,Seniors
951,319,,8080 Yukon St,Completed,1976,Vancouver Kiwanis Housing Society,https://app.vancouver.ca/NonMarketHousing_NET/ProjectDetails.aspx?IndexNum=319,POINT (-123.11404507 49.21174063),Marpole,89,Clientele,Seniors
952,321,,510 Alexander St,Completed,1993,Lookout Housing and Health Society,https://app.vancouver.ca/NonMarketHousing_NET/ProjectDetails.aspx?IndexNum=321,POINT (-123.09262135 49.2837058),Strathcona,33,Clientele,Seniors
953,323,,238 Davie St,Completed,1993,Brightside Community Homes Foundation,https://app.vancouver.ca/NonMarketHousing_NET/ProjectDetails.aspx?IndexNum=323,POINT (-123.12370772 49.27375636),Downtown,55,Clientele,Seniors
954,326,,2950 Euclid Ave,Completed,1993,Brightside Community Homes Foundation,https://app.vancouver.ca/NonMarketHousing_NET/ProjectDetails.aspx?IndexNum=326,POINT (-123.04369648 49.24006198),Renfrew-Collingwood,44,Clientele,Seniors
986,485,,42 E Cordova St,Completed,2003,City of Vancouver,https://app.vancouver.ca/NonMarketHousing_NET/ProjectDetails.aspx?IndexNum=485,POINT (-123.10326481 49.28208473),Downtown,65,Clientele,Seniors
989,503,,3355 E 4th Avenue,Completed,2006,Hopehill,https://app.vancouver.ca/NonMarketHousing_NET/ProjectDetails.aspx?IndexNum=503,POINT (-123.03143236 49.26621509),Hastings-Sunrise,61,Clientele,Seniors
990,530,,3131 E 58th Ave,Completed,2007,Salvation Army,https://app.vancouver.ca/NonMarketHousing_NET/ProjectDetails.aspx?IndexNum=530,POINT (-123.04055272 49.21773661),Killarney,57,Clientele,Seniors
994,647,,80 Walter Hardwick Ave.,Completed,2010,S.U.C.C.E.S.S.,https://app.vancouver.ca/NonMarketHousing_NET/ProjectDetails.aspx?IndexNum=647,POINT (-123.1057161 49.27075307),Mount Pleasant,35,Clientele,Seniors
995,648,,122 Walter Hardwick Ave.,Completed,2010,S.U.C.C.E.S.S.,https://app.vancouver.ca/NonMarketHousing_NET/ProjectDetails.aspx?IndexNum=648,POINT (-123.10760298 49.27078693),Mount Pleasant,20,Clientele,Seniors
999,705,,2304 W 8th Av,Completed,2012,Kitsilano Neighbourhood House,https://app.vancouver.ca/NonMarketHousing_NET/ProjectDetails.aspx?IndexNum=705,POINT (-123.15800935 49.26456261),Kitsilano,35,Clientele,Seniors
1002,716,,2325 W 7th Ave,Completed,2014,Kitsilano Neighbourhood House,https://app.vancouver.ca/NonMarketHousing_NET/ProjectDetails.aspx?IndexNum=716,POINT (-123.15806282 49.26590631),Kitsilano,15,Clientele,Seniors
1003,723,,3484 Kingsway,Completed,2014,City of Vancouver,https://app.vancouver.ca/NonMarketHousing_NET/ProjectDetails.aspx?IndexNum=723,POINT (-123.03124616 49.23140021),Killarney,123,Clientele,Seniors
1004,726,,256 E Pender St,Completed,2017,PHS Community Services Society,https://app.vancouver.ca/NonMarketHousing_NET/ProjectDetails.aspx?IndexNum=726,POINT (-123.0981439 49.28009111),Strathcona,120,Clientele,Seniors
1022,854,,2050 Rupert St,Under Construction,,Hopehill,,POINT (-123.03326161 49.26621497),Hastings-Sunrise,64,Clientele,Seniors
1028,871,,1325 Burnaby St,Completed,2000,Brightside Community Homes Foundation,https://app.vancouver.ca/NonMarketHousing_NET/ProjectDetails.aspx?IndexNum=871,POINT (-123.13613725 49.28256925),West End,15,Clientele,Seniors
1035,898,,2924 Venables St,Under Construction,,Brightside Community Homes Foundation,https://app.vancouver.ca/NonMarketHousing_NET/ProjectDetails.aspx?IndexNum=898,,Unknown,124,Clientele,Seniors
1048,971,,1111 Broughton St,Proposed,,,,POINT (-123.13509264 49.28476615),West End,136,Clientele,Seniors
1055,13,,1455 E 3rd Ave,Completed,1973,Baptist Housing Society of B.C.,https://app.vancouver.ca/NonMarketHousing_NET/ProjectDetails.aspx?IndexNum=13,POINT (-123.07464212 49.26829628),Grandview-Woodland,145,Clientele,Seniors
1058,27,,5709 Wales St,Completed,1994,Brightside Community Homes Foundation,https://app.vancouver.ca/NonMarketHousing_NET/ProjectDetails.aspx?IndexNum=27,POINT (-123.05213397 49.23246527),Victoria-Fraserview,1,Clientele,Seniors
1060,30,,325 E 6th Ave,Completed,1969,Brightside Community Homes Foundation,https://app.vancouver.ca/NonMarketHousing_NET/ProjectDetails.aspx?IndexNum=30,POINT (-123.09776676 49.26570816),Mount Pleasant,36,Clientele,Seniors
1061,31,,330 E 6th Ave,Completed,1975,New Chelsea Society,https://app.vancouver.ca/NonMarketHousing_NET/ProjectDetails.aspx?IndexNum=31,POINT (-123.09804729 49.26518737),Mount Pleasant,46,Clientele,Seniors
1062,37,,730 W 6th Ave,Completed,1992,Stan Stronge Noble House Co-op Housing Association,https://app.vancouver.ca/NonMarketHousing_NET/ProjectDetails.aspx?IndexNum=37,POINT (-123.12056203 49.26564344),Fairview,6,Clientele,Seniors
1064,43,,430 Dunlevy Ave,Completed,1993,Chinese United Church,https://app.vancouver.ca/NonMarketHousing_NET/ProjectDetails.aspx?IndexNum=43,POINT (-123.09501291 49.28055897),Strathcona,29,Clientele,Seniors
1068,57,,951 E 8th Ave,Completed,1978,Anavets Senior Citizens Housing Society,https://app.vancouver.ca/NonMarketHousing_NET/ProjectDetails.aspx?IndexNum=57,POINT (-123.08405019 49.26362938),Mount Pleasant,60,Clientele,Seniors
1069,62,,1842 E 10th Ave,Completed,1989,Affordable Housing Societies,https://app.vancouver.ca/NonMarketHousing_NET/ProjectDetails.aspx?IndexNum=62,POINT (-123.06693953 49.26108247),Kensington-Cedar Cottage,45,Clientele,Seniors
1074,80,,2898 E 22nd Ave,Completed,1982,Three Links Care Society,https://app.vancouver.ca/NonMarketHousing_NET/ProjectDetails.aspx?IndexNum=80,POINT (-123.04445764 49.25031447),Renfrew-Collingwood,39,Clientele,Seniors
1075,83,,250 E 36th Ave,Completed,1988,Little Mountain Care & Housing Association,https://app.vancouver.ca/NonMarketHousing_NET/ProjectDetails.aspx?IndexNum=83,POINT (-123.10086016 49.23766925),Riley Park,96,Clientele,Seniors
1079,96,,1717 Adanac St,Completed,1979,Vancouver East Lion's Housing Foundation,https://app.vancouver.ca/NonMarketHousing_NET/ProjectDetails.aspx?IndexNum=96,POINT (-123.07006467 49.27782127),Grandview-Woodland,118,Clientele,Seniors
1083,109,,5311 Balsam St,Completed,1988,St. Mary's Kerrisdale Housing Society,https://app.vancouver.ca/NonMarketHousing_NET/ProjectDetails.aspx?IndexNum=109,POINT (-123.16154324 49.23810614),Arbutus Ridge,18,Clientele,Seniors
1085,118,,2633 E Broadway,Completed,1975,Broadway Pentecostal Benevolent Association,https://app.vancouver.ca/NonMarketHousing_NET/ProjectDetails.aspx?IndexNum=118,POINT (-123.05120171 49.2623094),Hastings-Sunrise,80,Clientele,Seniors
1087,121,,633 Bucketwheel,Completed,1977,Uptown Kiwanis Club,https://app.vancouver.ca/NonMarketHousing_NET/ProjectDetails.aspx?IndexNum=121,POINT (-123.11823439 49.26800345),Fairview,61,Clientele,Seniors
1088,122,,650 Bucketwheel,Completed,1977,Vancouver Broadway Housing Society,https://app.vancouver.ca/NonMarketHousing_NET/ProjectDetails.aspx?IndexNum=122,POINT (-123.11818965 49.26769092),Fairview,46,Clientele,Seniors
1092,137,,740 Commercial Dr,Completed,1958,Vancouver East Lion's Housing Foundation,https://app.vancouver.ca/NonMarketHousing_NET/ProjectDetails.aspx?IndexNum=137,POINT (-123.07022885 49.27820526),Grandview-Woodland,24,Clientele,Seniors
1095,147,,535 E Cordova St,Completed,1976,City of Vancouver,https://app.vancouver.ca/NonMarketHousing_NET/ProjectDetails.aspx?IndexNum=147,POINT (-123.09262537 49.28240508),Strathcona,78,Clientele,Seniors
1100,167,,551 E Georgia St,Completed,1979,Vancouver Chinese Kung Kao Foundation,https://app.vancouver.ca/NonMarketHousing_NET/ProjectDetails.aspx?IndexNum=167,POINT (-123.09201049 49.27867931),Strathcona,26,Clientele,Seniors
1104,175,,2610 Grandview Hwy S,Completed,1988,Italian Cultural Centre Housing Society,https://app.vancouver.ca/NonMarketHousing_NET/ProjectDetails.aspx?IndexNum=175,POINT (-123.05200625 49.25715479),Renfrew-Collingwood,90,Clientele,Seniors
1109,194,,2518 E Hastings St,Completed,1992,Entre Nous Femmes Housing Society,https://app.vancouver.ca/NonMarketHousing_NET/ProjectDetails.aspx?IndexNum=194,POINT (-123.05409967 49.28088658),Hastings-Sunrise,14,Clientele,Seniors
1111,197,,1099 Richards Street,Completed,2016,The 127 Society for Housing,https://app.vancouver.ca/NonMarketHousing_NET/ProjectDetails.aspx?IndexNum=197,POINT (-123.12269367 49.27725478),Downtown,31,Clientele,Seniors
1112,203,,5233 Joyce St,Completed,1970,Columbus Charities,https://app.vancouver.ca/NonMarketHousing_NET/ProjectDetails.aspx?IndexNum=203,POINT (-123.03307907 49.23748176),Renfrew-Collingwood,81,Clientele,Seniors
1114,205,,325 Keefer St,Completed,1972,Chau Luen Kon Sol Society of Vancouver,https://app.vancouver.ca/NonMarketHousing_NET/ProjectDetails.aspx?IndexNum=205,POINT (-123.09648989 49.27966994),Strathcona,82,Clientele,Seniors
1115,207,,5075 Boundary Rd,Completed,1993,Lu'Ma Native Housing Society,https://app.vancouver.ca/NonMarketHousing_NET/ProjectDetails.aspx?IndexNum=207,POINT (-123.02402887 49.23848485),Renfrew-Collingwood,14,Clientele,Seniors
1116,209,,7101 Kerr St,Completed,1969,Vancouver Kiwanis Senior Citizens Housing Society,https://app.vancouver.ca/NonMarketHousing_NET/ProjectDetails.aspx?IndexNum=209,POINT (-123.041933 49.21887003),Killarney,34,Clientele,Seniors
1117,211,,2751 W King Edward,Completed,1963,Anglican Homes,https://app.vancouver.ca/NonMarketHousing_NET/ProjectDetails.aspx?IndexNum=211,POINT (-123.16653193 49.24842742),Arbutus Ridge,58,Clientele,Seniors
1120,215,,1425 E 3rd Ave,Completed,1990,Baptist Housing Society of B.C.,https://app.vancouver.ca/NonMarketHousing_NET/ProjectDetails.aspx?IndexNum=215,POINT (-123.07464212 49.26829628),Grandview-Woodland,77,Clientele,Seniors
1122,218,,1399 Fountain Way,Completed,1980,Wellington Society,https://app.vancouver.ca/NonMarketHousing_NET/ProjectDetails.aspx?IndexNum=218,POINT (-123.13509226 49.26804963),Fairview,44,Clientele,Seniors
1123,226,,2229 Maple St,Completed,1976,Shalom Branch #178 Canadian Legion,https://app.vancouver.ca/NonMarketHousing_NET/ProjectDetails.aspx?IndexNum=226,POINT (-123.15077883 49.26595347),Kitsilano,102,Clientele,Seniors
1126,238,,1501 Woodland Dr,Completed,1969,BC Housing,https://app.vancouver.ca/NonMarketHousing_NET/ProjectDetails.aspx?IndexNum=238,POINT (-123.07443151 49.27099676),Grandview-Woodland,100,Clientele,Seniors
1129,252,,2122 Oxford St,Completed,1965,Vancouver East Lion's Housing Foundation,https://app.vancouver.ca/NonMarketHousing_NET/ProjectDetails.aspx?IndexNum=252,POINT (-123.06137361 49.28545308),Grandview-Woodland,42,Clientele,Seniors
1130,255,,490 Columbia St,Completed,1981,Chinese Freemasons of Canada,https://app.vancouver.ca/NonMarketHousing_NET/ProjectDetails.aspx?IndexNum=255,POINT (-123.10190211 49.28067369),Downtown,34,Clientele,Seniors
1131,260,,3621 W 4th Ave,Completed,1993,Hellenic Housing Society of BC,https://app.vancouver.ca/NonMarketHousing_NET/ProjectDetails.aspx?IndexNum=260,POINT (-123.18453011 49.26885935),Kitsilano,28,Clientele,Seniors
1132,261,,830 Campbell Ave,Completed,1984,Vancouver Chinatown Housing Society,https://app.vancouver.ca/NonMarketHousing_NET/ProjectDetails.aspx?IndexNum=261,POINT (-123.08442743 49.27694361),Strathcona,18,Clientele,Seniors
1134,264,,1823 E Pender St,Completed,1989,BC Indigenous Housing Society,https://app.vancouver.ca/NonMarketHousing_NET/ProjectDetails.aspx?IndexNum=264,POINT (-123.0673884 49.28050551),Grandview-Woodland,9,Clientele,Seniors
1135,268,,3306 E 5th Ave / 3350 E 5th Ave,Completed,1992,Hopehill,https://app.vancouver.ca/NonMarketHousing_NET/ProjectDetails.aspx?IndexNum=268,POINT (-123.03206317 49.26534752),Hastings-Sunrise,50,Clientele,Seniors
1136,269,,1254 Pendrell St,Completed,1973,Parish of St.Paul-Pendrellis Society,https://app.vancouver.ca/NonMarketHousing_NET/ProjectDetails.aspx?IndexNum=269,POINT (-123.13344925 49.28280452),West End,87,Clientele,Seniors
1139,274,,245 Powell St,Completed,1991,Shiloh Housing Society,https://app.vancouver.ca/NonMarketHousing_NET/ProjectDetails.aspx?IndexNum=274,POINT (-123.09852395 49.28341464),Strathcona,42,Clientele,Seniors
1141,278,,376 Powell St,Completed,1978,Lookout Housing and Health Society,https://app.vancouver.ca/NonMarketHousing_NET/ProjectDetails.aspx?IndexNum=278,POINT (-123.09604982 49.28286102),Strathcona,38,Clientele,Seniors
1142,284,,3433 Renfrew St,Completed,1976,East Enders Amherst Lions Society,https://app.vancouver.ca/NonMarketHousing_NET/ProjectDetails.aspx?IndexNum=284,POINT (-123.0448255 49.25359041),Renfrew-Collingwood,40,Clientele,Seniors
1144,293,,1067 Seymour St,Completed,1992,City of Vancouver,https://app.vancouver.ca/NonMarketHousing_NET/ProjectDetails.aspx?IndexNum=293,POINT (-123.12355177 49.27796805),Downtown,110,Clientele,Seniors
1146,311,,2080 Wall St,Completed,1969,BC Housing,https://app.vancouver.ca/NonMarketHousing_NET/ProjectDetails.aspx?IndexNum=311,POINT (-123.06138018 49.28617719),Grandview-Woodland,41,Clientele,Seniors
1149,327,,2980 Euclid Ave,Completed,1994,Brightside Community Homes Foundation,https://app.vancouver.ca/NonMarketHousing_NET/ProjectDetails.aspx?IndexNum=327,POINT (-123.04369648 49.24006198),Renfrew-Collingwood,47,Clientele,Seniors
1159,368,,340 E Cordova St,Completed,1999,St. Luke's Home Society,https://app.vancouver.ca/NonMarketHousing_NET/ProjectDetails.aspx?IndexNum=368,POINT (-123.09658287 49.28197811),Strathcona,27,Clientele,Seniors
1164,381,,5750 Oak St,Completed,2001,Vancouver Jewish Building Society,https://app.vancouver.ca/NonMarketHousing_NET/ProjectDetails.aspx?IndexNum=381,POINT (-123.12761225 49.23342156),Oakridge,4,Clientele,Seniors
1188,454,,475 E Hastings St,Completed,2005,Sanford Housing Society,https://app.vancouver.ca/NonMarketHousing_NET/ProjectDetails.aspx?IndexNum=454,POINT (-123.09376706 49.28153307),Strathcona,52,Clientele,Seniors
1198,513,,581 Cardero St,Completed,2006,Performing Arts Lodge of Vancouver,https://app.vancouver.ca/NonMarketHousing_NET/ProjectDetails.aspx?IndexNum=513,POINT (-123.13031262 49.29141724),Downtown,99,Clientele,Seniors
1199,518,,3355 E 5th Ave,Completed,2008,Hopehill,https://app.vancouver.ca/NonMarketHousing_NET/ProjectDetails.aspx?IndexNum=518,POINT (-123.03239517 49.26621184),Hastings-Sunrise,89,Clientele,Seniors
1201,531,,580 Shanghai Alley,Completed,2006,Vancouver Coastal Health,https://app.vancouver.ca/NonMarketHousing_NET/ProjectDetails.aspx?IndexNum=531,POINT (-123.10557988 49.27977613),Downtown,33,Clientele,Seniors
1202,532,,2020 Harrison Dr,Completed,2007,Icelandic Care Home Hofn Society,https://app.vancouver.ca/NonMarketHousing_NET/ProjectDetails.aspx?IndexNum=532,POINT (-123.0639151 49.2094),Victoria-Fraserview,77,Clientele,Seniors
1203,538,,8264 Hudson St,Completed,1993,Abbeyfield Houses of Vancouver Society,https://app.vancouver.ca/NonMarketHousing_NET/ProjectDetails.aspx?IndexNum=538,POINT (-123.13388777 49.21098353),Marpole,18,Clientele,Seniors
1221,685,,4875 Heather St,Completed,2008,Providence Health Care Society,https://app.vancouver.ca/NonMarketHousing_NET/ProjectDetails.aspx?IndexNum=685,POINT (-123.1220863 49.24202705),South Cambie,60,Clientele,Seniors
1230,767,,188 Keefer,Completed,2016,S.U.C.C.E.S.S.,https://app.vancouver.ca/NonMarketHousing_NET/ProjectDetails.aspx?IndexNum=767,POINT (-123.10033058 49.27911983),Downtown,22,Clientele,Seniors
1234,779,,2833 E KENT AVE N,Completed,2020,Fraserview Housing Co-operative,https://app.vancouver.ca/NonMarketHousing_NET/ProjectDetails.aspx?IndexNum=779,POINT (-123.04977348 49.20687475),Killarney,108,Clientele,Seniors
1238,793,,1045 Nelson St,Completed,2024,TPM Real Estate Management Ltd,https://app.vancouver.ca/NonMarketHousing_NET/ProjectDetails.aspx?IndexNum=793,POINT (-123.12645824 49.28185115),West End,39,Clientele,Seniors
1249,824,,710 E 19th Ave,Completed,2023,North Arm Housing Co-op,https://app.vancouver.ca/NonMarketHousing_NET/ProjectDetails.aspx?IndexNum=824,POINT (-123.08952659 49.25345583),Kensington-Cedar Cottage,58,Clientele,Seniors
1260,867,,835 - 837 E Hastings St,Approved,,Lee's Benevolent Adssociation of Canada,,POINT (-123.08641094 49.28138463),Strathcona,40,Clientele,Seniors
1262,872,,1222 Harwood St,Completed,1999,Brightside Community Homes Foundation,https://app.vancouver.ca/NonMarketHousing_NET/ProjectDetails.aspx?IndexNum=872,POINT (-123.13636545 49.28054963),West End,25,Clientele,Seniors
1265,879,,2975 Horley St,Completed,1995,Brightside Community Homes Foundation,https://app.vancouver.ca/NonMarketHousing_NET/ProjectDetails.aspx?IndexNum=879,POINT (-123.04413053 49.23966521),Renfrew-Collingwood,34,Clientele,Seniors
1266,881,,155 E 37th Ave,Completed,2014,More Than a Roof Housing Society,https://app.vancouver.ca/NonMarketHousing_NET/ProjectDetails.aspx?IndexNum=881,POINT (-123.10260504 49.23763885),Riley Park,53,Clientele,Seniors
1271,899,,349 E 6th Ave,Completed,2024,Brightside Community Homes Foundation,https://app.vancouver.ca/NonMarketHousing_NET/ProjectDetails.aspx?IndexNum=899,POINT (-123.09724906 49.2656987),Mount Pleasant,60,Clientele,Seniors
1274,916,,502 Alexander St,Completed,2013,Atira Women’s Resource Society,https://app.vancouver.ca/NonMarketHousing_NET/ProjectDetails.aspx?IndexNum=916,POINT (-123.09308337 49.28370817),Strathcona,12,Clientele,Seniors
1282,6,,2137 W 1st Ave,Completed,1984,Helen's Court Co-op Housing Association,https://app.vancouver.ca/NonMarketHousing_NET/ProjectDetails.aspx?IndexNum=6,POINT (-123.1536261 49.27104183),Kitsilano,9,Clientele,Other
1283,7,,1349 E 2nd Ave,Completed,1987,Laura Jamieson Co-op Housing Association,https://app.vancouver.ca/NonMarketHousing_NET/ProjectDetails.aspx?IndexNum=7,POINT (-123.07614157 49.26900321),Grandview-Woodland,5,Clientele,Other
1284,8,,1507 E 2nd Ave,Completed,1984,Westerdale Co-op Housing Association,https://app.vancouver.ca/NonMarketHousing_NET/ProjectDetails.aspx?IndexNum=8,POINT (-123.07304966 49.26896961),Grandview-Woodland,9,Clientele,Other
1285,18,,1560 E 4th Ave,Completed,1989,BC Indigenous Housing Society,https://app.vancouver.ca/NonMarketHousing_NET/ProjectDetails.aspx?IndexNum=18,POINT (-123.0718679 49.2666326),Grandview-Woodland,1,Clientele,Other
1286,20,,675 E 5th Ave,Completed,1985,Northern Way Co-op Housing Association,https://app.vancouver.ca/NonMarketHousing_NET/ProjectDetails.aspx?IndexNum=20,POINT (-123.09065341 49.26639799),Mount Pleasant,16,Clientele,Other
1287,25,,1040 E 7th Ave,Completed,1974,BC Housing,https://app.vancouver.ca/NonMarketHousing_NET/ProjectDetails.aspx?IndexNum=25,POINT (-123.08252037 49.26400829),Mount Pleasant,7,Clientele,Other
1289,34,,756 E 6th Ave,Completed,1986,Lu'Ma Native Housing Society,https://app.vancouver.ca/NonMarketHousing_NET/ProjectDetails.aspx?IndexNum=34,POINT (-123.08812236 49.26495984),Mount Pleasant,7,Clientele,Other
1290,39,,101 E 7th Ave,Completed,1982,Quebec Manor Co-op Housing Association,https://app.vancouver.ca/NonMarketHousing_NET/ProjectDetails.aspx?IndexNum=39,POINT (-123.10244623 49.26487539),Mount Pleasant,22,Clientele,Other
1292,47,,2425 Brunswick St,Completed,1988,Sch'eyk Housing Society,https://app.vancouver.ca/NonMarketHousing_NET/ProjectDetails.aspx?IndexNum=47,POINT (-123.09754471 49.26336944),Mount Pleasant,12,Clientele,Other
1293,51,,1230 E 8th Ave,Completed,1987,China Creek Co-op Housing Association,https://app.vancouver.ca/NonMarketHousing_NET/ProjectDetails.aspx?IndexNum=51,POINT (-123.07922139 49.26307424),Mount Pleasant,8,Clientele,Other
1294,53,,2829 E 8th Ave,Completed,1983,Access Co-op Housing Association,https://app.vancouver.ca/NonMarketHousing_NET/ProjectDetails.aspx?IndexNum=53,POINT (-123.04651609 49.26321325),Hastings-Sunrise,7,Clientele,Other
1297,73,,1435 E 14th Ave,Completed,1977,Coast Mental Health,https://app.vancouver.ca/NonMarketHousing_NET/ProjectDetails.aspx?IndexNum=73,POINT (-123.07481742 49.25804597),Kensington-Cedar Cottage,17,Clientele,Other
1298,76,,420 W 16th Ave,Completed,1976,BC Housing,https://app.vancouver.ca/NonMarketHousing_NET/ProjectDetails.aspx?IndexNum=76,POINT (-123.11276834 49.25663841),Riley Park,6,Clientele,Other
1300,86,,3545 E 43rd Ave,Completed,1985,HW Flesher Co-op Housing Association,https://app.vancouver.ca/NonMarketHousing_NET/ProjectDetails.aspx?IndexNum=86,POINT (-123.0282517 49.23143252),Killarney,25,Clientele,Other
1302,94,,1530 Adanac St,Completed,1987,Lu'Ma Native Housing Society,https://app.vancouver.ca/NonMarketHousing_NET/ProjectDetails.aspx?IndexNum=94,POINT (-123.0734715 49.27733673),Grandview-Woodland,5,Clientele,Other
1304,104,,118 Alexander St,Completed,1987,Four Sisters Co-op Housing Association,https://app.vancouver.ca/NonMarketHousing_NET/ProjectDetails.aspx?IndexNum=104,POINT (-123.10153493 49.28370049),Downtown,37,Clientele,Other
1309,115,,3502-98 Bluejay Cr,Completed,1981,Matheson Heights Co-op Housing Association,https://app.vancouver.ca/NonMarketHousing_NET/ProjectDetails.aspx?IndexNum=115,POINT (-123.02641787 49.21275024),Killarney,20,Clientele,Other
1310,117,,2450 Penticton St,Completed,1985,Sch'eyk Housing Society,https://app.vancouver.ca/NonMarketHousing_NET/ProjectDetails.aspx?IndexNum=117,POINT (-123.05180854 49.26231048),Hastings-Sunrise,12,Clientele,Other
1311,120,,2525 Waterloo St,Completed,1984,Broadview Co-op Housing Association,https://app.vancouver.ca/NonMarketHousing_NET/ProjectDetails.aspx?IndexNum=120,POINT (-123.18021442 49.2640035),Kitsilano,7,Clientele,Other
1316,134,,1515 Charles St,Completed,1986,More Than a Roof Housing Society,https://app.vancouver.ca/NonMarketHousing_NET/ProjectDetails.aspx?IndexNum=134,POINT (-123.07301669 49.27331573),Grandview-Woodland,4,Clientele,Other
1317,140,,3502-3672 Cordiale Dr,Completed,1982,Le Coeur Co-op Housing Association,https://app.vancouver.ca/NonMarketHousing_NET/ProjectDetails.aspx?IndexNum=140,POINT (-123.02601179 49.20962267),Killarney,14,Clientele,Other
1321,158,,6620 Elliott St,Completed,1966,BC Housing,https://app.vancouver.ca/NonMarketHousing_NET/ProjectDetails.aspx?IndexNum=158,POINT (-123.05403611 49.22319619),Victoria-Fraserview,29,Clientele,Other
1327,189,,375 Main St,Completed,1985,Affordable Housing Societies,https://app.vancouver.ca/NonMarketHousing_NET/ProjectDetails.aspx?IndexNum=189,POINT (-123.10009785 49.28160293),Downtown,76,Clientele,Other
1328,190,,501 E Hastings St,Completed,1984,Sch'eyk Housing Society,https://app.vancouver.ca/NonMarketHousing_NET/ProjectDetails.aspx?IndexNum=190,POINT (-123.09283543 49.28150447),Strathcona,53,Clientele,Other
1329,192,,540 E Hastings St,Completed,1987,Sch'eyk Housing Society,https://app.vancouver.ca/NonMarketHousing_NET/ProjectDetails.aspx?IndexNum=192,POINT (-123.09305566 49.28089739),Strathcona,69,Clientele,Other
1331,196,,3196 Heather St,Completed,1976,"Co-op Demers ""La Bruyere"" Co-op Hsg Assoc.",https://app.vancouver.ca/NonMarketHousing_NET/ProjectDetails.aspx?IndexNum=196,POINT (-123.11963072 49.25726946),Fairview,21,Clientele,Other
1335,219,,1415 Lamey's Mill Rd,Completed,1981,Twin Rainbows Co-op Housing Association,https://app.vancouver.ca/NonMarketHousing_NET/ProjectDetails.aspx?IndexNum=219,POINT (-123.13586996 49.26788454),Fairview,18,Clientele,Other
1336,229,,531 SW Marine Dr,Completed,1985,Vera Co-op Housing Association,https://app.vancouver.ca/NonMarketHousing_NET/ProjectDetails.aspx?IndexNum=229,POINT (-123.11952291 49.20965032),Marpole,38,Clientele,Other
1338,231,,1592 SW Marine Dr,Completed,1986,Wits' End Co-op Housing Association,https://app.vancouver.ca/NonMarketHousing_NET/ProjectDetails.aspx?IndexNum=231,POINT (-123.14375724 49.20824039),Marpole,9,Clientele,Other
1339,235,,3381 Marquette Cr,Completed,1982,Cedar Mill Co-op Housing Association,https://app.vancouver.ca/NonMarketHousing_NET/ProjectDetails.aspx?IndexNum=235,POINT (-123.03115912 49.21293165),Killarney,10,Clientele,Other
1341,245,,1416 Napier St,Completed,1981,Watershed Co-op Housing Association,https://app.vancouver.ca/NonMarketHousing_NET/ProjectDetails.aspx?IndexNum=245,POINT (-123.07496109 49.27451785),Grandview-Woodland,3,Clientele,Other
1342,254,,1019 Pacific St,Completed,1985,Pacific Heights Co-op Housing Association,https://app.vancouver.ca/NonMarketHousing_NET/ProjectDetails.aspx?IndexNum=254,POINT (-123.13276735 49.2776072),West End,12,Clientele,Other
1344,262,,1710 E Pender St,Completed,1986,Lu'Ma Native Housing Society,https://app.vancouver.ca/NonMarketHousing_NET/ProjectDetails.aspx?IndexNum=262,POINT (-123.07002235 49.28001135),Grandview-Woodland,11,Clientele,Other
1345,266,,3348 W Broadway,Completed,1994,WISHS Co-op Housing Association,https://app.vancouver.ca/NonMarketHousing_NET/ProjectDetails.aspx?IndexNum=266,POINT (-123.17869216 49.26396627),Kitsilano,36,Clientele,Other
1346,270,,1515 W 1st Ave,Completed,1986,Harbour Cove Co-op Housing Association,https://app.vancouver.ca/NonMarketHousing_NET/ProjectDetails.aspx?IndexNum=270,POINT (-123.14128903 49.27205665),Fairview,6,Clientele,Other
1347,271,,3890 Point Grey Rd,Completed,1979,Dunbar Village Co-op Housing Association,https://app.vancouver.ca/NonMarketHousing_NET/ProjectDetails.aspx?IndexNum=271,POINT (-123.1908124 49.27094926),West Point Grey,4,Clientele,Other
1348,275,,315 Powell St,Completed,1986,The Bloom Group,https://app.vancouver.ca/NonMarketHousing_NET/ProjectDetails.aspx?IndexNum=275,POINT (-123.09728984 49.2833943),Strathcona,8,Clientele,Other
1351,282,,1680 E 6th Ave,Completed,1993,New Chelsea Society,https://app.vancouver.ca/NonMarketHousing_NET/ProjectDetails.aspx?IndexNum=282,POINT (-123.07061566 49.26471157),Grandview-Woodland,2,Clientele,Other
1354,289,,825 Salsbury Dr,Completed,1986,Grace MacInnis Co-op Housing Association,https://app.vancouver.ca/NonMarketHousing_NET/ProjectDetails.aspx?IndexNum=289,POINT (-123.06888997 49.27729408),Grandview-Woodland,4,Clientele,Other
1356,294,,1256 Shorepine  Walk,Completed,1980,Alder Bay Co-op Housing Association,https://app.vancouver.ca/NonMarketHousing_NET/ProjectDetails.aspx?IndexNum=294,POINT (-123.1340075 49.26771357),Fairview,8,Clientele,Other
1357,295,,3335-45 Sophia St,Completed,1983,Robson Park Co-op Housing Association,https://app.vancouver.ca/NonMarketHousing_NET/ProjectDetails.aspx?IndexNum=295,POINT (-123.09872617 49.25501914),Riley Park,3,Clientele,Other
1360,300,,1091 Sitka Square,Completed,1977,New Chelsea Society,https://app.vancouver.ca/NonMarketHousing_NET/ProjectDetails.aspx?IndexNum=300,POINT (-123.13016336 49.26687114),Fairview,51,Clientele,Other
1361,303,,3641 Tuaq Dr,Completed,1982,Alexander Laidlaw Co-op Housing Association,https://app.vancouver.ca/NonMarketHousing_NET/ProjectDetails.aspx?IndexNum=303,POINT (-123.02555612 49.20868184),Killarney,10,Clientele,Other
1362,304,,3450 SE Marine Dr,Completed,1992,Sunbridge Co-op Housing Association,https://app.vancouver.ca/NonMarketHousing_NET/ProjectDetails.aspx?IndexNum=304,POINT (-123.03018455 49.20738444),Killarney,2,Clientele,Other
1363,306,,251 Union St,Completed,1993,S.U.C.C.E.S.S.,https://app.vancouver.ca/NonMarketHousing_NET/ProjectDetails.aspx?IndexNum=306,POINT (-123.0979086 49.27788193),Strathcona,8,Clientele,Other
1366,312,,1707 Wallace St,Completed,1978,Penta Co-op Housing Association,https://app.vancouver.ca/NonMarketHousing_NET/ProjectDetails.aspx?IndexNum=312,POINT (-123.18996814 49.27107928),West Point Grey,2,Clientele,Other
1369,322,,2390 Grandview Hwy S.,Completed,1994,New Chelsea Society,https://app.vancouver.ca/NonMarketHousing_NET/ProjectDetails.aspx?IndexNum=322,POINT (-123.05716498 49.2575755),Kensington-Cedar Cottage,1,Clientele,Other
1371,328,,5003 Boundary Rd,Completed,1996,Anita Lewis Co-op Housing Association,https://app.vancouver.ca/NonMarketHousing_NET/ProjectDetails.aspx?IndexNum=328,POINT (-123.02403574 49.23928138),Renfrew-Collingwood,2,Clientele,Other
1372,329,,1810 E Georgia,Completed,1995,Mavis McMullen Housing Society,https://app.vancouver.ca/NonMarketHousing_NET/ProjectDetails.aspx?IndexNum=329,POINT (-123.06779536 49.27818046),Grandview-Woodland,13,Clientele,Other
1373,330,,415 Alexander St,Completed,1996,Lookout Housing and Health Society,https://app.vancouver.ca/NonMarketHousing_NET/ProjectDetails.aspx?IndexNum=330,POINT (-123.09478791 49.28426436),Strathcona,66,Clientele,Other
1374,331,,600 Vernon Dr,Completed,1997,Pacific Community Resources Society,https://app.vancouver.ca/NonMarketHousing_NET/ProjectDetails.aspx?IndexNum=331,POINT (-123.07886158 49.27923858),Strathcona,15,Clientele,Other
1376,337,,415 Nelson St,Completed,1997,The 127 Society for Housing,https://app.vancouver.ca/NonMarketHousing_NET/ProjectDetails.aspx?IndexNum=337,POINT (-123.12011537 49.27770753),Downtown,90,Clientele,Other
1378,341,,3655 Clark Dr,Completed,1999,Lions Paraplegic Lodge Society,https://app.vancouver.ca/NonMarketHousing_NET/ProjectDetails.aspx?IndexNum=341,POINT (-123.07858216 49.25232759),Kensington-Cedar Cottage,39,Clientele,Other
1379,346,,1188 Pendrell St,Completed,1997,Coast Mental Health,https://app.vancouver.ca/NonMarketHousing_NET/ProjectDetails.aspx?IndexNum=346,POINT (-123.1321936 49.28216748),West End,31,Clientele,Other
1381,355,,2756 Victoria Dr,Completed,1994,Coast Mental Health,https://app.vancouver.ca/NonMarketHousing_NET/ProjectDetails.aspx?IndexNum=355,POINT (-123.06556434 49.25982107),Kensington-Cedar Cottage,9,Clientele,Other
1383,361,,27 W Pender St,Completed,2000,BC Indigenous Housing Society,https://app.vancouver.ca/NonMarketHousing_NET/ProjectDetails.aspx?IndexNum=361,POINT (-123.10573543 49.28104614),Downtown,98,Clientele,Other
1384,362,,1221 Seymour St,Completed,2000,Affordable Housing Societies,https://app.vancouver.ca/NonMarketHousing_NET/ProjectDetails.aspx?IndexNum=362,POINT (-123.12591112 49.27641924),Downtown,136,Clientele,Other
1386,372,,101 E Hastings St,Completed,1999,PHS Community Services Society,https://app.vancouver.ca/NonMarketHousing_NET/ProjectDetails.aspx?IndexNum=372,POINT (-123.10200044 49.28168281),Downtown,48,Clientele,Other
1387,376,,40 E Hastings St,Completed,2000,Neighbourhood Housing Society,https://app.vancouver.ca/NonMarketHousing_NET/ProjectDetails.aspx?IndexNum=376,POINT (-123.10334863 49.28110142),Downtown,84,Clientele,Other
1388,377,,2320 Franklin St,Completed,2001,Kiwassa Housing Society,https://app.vancouver.ca/NonMarketHousing_NET/ProjectDetails.aspx?IndexNum=377,POINT (-123.05727353 49.2818226),Grandview-Woodland,5,Clientele,Other
1389,382,,65 W Cordova St,Completed,2002,Lore Krill Co-operative Housing Association,https://app.vancouver.ca/NonMarketHousing_NET/ProjectDetails.aspx?IndexNum=382,POINT (-123.10598488 49.28306444),Downtown,96,Clientele,Other
1390,386,,239 E Georgia St,Completed,2002,Lore Krill Co-operative Housing Association,https://app.vancouver.ca/NonMarketHousing_NET/ProjectDetails.aspx?IndexNum=386,POINT (-123.09841302 49.27881639),Strathcona,55,Clientele,Other
1391,389,,2626 Watson St,Completed,2001,BC Indigenous Housing Society,https://app.vancouver.ca/NonMarketHousing_NET/ProjectDetails.aspx?IndexNum=389,POINT (-123.10014836 49.26173676),Mount Pleasant,39,Clientele,Other
1392,391,,668 Powell St,Completed,2001,Neighbourhood Housing Society,https://app.vancouver.ca/NonMarketHousing_NET/ProjectDetails.aspx?IndexNum=391,POINT (-123.09001295 49.28274762),Strathcona,61,Clientele,Other
1393,397,,2088 Yukon St,Completed,2002,Lookout Housing and Health Society,https://app.vancouver.ca/NonMarketHousing_NET/ProjectDetails.aspx?IndexNum=397,POINT (-123.11236726 49.26689088),Mount Pleasant,37,Clientele,Other
1394,399,,533 E Hastings St,Completed,2003,YWCA Vancouver,https://app.vancouver.ca/NonMarketHousing_NET/ProjectDetails.aspx?IndexNum=399,POINT (-123.09237802 49.28150949),Strathcona,12,Clientele,Other
1400,416,,1120 Comox St,Completed,2001,Mole Hill Community Housing Society,https://app.vancouver.ca/NonMarketHousing_NET/ProjectDetails.aspx?IndexNum=416,POINT (-123.12990117 49.28194798),West End,5,Clientele,Other
1401,423,,1139 Pendrell St,Completed,2002,Mole Hill Community Housing Society,https://app.vancouver.ca/NonMarketHousing_NET/ProjectDetails.aspx?IndexNum=423,POINT (-123.13087501 49.28194677),West End,5,Clientele,Other
1402,431,,1169 Pendrell St,Completed,2003,Mole Hill Community Housing Society,https://app.vancouver.ca/NonMarketHousing_NET/ProjectDetails.aspx?IndexNum=431,POINT (-123.13146455 49.28232847),West End,5,Clientele,Other
1403,432,,1163 Pendrell St,Completed,2003,Mole Hill Community Housing Society,https://app.vancouver.ca/NonMarketHousing_NET/ProjectDetails.aspx?IndexNum=432,POINT (-123.13136625 49.28226482),West End,5,Clientele,Other
1404,438,,1107 Thurlow St,Completed,2003,Mole Hill Community Housing Society,https://app.vancouver.ca/NonMarketHousing_NET/ProjectDetails.aspx?IndexNum=438,POINT (-123.1299919 49.28143782),West End,2,Clientele,Other
1405,442,,133 Powell St,Completed,1988,Four Sisters Co-op Housing Association,https://app.vancouver.ca/NonMarketHousing_NET/ProjectDetails.aspx?IndexNum=442,POINT (-123.10094244 49.28342665),Downtown,57,Clientele,Other
1407,461,,1465 Lamey's Mill Rd,Completed,1981,Twin Rainbows Co-op Housing Association,https://app.vancouver.ca/NonMarketHousing_NET/ProjectDetails.aspx?IndexNum=461,POINT (-123.13673059 49.26848936),Fairview,18,Clientele,Other
1409,472,,3390 School Ave,Completed,1984,Chilean Co-op Housing Association,https://app.vancouver.ca/NonMarketHousing_NET/ProjectDetails.aspx?IndexNum=472,POINT (-123.03304017 49.23080241),Killarney,4,Clientele,Other
1410,476,,396 Powell St,Completed,2008,Lookout Housing and Health Society,https://app.vancouver.ca/NonMarketHousing_NET/ProjectDetails.aspx?IndexNum=476,POINT (-123.0956261 49.28285515),Strathcona,109,Clientele,Other
1415,593,,3595 W 17th Av,Completed,2011,Coast Mental Health,https://app.vancouver.ca/NonMarketHousing_NET/ProjectDetails.aspx?IndexNum=593,POINT (-123.18469709 49.25758303),Dunbar-Southlands,51,Clientele,Other
1416,596,,215 W 2nd Av,Completed,2013,Sanford Housing Society,https://app.vancouver.ca/NonMarketHousing_NET/ProjectDetails.aspx?IndexNum=596,POINT (-123.11062365 49.26909722),Mount Pleasant,147,Clientele,Other
1417,602,,258 E Hastings St,Completed,2009,MPA Society,https://app.vancouver.ca/NonMarketHousing_NET/ProjectDetails.aspx?IndexNum=602,POINT (-123.09821929 49.2809366),Strathcona,25,Clientele,Other
1418,631,,2019 Dundas St,Completed,2011,Lu'Ma Native Housing Society,https://app.vancouver.ca/NonMarketHousing_NET/ProjectDetails.aspx?IndexNum=631,POINT (-123.06282257 49.28507629),Grandview-Woodland,16,Clientele,Other
1419,662,,337 W Pender St,Completed,2011,Coast Mental Health,https://app.vancouver.ca/NonMarketHousing_NET/ProjectDetails.aspx?IndexNum=662,POINT (-123.11130569 49.28269827),Downtown,96,Clientele,Other
1420,663,,5550 Yew St,Completed,2008,Brightside Community Homes Foundation,https://app.vancouver.ca/NonMarketHousing_NET/ProjectDetails.aspx?IndexNum=663,POINT (-123.15812808 49.23601141),Arbutus Ridge,22,Clientele,Other
1421,666,,1161 Granville St,Completed,2007,Coast Mental Health,https://app.vancouver.ca/NonMarketHousing_NET/ProjectDetails.aspx?IndexNum=666,POINT (-123.12594954 49.27771178),Downtown,86,Clientele,Other
1422,680,,1321 Richards St,Completed,2009,More Than a Roof Housing Society,https://app.vancouver.ca/NonMarketHousing_NET/ProjectDetails.aspx?IndexNum=680,POINT (-123.12663394 49.27468456),Downtown,87,Clientele,Other
1423,682,,111 Princess Av,Completed,2014,PHS Community Services Society,https://app.vancouver.ca/NonMarketHousing_NET/ProjectDetails.aspx?IndexNum=682,POINT (-123.09179574 49.28368398),Strathcona,139,Clientele,Other
1424,687,,596 E Hastings St,Completed,2007,Salvation Army,https://app.vancouver.ca/NonMarketHousing_NET/ProjectDetails.aspx?IndexNum=687,POINT (-123.09190356 49.28088944),Strathcona,85,Clientele,Other
1425,688,,456 E Hastings St,Completed,2009,BC Indigenous Housing Society,https://app.vancouver.ca/NonMarketHousing_NET/ProjectDetails.aspx?IndexNum=688,POINT (-123.09416143 49.28093028),Strathcona,55,Clientele,Other
1426,689,,2465 Fraser St,Completed,2014,BC Indigenous Housing Society,https://app.vancouver.ca/NonMarketHousing_NET/ProjectDetails.aspx?IndexNum=689,POINT (-123.08970693 49.26277669),Mount Pleasant,99,Clientele,Other
1427,691,,220 Princess Av,Completed,2015,Raincity Housing and Support Society,https://app.vancouver.ca/NonMarketHousing_NET/ProjectDetails.aspx?IndexNum=691,POINT (-123.09089702 49.2827536),Strathcona,123,Clientele,Other
1428,695,,566 Powell St,Completed,2009,Atira Property Management Inc.,https://app.vancouver.ca/NonMarketHousing_NET/ProjectDetails.aspx?IndexNum=695,POINT (-123.09191702 49.28279086),Strathcona,12,Clientele,Other
1429,697,,210 Abbott St,Completed,2009,Atira Property Management Inc.,https://app.vancouver.ca/NonMarketHousing_NET/ProjectDetails.aspx?IndexNum=697,POINT (-123.10628594 49.28355627),Downtown,63,Clientele,Other
1430,698,,344 E Hastings St,Completed,2009,MPA Society,https://app.vancouver.ca/NonMarketHousing_NET/ProjectDetails.aspx?IndexNum=698,POINT (-123.09637148 49.28097337),Strathcona,107,Clientele,Other
1431,715,,250 Powell St,Completed,2015,The Bloom Group,https://app.vancouver.ca/NonMarketHousing_NET/ProjectDetails.aspx?IndexNum=715,POINT (-123.09858031 49.28271871),Strathcona,96,Clientele,Other
1432,720,,25 E Hastings St,Completed,2013,Anhart Community Housing Society,https://app.vancouver.ca/NonMarketHousing_NET/ProjectDetails.aspx?IndexNum=720,POINT (-123.10361324 49.28170077),Downtown,70,Clientele,Other
1433,724,,3475 E Hastings St,Completed,2014,Community Builders Group,https://app.vancouver.ca/NonMarketHousing_NET/ProjectDetails.aspx?IndexNum=724,POINT (-123.02933128 49.28142124),Hastings-Sunrise,57,Clientele,Other
1434,732,,1300 Granville St,Completed,2014,Community Builders Group,https://app.vancouver.ca/NonMarketHousing_NET/ProjectDetails.aspx?IndexNum=732,POINT (-123.12766812 49.2757853),Downtown,43,Clientele,Other
1436,764,,626 Alexander,Completed,2015,Community Builders Group,https://app.vancouver.ca/NonMarketHousing_NET/ProjectDetails.aspx?IndexNum=764,POINT (-123.09066952 49.28366473),Strathcona,5,Clientele,Other
1437,766,,2610 Victoria,Completed,2016,Immigrant Services Society of BC (ISSofBC),https://app.vancouver.ca/NonMarketHousing_NET/ProjectDetails.aspx?IndexNum=766,POINT (-123.06540833 49.26105906),Kensington-Cedar Cottage,28,Clientele,Other
1439,772,,1105 Seymour St,Completed,2017,City of Vancouver,https://app.vancouver.ca/NonMarketHousing_NET/ProjectDetails.aspx?IndexNum=772,POINT (-123.12412411 49.27759099),Downtown,62,Clientele,Other
1440,773,,3338 Sawmill Crescent,Completed,2025,M'akola Housing Society,https://app.vancouver.ca/NonMarketHousing_NET/ProjectDetails.aspx?IndexNum=773,POINT (-123.03388168 49.20633158),Killarney,214,Clientele,Other
1441,776,,1106 Pendrell St,Completed,2018,CentralPC Housing Society,https://app.vancouver.ca/NonMarketHousing_NET/ProjectDetails.aspx?IndexNum=776,POINT (-123.13071805 49.28108568),West End,45,Clientele,Other
1444,784,,4105 Artbutus St,Completed,2021,YWCA Vancouver,https://app.vancouver.ca/NonMarketHousing_NET/ProjectDetails.aspx?IndexNum=784,POINT (-123.15398114 49.24854039),Arbutus Ridge,37,Clientele,Other
1445,785,,706 W 13th Ave,Under Construction,,Metro Vancouver Housing Corporation,,,Unknown,19,Clientele,Other
1446,787,,1171 Jervis St,Completed,2018,BC Indigenous Housing Society,https://app.vancouver.ca/NonMarketHousing_NET/ProjectDetails.aspx?IndexNum=787,POINT (-123.13510209 49.2831831),West End,14,Clientele,Other
1447,790,,420 Hawks Ave,Approved,,,,POINT (-123.08693581 49.28070574),Strathcona,7,Clientele,Other
1448,794,,313 Alexander St,Completed,2019,Atira Women’s Resource Society,https://app.vancouver.ca/NonMarketHousing_NET/ProjectDetails.aspx?IndexNum=794,POINT (-123.09734372 49.28422588),Strathcona,24,Clientele,Other
1451,799,,1395 Davie St,Completed,2021,BC Indigenous Housing Society,https://app.vancouver.ca/NonMarketHousing_NET/ProjectDetails.aspx?IndexNum=799,POINT (-123.13567833 49.28367795),West End,34,Clientele,Other
1452,801,,808 Nicola St,Completed,2024,City of Vancouver,https://app.vancouver.ca/NonMarketHousing_NET/ProjectDetails.aspx?IndexNum=801,POINT (-123.13082054 49.28809834),West End,41,Clientele,Other
1453,803,,7430 & 7460 Heather St,Completed,2018,Community Builders Group,https://app.vancouver.ca/NonMarketHousing_NET/ProjectDetails.aspx?IndexNum=803,POINT (-123.12130369 49.21814688),Marpole,78,Clientele,Other
1454,808,,3245 Pierview Crescent,Completed,2021,Kinship Housing Co-operative,https://app.vancouver.ca/NonMarketHousing_NET/ProjectDetails.aspx?IndexNum=808,POINT (-123.03866101 49.20724891),Killarney,20,Clientele,Other
1455,809,,3183 Pierview Crescent,Completed,2020,Kinship Housing Co-operative,https://app.vancouver.ca/NonMarketHousing_NET/ProjectDetails.aspx?IndexNum=809,POINT (-123.03975498 49.20767029),Killarney,20,Clientele,Other
1456,810,,2200 - 2300 W 45th Ave,Approved,,Fair Haven Homes Society,,POINT (-123.15944769 49.23115707),Kerrisdale,26,Clientele,Other
1457,813,,124 Powell St,Completed,,MPA Society,https://app.vancouver.ca/NonMarketHousing_NET/ProjectDetails.aspx?IndexNum=813,POINT (-123.10139469 49.28296884),Downtown,20,Clientele,Other
1458,829,,603 W 59th Ave,Completed,2022,S.U.C.C.E.S.S.,https://app.vancouver.ca/NonMarketHousing_NET/ProjectDetails.aspx?IndexNum=829,POINT (-123.11763069 49.21748457),Marpole,69,Clientele,Other
1459,830,,947 E Hastings St,Completed,2018,Lookout Housing and Health Society,https://app.vancouver.ca/NonMarketHousing_NET/ProjectDetails.aspx?IndexNum=830,POINT (-123.08403266 49.28133997),Strathcona,53,Clientele,Other
1460,832,,1636 Clark Dr,Under Construction,,S.U.C.C.E.S.S.,https://app.vancouver.ca/NonMarketHousing_NET/ProjectDetails.aspx?IndexNum=832,POINT (-123.07634909 49.26993257),Grandview-Woodland,58,Clientele,Other
1461,833,,1040-1080 Barclay St,Approved,,,,POINT (-123.1268872 49.28278154),West End,42,Clientele,Other
1462,844,,4480 Kaslo St,Completed,2018,Atira Property Management Inc.,https://app.vancouver.ca/NonMarketHousing_NET/ProjectDetails.aspx?IndexNum=844,POINT (-123.04676468 49.24496553),Renfrew-Collingwood,52,Clientele,Other
1463,846,,5077 and 5095 Heather St,Completed,2019,Lu'Ma Native Housing Society,https://app.vancouver.ca/NonMarketHousing_NET/ProjectDetails.aspx?IndexNum=846,POINT (-123.12185811 49.24025538),South Cambie,98,Clientele,Other
1464,855,,1406-1410 E King Edward Ave,Approved,,BC Indigenous Housing Society,,POINT (-123.07577498 49.24827208),Kensington-Cedar Cottage,109,Clientele,Other
1465,861,,258 Union St,Completed,2019,Atira Property Management Inc.,https://app.vancouver.ca/NonMarketHousing_NET/ProjectDetails.aspx?IndexNum=861,POINT (-123.09935941 49.27751701),Strathcona,52,Clientele,Other
1466,863,,616 E Cordova St,Completed,2022,Union Gospel Mission,https://app.vancouver.ca/NonMarketHousing_NET/ProjectDetails.aspx?IndexNum=863,POINT (-123.09098604 49.2818717),Strathcona,39,Clientele,Other
1467,864,,750 - 772 Pacific Blvd,Approved,,,,POINT (-123.10926942 49.27433899),Downtown,90,Clientele,Other
1470,877,,928 Main Street,Completed,2020,BC Housing,https://app.vancouver.ca/NonMarketHousing_NET/ProjectDetails.aspx?IndexNum=877,POINT (-123.09947676 49.27628169),Strathcona,38,Clientele,Other
1471,880,,733 W 14th Ave,Completed,2020,Metro Vancouver Housing Corporation,https://app.vancouver.ca/NonMarketHousing_NET/ProjectDetails.aspx?IndexNum=880,POINT (-123.12117113 49.25887258),Fairview,31,Clientele,Other
1472,886,,8460 Ash St & 8495 Cambie St,Under Construction,,,,POINT (-123.11850904 49.20851404),Marpole,50,Clientele,Other
1473,888,,150 E 36th Ave,Under Construction,,,,,Unknown,12,Clientele,Other
1474,893,,480 Broughton St,Under Construction,,,,POINT (-123.12518254 49.29006102),Downtown,25,Clientele,Other
1477,902,,1580 Vernon Drive,Completed,2021,Community Builders Group,https://app.vancouver.ca/NonMarketHousing_NET/ProjectDetails.aspx?IndexNum=902,POINT (-123.07812141 49.27036968),Strathcona,98,Clientele,Other
1478,907,,103 E Hastings St,Completed,2021,PHS Community Services Society,https://app.vancouver.ca/NonMarketHousing_NET/ProjectDetails.aspx?IndexNum=907,POINT (-123.10184433 49.28168053),Downtown,8,Clientele,Other
1479,909,,18 W Hastings St,Completed,2021,Atira Women’s Resource Society,https://app.vancouver.ca/NonMarketHousing_NET/ProjectDetails.aspx?IndexNum=909,POINT (-123.10520873 49.28140831),Downtown,30,Clientele,Other
1480,910,,1012 Main St,Completed,2021,BC Housing,https://app.vancouver.ca/NonMarketHousing_NET/ProjectDetails.aspx?IndexNum=910,POINT (-123.09952168 49.27545949),Strathcona,31,Clientele,Other
1481,911,,205 Kingsway,Completed,2021,Coast Mental Health,https://app.vancouver.ca/NonMarketHousing_NET/ProjectDetails.aspx?IndexNum=911,POINT (-123.09796745 49.26178772),Mount Pleasant,68,Clientele,Other
1482,914,,403 E Hastings St,Completed,2021,Atira Property Management Inc.,https://app.vancouver.ca/NonMarketHousing_NET/ProjectDetails.aspx?IndexNum=914,POINT (-123.09499268 49.28154319),Strathcona,145,Clientele,Other
1483,915,,558 Keefer St,Completed,2020,Lookout Housing and Health Society,https://app.vancouver.ca/NonMarketHousing_NET/ProjectDetails.aspx?IndexNum=915,POINT (-123.09220455 49.2790753),Strathcona,15,Clientele,Other
1485,930,,2518-2540 Grandview Hwy S,Approved,,Community Builders Group,,POINT (-123.05428665 49.25722967),Renfrew-Collingwood,64,Clientele,Other
1486,931,,1925 SE Marine Dr,Under Construction,,Kettle Society,https://app.vancouver.ca/NonMarketHousing_NET/ProjectDetails.aspx?IndexNum=931,,Unknown,72,Clientele,Other
1487,932,,95 SW Marine Dr,Completed,2022,New Chelsea Society,https://app.vancouver.ca/NonMarketHousing_NET/ProjectDetails.aspx?IndexNum=932,POINT (-123.10844101 49.21273011),Marpole,23,Clientele,Other
1488,943,,1656 Adanac St,Under Construction,,Entre Nous Femmes Housing Society,https://app.vancouver.ca/NonMarketHousing_NET/ProjectDetails.aspx?IndexNum=943,POINT (-123.0715201 49.27732861),Grandview-Woodland,48,Clientele,Other
1489,949,,528 Powell St,Under Construction,,Lookout Housing and Health Society,,POINT (-123.09249245 49.2828015),Strathcona,95,Clientele,Other
1490,954,,303 Columbia St,Completed,,Atira Property Management Inc.,https://app.vancouver.ca/NonMarketHousing_NET/ProjectDetails.aspx?IndexNum=954,POINT (-123.1025442 49.28207009),Downtown,78,Clientele,Other
1491,955,,796 Main St,Completed,,Hogan's Alley Society,https://app.vancouver.ca/NonMarketHousing_NET/ProjectDetails.aspx?IndexNum=955,POINT (-123.09933634 49.27790004),Strathcona,27,Clientele,Other
1492,956,,84 W Hastings St,Completed,1999,Central City Foundation,https://app.vancouver.ca/NonMarketHousing_NET/ProjectDetails.aspx?IndexNum=956,POINT (-123.10713559 49.2816849),Downtown,70,Clientele,Other
1493,968,,29 W Hastings St,Completed,2003,Central City Foundation,https://app.vancouver.ca/NonMarketHousing_NET/ProjectDetails.aspx?IndexNum=968,POINT (-123.10560541 49.28199128),Downtown,42,Clientele,Other
1494,969,,8427-8482 Cambie St,Proposed,,,,POINT (-123.11770046 49.20908476),Marpole,27,Clientele,Other
1496,985,,8820 Cartier St,Completed,2024,Lookout Housing and Health Society,https://app.vancouver.ca/NonMarketHousing_NET/ProjectDetails.aspx?IndexNum=985,POINT (-123.13735164 49.20557857),Marpole,18,Clientele,Other
1498,990,,122 Water St,Completed,2014,Atira Property Management Inc.,https://app.vancouver.ca/NonMarketHousing_NET/ProjectDetails.aspx?IndexNum=990,POINT (-123.10703834 49.28369274),Downtown,140,Clientele,Other
1499,992,,1516 Powell St,Completed,2014,Atira Property Management Inc.,https://app.vancouver.ca/NonMarketHousing_NET/ProjectDetails.aspx?IndexNum=992,POINT (-123.07335302 49.28298396),Grandview-Woodland,101,Clientele,Other
1500,994,,362 Alexander St,Completed,2013,Atira Women’s Resource Society,https://app.vancouver.ca/NonMarketHousing_NET/ProjectDetails.aspx?IndexNum=994,POINT (-123.09569679 49.28375815),Strathcona,32,Clientele,Other
1501,995,,485 Dunlevy Ave,Completed,1984,Atira Women’s Resource Society,https://app.vancouver.ca/NonMarketHousing_NET/ProjectDetails.aspx?IndexNum=995,POINT (-123.09570768 49.28056884),Strathcona,32,Clientele,Other
1502,2,,1590 W 1st Ave,Completed,1983,Marina Co-op Housing Association,https://app.vancouver.ca/NonMarketHousing_NET/ProjectDetails.aspx?IndexNum=2,POINT (-123.14070438 49.2708485),Fairview,12,Clientele,Other
1503,3,,1675 Cypress St,Completed,1986,Inti Co-op Housing Association,https://app.vancouver.ca/NonMarketHousing_NET/ProjectDetails.aspx?IndexNum=3,POINT (-123.14820598 49.27095637),Kitsilano,6,Clientele,Other
1504,5,,1714 Maple St,Completed,1977,Sam Greer Place Co-op Housing Association,https://app.vancouver.ca/NonMarketHousing_NET/ProjectDetails.aspx?IndexNum=5,POINT (-123.14995826 49.27046454),Kitsilano,8,Clientele,Other
1507,14,,1580 E 3rd Ave,Completed,1985,Paloma Co-op Housing Association,https://app.vancouver.ca/NonMarketHousing_NET/ProjectDetails.aspx?IndexNum=14,POINT (-123.07135058 49.26754704),Grandview-Woodland,12,Clientele,Other
1508,15,,1650 E 3rd Ave,Completed,1980,Coast Mental Health,https://app.vancouver.ca/NonMarketHousing_NET/ProjectDetails.aspx?IndexNum=15,POINT (-123.07052101 49.26754083),Grandview-Woodland,33,Clientele,Other
1509,16,,2495 W 3rd Ave,Completed,1974,Brightside Community Homes Foundation,https://app.vancouver.ca/NonMarketHousing_NET/ProjectDetails.aspx?IndexNum=16,POINT (-123.16187563 49.26939934),Kitsilano,1,Clientele,Other
1510,21,,1528 E 5th Ave,Completed,1987,Sunrise Co-op Housing Association,https://app.vancouver.ca/NonMarketHousing_NET/ProjectDetails.aspx?IndexNum=21,POINT (-123.07335792 49.26575239),Grandview-Woodland,8,Clientele,Other
1511,22,,1556 E 5th Ave,Completed,1986,Rising Star Co-op Housing Association,https://app.vancouver.ca/NonMarketHousing_NET/ProjectDetails.aspx?IndexNum=22,POINT (-123.0721715 49.26574265),Grandview-Woodland,9,Clientele,Other
1512,23,,1575 E 5th Ave,Completed,1986,BC Indigenous Housing Society,https://app.vancouver.ca/NonMarketHousing_NET/ProjectDetails.aspx?IndexNum=23,POINT (-123.07186116 49.26625345),Grandview-Woodland,1,Clientele,Other
1513,29,,1865 E 10th Ave,Completed,1994,Burlington Heights Co-op Housing Assoc,https://app.vancouver.ca/NonMarketHousing_NET/ProjectDetails.aspx?IndexNum=29,POINT (-123.06687208 49.26161645),Kensington-Cedar Cottage,1,Clientele,Other
1514,32,,600 E 6th Ave,Completed,1970,BC Housing,https://app.vancouver.ca/NonMarketHousing_NET/ProjectDetails.aspx?IndexNum=32,POINT (-123.09008792 49.2649808),Mount Pleasant,28,Clientele,Other
1515,35,,1620 E 6th Ave,Completed,1965,Brightside Community Homes Foundation,https://app.vancouver.ca/NonMarketHousing_NET/ProjectDetails.aspx?IndexNum=35,POINT (-123.0713509 49.26471876),Grandview-Woodland,1,Clientele,Other
1516,38,,960 W 6th Ave,Completed,1987,Charleston Terrace Co-op Housing Association,https://app.vancouver.ca/NonMarketHousing_NET/ProjectDetails.aspx?IndexNum=38,POINT (-123.12571992 49.26572477),Fairview,18,Clientele,Other
1517,40,,745 W 7th Ave,Completed,1982,MPA Society,https://app.vancouver.ca/NonMarketHousing_NET/ProjectDetails.aspx?IndexNum=40,POINT (-123.1208978 49.26530307),Fairview,14,Clientele,Other
1518,45,,1333 E 7th Ave,Completed,1985,BC Indigenous Housing Society,https://app.vancouver.ca/NonMarketHousing_NET/ProjectDetails.aspx?IndexNum=45,POINT (-123.07649546 49.26448248),Grandview-Woodland,8,Clientele,Other
1520,50,,1219 E 8th Ave,Completed,1984,Lu'Ma Native Housing Society,https://app.vancouver.ca/NonMarketHousing_NET/ProjectDetails.aspx?IndexNum=50,POINT (-123.07898388 49.26358712),Mount Pleasant,15,Clientele,Other
1521,54,,717 W 8th Ave,Completed,1986,Heritage Co-op Housing Association,https://app.vancouver.ca/NonMarketHousing_NET/ProjectDetails.aspx?IndexNum=54,POINT (-123.12042184 49.26446677),Fairview,10,Clientele,Other
1522,60,,12 W 10th Ave,Completed,1981,View Court Co-op Housing Association,https://app.vancouver.ca/NonMarketHousing_NET/ProjectDetails.aspx?IndexNum=60,POINT (-123.10540528 49.26184174),Mount Pleasant,30,Clientele,Other
1523,63,,2060 W 10th Ave,Completed,1990,Vancouver Resource Society for the Physically Disabled,https://app.vancouver.ca/NonMarketHousing_NET/ProjectDetails.aspx?IndexNum=63,POINT (-123.15208112 49.26268769),Kitsilano,14,Clientele,Other
1527,74,,2950 Heather St,Completed,1986,Domego Co-op Housing Association,https://app.vancouver.ca/NonMarketHousing_NET/ProjectDetails.aspx?IndexNum=74,POINT (-123.11952103 49.25905197),Fairview,5,Clientele,Other
1528,75,,234 E 15th Ave,Completed,1986,Robson Park Co-op Housing Association,https://app.vancouver.ca/NonMarketHousing_NET/ProjectDetails.aspx?IndexNum=75,POINT (-123.09989042 49.26616758),Mount Pleasant,9,Clientele,Other
1531,87,,449 E 44th Ave,Completed,1986,Griffin's Walk Co-op Housing Association,https://app.vancouver.ca/NonMarketHousing_NET/ProjectDetails.aspx?IndexNum=87,POINT (-123.09528457 49.23042163),Sunset,8,Clientele,Other
1532,88,,625 W 45th Ave,Completed,1985,Chishaun Housing Society,https://app.vancouver.ca/NonMarketHousing_NET/ProjectDetails.aspx?IndexNum=88,POINT (-123.11886021 49.23018016),Oakridge,1,Clientele,Other
1533,89,,7100 Killarney St,Completed,1989,Killarney Gardens Co-op Housing Association,https://app.vancouver.ca/NonMarketHousing_NET/ProjectDetails.aspx?IndexNum=89,POINT (-123.04367102 49.21915358),Killarney,12,Clientele,Other
1536,110,,1047 Barclay St,Completed,1985,Amicae Co-op Housing Association,https://app.vancouver.ca/NonMarketHousing_NET/ProjectDetails.aspx?IndexNum=110,POINT (-123.12576855 49.28281722),West End,14,Clientele,Other
1538,114,,7155 Blake St,Completed,1975,Kanata Co-op Housing Association,https://app.vancouver.ca/NonMarketHousing_NET/ProjectDetails.aspx?IndexNum=114,POINT (-123.03056313 49.21811899),Killarney,8,Clientele,Other
1542,139,,1528 Comox St,Completed,1977,BC Housing,https://app.vancouver.ca/NonMarketHousing_NET/ProjectDetails.aspx?IndexNum=139,POINT (-123.13615031 49.28597748),West End,5,Clientele,Other
1543,142,,129 E Cordova St,Completed,1987,Salvation Army,https://app.vancouver.ca/NonMarketHousing_NET/ProjectDetails.aspx?IndexNum=142,POINT (-123.10098812 49.28256711),Downtown,44,Clientele,Other
1546,150,,2310 Cornwall Ave,Completed,1982,Melton Court Co-op Housing Association,https://app.vancouver.ca/NonMarketHousing_NET/ProjectDetails.aspx?IndexNum=150,POINT (-123.15780793 49.2723574),Kitsilano,16,Clientele,Other
1547,163,,3520 Euclid Ave,Completed,1979,Metro Vancouver Housing Corporation,https://app.vancouver.ca/NonMarketHousing_NET/ProjectDetails.aspx?IndexNum=163,POINT (-123.02988574 49.2344612),Renfrew-Collingwood,4,Clientele,Other
1548,165,,1721 Franklin St,Completed,1982,BC Indigenous Housing Society,https://app.vancouver.ca/NonMarketHousing_NET/ProjectDetails.aspx?IndexNum=165,POINT (-123.06979076 49.28242758),Grandview-Woodland,32,Clientele,Other
1549,171,,1856 E Georgia St,Completed,1987,BC Indigenous Housing Society,https://app.vancouver.ca/NonMarketHousing_NET/ProjectDetails.aspx?IndexNum=171,POINT (-123.0664843 49.27815551),Grandview-Woodland,1,Clientele,Other
1550,176,,2775 Cooperative Way,Completed,1992,Kaslo Gardens Co-op Housing Association,https://app.vancouver.ca/NonMarketHousing_NET/ProjectDetails.aspx?IndexNum=176,POINT (-123.04775452 49.25738833),Renfrew-Collingwood,15,Clientele,Other
1551,177,,2730 Cooperative Way,Completed,1992,Still Creek Co-op Housing Association,https://app.vancouver.ca/NonMarketHousing_NET/ProjectDetails.aspx?IndexNum=177,POINT (-123.04889439 49.25732576),Renfrew-Collingwood,11,Clientele,Other
1553,183,,1550 Woodland Dr,Completed,1986,Sitka Co-op Housing Association,https://app.vancouver.ca/NonMarketHousing_NET/ProjectDetails.aspx?IndexNum=183,POINT (-123.07305553 49.27078715),Grandview-Woodland,8,Clientele,Other
1554,184,,1339 Graveley St,Completed,1988,BC Indigenous Housing Society,https://app.vancouver.ca/NonMarketHousing_NET/ProjectDetails.aspx?IndexNum=184,POINT (-123.07637895 49.27082772),Grandview-Woodland,2,Clientele,Other
1557,201,,8828 Hudson St,Completed,1988,Eburne Landing Co-op Housing Association,https://app.vancouver.ca/NonMarketHousing_NET/ProjectDetails.aspx?IndexNum=201,POINT (-123.13433186 49.20534612),Marpole,16,Clientele,Other
1562,220,,1483 Lamey's Mill Rd,Completed,1985,Creekview Co-op Housing Association,https://app.vancouver.ca/NonMarketHousing_NET/ProjectDetails.aspx?IndexNum=220,POINT (-123.1370449 49.26932061),Fairview,38,Clientele,Other
1564,224,,1189 Main St,Completed,1992,Affordable Housing Societies,https://app.vancouver.ca/NonMarketHousing_NET/ProjectDetails.aspx?IndexNum=224,POINT (-123.10049338 49.27408446),Downtown,2,Clientele,Other
1565,225,,1129 Main St,Completed,1992,Affordable Housing Societies,https://app.vancouver.ca/NonMarketHousing_NET/ProjectDetails.aspx?IndexNum=225,POINT (-123.10047839 49.27455606),Downtown,2,Clientele,Other
1569,236,,3410 McIntyre Dr,Completed,1984,Arlington Grove Co-op Housing Association,https://app.vancouver.ca/NonMarketHousing_NET/ProjectDetails.aspx?IndexNum=236,POINT (-123.0314457 49.21961153),Killarney,8,Clientele,Other
1570,237,,800 McLean Dr,Completed,1976,BC Housing,https://app.vancouver.ca/NonMarketHousing_NET/ProjectDetails.aspx?IndexNum=237,POINT (-123.07393952 49.27734561),Grandview-Woodland,19,Clientele,Other
1571,239,,1885 McLean Dr,Completed,1986,Coast Mental Health,https://app.vancouver.ca/NonMarketHousing_NET/ProjectDetails.aspx?IndexNum=239,POINT (-123.07596571 49.26809347),Grandview-Woodland,25,Clientele,Other
1572,240,,711 Millyard,Completed,1977,False Creek Co-op Housing Association,https://app.vancouver.ca/NonMarketHousing_NET/ProjectDetails.aspx?IndexNum=240,POINT (-123.12174954 49.26694875),Fairview,16,Clientele,Other
1573,241,,16 Nanaimo St,Completed,1987,Affordable Housing Societies,https://app.vancouver.ca/NonMarketHousing_NET/ProjectDetails.aspx?IndexNum=241,POINT (-123.05609131 49.28423783),Hastings-Sunrise,5,Clientele,Other
1574,242,,76 N Nanaimo St,Completed,1987,Affordable Housing Societies,https://app.vancouver.ca/NonMarketHousing_NET/ProjectDetails.aspx?IndexNum=242,POINT (-123.0560918 49.28535684),Hastings-Sunrise,4,Clientele,Other
1575,243,,3075 Nanaimo St,Completed,1962,New Chelsea Society,https://app.vancouver.ca/NonMarketHousing_NET/ProjectDetails.aspx?IndexNum=243,POINT (-123.05714229 49.25707726),Kensington-Cedar Cottage,1,Clientele,Other
1577,248,,1763 Nelson St,Completed,1983,Sojourn Co-op Housing Association,https://app.vancouver.ca/NonMarketHousing_NET/ProjectDetails.aspx?IndexNum=248,POINT (-123.1377026 49.28912892),West End,12,Clientele,Other
1578,249,,2929 Nootka St,Completed,1979,Metro Vancouver Housing Corporation,https://app.vancouver.ca/NonMarketHousing_NET/ProjectDetails.aspx?IndexNum=249,POINT (-123.04263316 49.25744846),Renfrew-Collingwood,23,Clientele,Other
1579,251,,1110 Odlum Dr,Completed,1983,Tidal Flats Co-op Housing Association,https://app.vancouver.ca/NonMarketHousing_NET/ProjectDetails.aspx?IndexNum=251,POINT (-123.07546996 49.27463356),Grandview-Woodland,7,Clientele,Other
1580,253,,128 N Nanaimo St,Completed,1992,Kiwassa Housing Society,https://app.vancouver.ca/NonMarketHousing_NET/ProjectDetails.aspx?IndexNum=253,POINT (-123.0558684 49.28599067),Hastings-Sunrise,1,Clientele,Other
1581,257,,350 E Pender St,Completed,1982,Mau Dan Gardens Co-op Housing Association,https://app.vancouver.ca/NonMarketHousing_NET/ProjectDetails.aspx?IndexNum=257,POINT (-123.0957684 49.27984549),Strathcona,25,Clientele,Other
1583,259,,853 E Pender St,Completed,1982,Rose Garden Co-op Housing Association,https://app.vancouver.ca/NonMarketHousing_NET/ProjectDetails.aspx?IndexNum=259,POINT (-123.0858665 49.28037655),Strathcona,48,Clientele,Other
1584,267,,133 W Pender St,Completed,1990,BC Indigenous Housing Society,https://app.vancouver.ca/NonMarketHousing_NET/ProjectDetails.aspx?IndexNum=267,POINT (-123.10855569 49.28154278),Downtown,5,Clientele,Other
1585,279,,1725 E Pender St,Completed,1994,BC Indigenous Housing Society,https://app.vancouver.ca/NonMarketHousing_NET/ProjectDetails.aspx?IndexNum=279,POINT (-123.06970069 49.28053613),Grandview-Woodland,2,Clientele,Other
1589,296,,1873 Spyglass Place,Completed,1984,Metro Vancouver Housing Corporation,https://app.vancouver.ca/NonMarketHousing_NET/ProjectDetails.aspx?IndexNum=296,POINT (-123.11579149 49.26864189),Fairview,20,Clientele,Other
1590,299,,225 N Templeton Dr,Completed,1984,Lu'Ma Native Housing Society,https://app.vancouver.ca/NonMarketHousing_NET/ProjectDetails.aspx?IndexNum=299,POINT (-123.0600295 49.28712107),Grandview-Woodland,3,Clientele,Other
1593,321,,510 Alexander St,Completed,1993,Lookout Housing and Health Society,https://app.vancouver.ca/NonMarketHousing_NET/ProjectDetails.aspx?IndexNum=321,POINT (-123.09262135 49.2837058),Strathcona,4,Clientele,Other
1594,323,,238 Davie St,Completed,1993,Brightside Community Homes Foundation,https://app.vancouver.ca/NonMarketHousing_NET/ProjectDetails.aspx?IndexNum=323,POINT (-123.12370772 49.27375636),Downtown,5,Clientele,Other
1595,326,,2950 Euclid Ave,Completed,1993,Brightside Community Homes Foundation,https://app.vancouver.ca/NonMarketHousing_NET/ProjectDetails.aspx?IndexNum=326,POINT (-123.04369648 49.24006198),Renfrew-Collingwood,1,Clientele,Other
1596,338,,2260 W 10th Ave,Completed,1999,Arbutus Co-op Housing Association,https://app.vancouver.ca/NonMarketHousing_NET/ProjectDetails.aspx?IndexNum=338,POINT (-123.15663359 49.26266126),Kitsilano,24,Clientele,Other
1598,348,,2588 Nanaimo St,Completed,1998,Brightside Community Homes Foundation,https://app.vancouver.ca/NonMarketHousing_NET/ProjectDetails.aspx?IndexNum=348,POINT (-123.0561524 49.26134544),Renfrew-Collingwood,4,Clientele,Other
1599,356,,20 W  Hastings St,Completed,2000,PHS Community Services Society,https://app.vancouver.ca/NonMarketHousing_NET/ProjectDetails.aspx?IndexNum=356,POINT (-123.10547529 49.28138819),Downtown,86,Clientele,Other
1600,357,,144 Heatley Ave,Completed,1993,Raincity Housing and Support Society,https://app.vancouver.ca/NonMarketHousing_NET/ProjectDetails.aspx?IndexNum=357,POINT (-123.08914065 49.28325701),Strathcona,27,Clientele,Other
1601,358,,380 Main St,Completed,1998,Neighbourhood Housing Society,https://app.vancouver.ca/NonMarketHousing_NET/ProjectDetails.aspx?IndexNum=358,POINT (-123.09917453 49.28168215),Strathcona,35,Clientele,Other
1603,364,,1640 Graveley St,Completed,1998,Lu'Ma Native Housing Society,https://app.vancouver.ca/NonMarketHousing_NET/ProjectDetails.aspx?IndexNum=364,POINT (-123.07051679 49.27026481),Grandview-Woodland,1,Clientele,Other
1604,366,,561 E 16th Ave,Completed,2000,Sanford Housing Society,https://app.vancouver.ca/NonMarketHousing_NET/ProjectDetails.aspx?IndexNum=366,POINT (-123.09238571 49.25672665),Mount Pleasant,18,Clientele,Other
1605,367,,275 Alexander St,Completed,1999,The Core Artists Co-op,https://app.vancouver.ca/NonMarketHousing_NET/ProjectDetails.aspx?IndexNum=367,POINT (-123.09842997 49.28443077),Strathcona,30,Clientele,Other
1606,371,,1600 E 8th Ave,Completed,1998,Kettle Society,https://app.vancouver.ca/NonMarketHousing_NET/ProjectDetails.aspx?IndexNum=371,POINT (-123.0716834 49.26302735),Grandview-Woodland,18,Clientele,Other
1607,373,,177 E Hastings St,Completed,1999,PHS Community Services Society,https://app.vancouver.ca/NonMarketHousing_NET/ProjectDetails.aspx?IndexNum=373,POINT (-123.10048315 49.28165538),Downtown,81,Clientele,Other
1608,379,,65 E Hastings St,Completed,2009,Raincity Housing and Support Society,https://app.vancouver.ca/NonMarketHousing_NET/ProjectDetails.aspx?IndexNum=379,POINT (-123.10290041 49.28169883),Downtown,92,Clientele,Other
1609,380,,201 Alvin Narod Mews,Completed,2001,Affordable Housing Societies,https://app.vancouver.ca/NonMarketHousing_NET/ProjectDetails.aspx?IndexNum=380,POINT (-123.12004247 49.27489914),Downtown,1,Clientele,Other
1610,383,,146 W Hastings St,Completed,2000,PHS Community Services Society,https://app.vancouver.ca/NonMarketHousing_NET/ProjectDetails.aspx?IndexNum=383,POINT (-123.10880758 49.28198916),Downtown,40,Clientele,Other
1611,394,,188 Milross Ave,Completed,2002,City Gate Co-op Hsg Asoc.,https://app.vancouver.ca/NonMarketHousing_NET/ProjectDetails.aspx?IndexNum=394,POINT (-123.10039806 49.27563582),Downtown,10,Clientele,Other
1612,400,,1254 E 8th Ave,Completed,2004,Lu'Ma Native Housing Society,https://app.vancouver.ca/NonMarketHousing_NET/ProjectDetails.aspx?IndexNum=400,POINT (-123.07803227 49.2630781),Mount Pleasant,6,Clientele,Other
1614,405,,1220 Salsbury Dr,Completed,1981,Vancouver East Co-op Housing Association,https://app.vancouver.ca/NonMarketHousing_NET/ProjectDetails.aspx?IndexNum=405,POINT (-123.06726741 49.27352487),Grandview-Woodland,8,Clientele,Other
1616,417,,1122 Comox St,Completed,2001,Mole Hill Community Housing Society,https://app.vancouver.ca/NonMarketHousing_NET/ProjectDetails.aspx?IndexNum=417,POINT (-123.12999955 49.28201171),West End,5,Clientele,Other
1617,420,,1146 Comox St,Completed,2001,Mole Hill Community Housing Society,https://app.vancouver.ca/NonMarketHousing_NET/ProjectDetails.aspx?IndexNum=420,POINT (-123.13049068 49.28232982),West End,5,Clientele,Other
1618,422,,1137 Pendrell St,Completed,2002,Mole Hill Community Housing Society,https://app.vancouver.ca/NonMarketHousing_NET/ProjectDetails.aspx?IndexNum=422,POINT (-123.1306738 49.28181043),West End,6,Clientele,Other
1619,424,,1154 Comox St,Completed,2003,Mole Hill Community Housing Society,https://app.vancouver.ca/NonMarketHousing_NET/ProjectDetails.aspx?IndexNum=424,POINT (-123.13068653 49.2824566),West End,3,Clientele,Other
1620,425,,1160 Comox St,Completed,2003,Mole Hill Community Housing Society,https://app.vancouver.ca/NonMarketHousing_NET/ProjectDetails.aspx?IndexNum=425,POINT (-123.1307847 49.2825202),West End,4,Clientele,Other
1622,427,,1170 Comox St,Completed,2003,Mole Hill Community Housing Society,https://app.vancouver.ca/NonMarketHousing_NET/ProjectDetails.aspx?IndexNum=427,POINT (-123.13108016 49.2827116),West End,2,Clientele,Other
1623,434,,1157 Pendrell St,Completed,2003,Mole Hill Community Housing Society,https://app.vancouver.ca/NonMarketHousing_NET/ProjectDetails.aspx?IndexNum=434,POINT (-123.1311698 49.28213766),West End,8,Clientele,Other
1624,440,,1119 Thurlow St,Completed,2003,Mole Hill Community Housing Society,https://app.vancouver.ca/NonMarketHousing_NET/ProjectDetails.aspx?IndexNum=440,POINT (-123.13018469 49.28131028),West End,7,Clientele,Other
1626,483,,131 W Hastings St,Completed,2010,PHS Community Services Society,https://app.vancouver.ca/NonMarketHousing_NET/ProjectDetails.aspx?IndexNum=483,POINT (-123.10776232 49.28276526),Downtown,125,Clientele,Other
1628,492,,2864 E 5th Ave,Completed,1983,Access Co-op Housing Association,https://app.vancouver.ca/NonMarketHousing_NET/ProjectDetails.aspx?IndexNum=492,POINT (-123.04557776 49.26540171),Hastings-Sunrise,8,Clientele,Other
1629,493,,1261 Granville St,Completed,2005,City of Vancouver,https://app.vancouver.ca/NonMarketHousing_NET/ProjectDetails.aspx?IndexNum=493,POINT (-123.12746742 49.27669007),Downtown,83,Clientele,Other
1633,597,,1601 W 7th Av,Completed,2012,Sanford Housing Society,https://app.vancouver.ca/NonMarketHousing_NET/ProjectDetails.aspx?IndexNum=597,POINT (-123.14131128 49.26563829),Fairview,62,Clientele,Other
1634,634,,2980 Nanaimo,Completed,2012,Lu'Ma Native Housing Society,https://app.vancouver.ca/NonMarketHousing_NET/ProjectDetails.aspx?IndexNum=634,POINT (-123.05614045 49.25719768),Renfrew-Collingwood,6,Clientele,Other
1635,647,,80 Walter Hardwick Ave.,Completed,2010,S.U.C.C.E.S.S.,https://app.vancouver.ca/NonMarketHousing_NET/ProjectDetails.aspx?IndexNum=647,POINT (-123.1057161 49.27075307),Mount Pleasant,26,Clientele,Other
1636,648,,122 Walter Hardwick Ave.,Completed,2010,S.U.C.C.E.S.S.,https://app.vancouver.ca/NonMarketHousing_NET/ProjectDetails.aspx?IndexNum=648,POINT (-123.10760298 49.27078693),Mount Pleasant,39,Clientele,Other
1637,649,,151 W. 1st Ave.,Completed,2010,Co-operative Housing Federation of BC,https://app.vancouver.ca/NonMarketHousing_NET/ProjectDetails.aspx?IndexNum=649,POINT (-123.10861889 49.27064319),Mount Pleasant,7,Clientele,Other
1638,668,,404 Hawks Ave,Completed,2007,Atira Women’s Resource Society,https://app.vancouver.ca/NonMarketHousing_NET/ProjectDetails.aspx?IndexNum=668,POINT (-123.08690641 49.28086915),Strathcona,38,Clientele,Other
1639,692,,1436 West 71st Avenue,Completed,2008,Tikva Housing Society,https://app.vancouver.ca/NonMarketHousing_NET/ProjectDetails.aspx?IndexNum=692,POINT (-123.13817325 49.20677619),Marpole,11,Clientele,Other
1640,705,,2304 W 8th Av,Completed,2012,Kitsilano Neighbourhood House,https://app.vancouver.ca/NonMarketHousing_NET/ProjectDetails.aspx?IndexNum=705,POINT (-123.15800935 49.26456261),Kitsilano,10,Clientele,Other
1641,708,,618 Commercial Dr,Completed,2010,Coast Mental Health,https://app.vancouver.ca/NonMarketHousing_NET/ProjectDetails.aspx?IndexNum=708,POINT (-123.0701159 49.27910862),Grandview-Woodland,18,Clientele,Other
1642,710,,728 W 8th Ave,Completed,2012,Heritage Co-op Housing Association,https://app.vancouver.ca/NonMarketHousing_NET/ProjectDetails.aspx?IndexNum=710,POINT (-123.12046637 49.2639696),Fairview,5,Clientele,Other
1647,760,,557 E Cordova St,Completed,2015,MPA Society,https://app.vancouver.ca/NonMarketHousing_NET/ProjectDetails.aspx?IndexNum=760,POINT (-123.09214537 49.28239934),Strathcona,5,Clientele,Other
1648,775,,1720 Kingsway,Completed,2017,Sanford Housing Society,https://app.vancouver.ca/NonMarketHousing_NET/ProjectDetails.aspx?IndexNum=775,POINT (-123.06946375 49.24684661),Kensington-Cedar Cottage,48,Clientele,Other
1649,786,,41 E Hastings St,Completed,2018,Atira Women’s Resource Society,https://app.vancouver.ca/NonMarketHousing_NET/ProjectDetails.aspx?IndexNum=786,POINT (-123.10334078 49.28172425),Downtown,120,Clientele,Other
1650,791,,1495 W 8th Ave,Completed,2021,Vancouver Masonic Centre,https://app.vancouver.ca/NonMarketHousing_NET/ProjectDetails.aspx?IndexNum=791,POINT (-123.13751409 49.26497349),Fairview,111,Clientele,Other
1651,792,,946 - 950 Main St,Completed,2021,Lu'Ma Native Housing Society,https://app.vancouver.ca/NonMarketHousing_NET/ProjectDetails.aspx?IndexNum=792,POINT (-123.09948504 49.27598238),Strathcona,26,Clientele,Other
1652,798,,5688 Ash St,Completed,2019,Oakridge Lutheran Church Housing Society,https://app.vancouver.ca/NonMarketHousing_NET/ProjectDetails.aspx?IndexNum=798,POINT (-123.11760049 49.23385582),South Cambie,30,Clientele,Other
1653,800,,500-650 W 57th Ave,Approved,,,,POINT (-123.11780837 49.21835764),Marpole,90,Clientele,Other
1654,802,,124 Dunlevy Ave,Completed,2021,City of Vancouver,https://app.vancouver.ca/NonMarketHousing_NET/ProjectDetails.aspx?IndexNum=802,POINT (-123.0948261 49.28373962),Strathcona,194,Clientele,Other
1655,811,,401 Jackson Ave,Under Construction,,Aboriginal Land Trust Society,https://app.vancouver.ca/NonMarketHousing_NET/ProjectDetails.aspx?IndexNum=811,,Unknown,145,Clientele,Other
1656,814,,177 W Pender St,Under Construction,,Community Land Trust Foundation of BC,,POINT (-123.10920892 49.28166995),Downtown,69,Clientele,Other
1657,815,,75 SW Marine Dr,Completed,2022,New Chelsea Society,https://app.vancouver.ca/NonMarketHousing_NET/ProjectDetails.aspx?IndexNum=815,POINT (-123.10773385 49.21271041),Marpole,29,Clientele,Other
1658,819,,320 E Hastings St,Under Construction,,,,POINT (-123.09704179 49.28098552),Strathcona,105,Clientele,Other
1659,831,,650 W 41st Ave,Under Construction,,Sanford Housing Society,,,Unknown,112,Clientele,Other
1660,839,,220 Terminal Ave,Completed,2017,City of Vancouver,https://app.vancouver.ca/NonMarketHousing_NET/ProjectDetails.aspx?IndexNum=839,POINT (-123.09968569 49.27237498),Strathcona,40,Clientele,Other
1661,849,,625-777 Pacific St,Approved,,More Than A Roof Housing Society,,POINT (-123.12818293 49.27489867),Downtown,97,Clientele,Other
1662,852,,1190 Burrard St,Under Construction,,McLaren Housing Society of BC,,,Unknown,106,Clientele,Other
1664,857,,5250 Ash St,Approved,,,,POINT (-123.1173014 49.2376526),South Cambie,41,Clientele,Other
1665,859,,3279 - 3297 Vanness Ave,Under Construction,,,,,Unknown,65,Clientele,Other
1666,862,,3819 Boundary Rd,Completed,2021,Lu'Ma Native Housing Society,https://app.vancouver.ca/NonMarketHousing_NET/ProjectDetails.aspx?IndexNum=862,POINT (-123.02424893 49.25040035),Renfrew-Collingwood,17,Clientele,Other
1667,866,,3625 Sawmill Crescent,Completed,2021,Catalyst Community Developments Society,https://app.vancouver.ca/NonMarketHousing_NET/ProjectDetails.aspx?IndexNum=866,POINT (-123.02444018 49.20668835),Killarney,36,Clientele,Other
1668,869,,1102 - 1138 E Georgia St,Completed,2024,Anhart Community Housing Society,https://app.vancouver.ca/NonMarketHousing_NET/ProjectDetails.aspx?IndexNum=869,POINT (-123.08077596 49.27797526),Strathcona,5,Clientele,Other
1670,883,,1001 Kingsway,Proposed,,,,POINT (-123.08348134 49.25412044),Kensington-Cedar Cottage,52,Clientele,Other
1671,889,,1885 E Pender St,Proposed,,,,POINT (-123.06602928 49.28048558),Grandview-Woodland,36,Clientele,Other
1672,890,,4949-5255 Heather St & 657 W 37th Ave,Approved,,,,POINT (-123.12185811 49.24025538),South Cambie,270,Clientele,Other
1673,891,,546 W 13th Ave,Under Construction,,Soroptimist Club of Vancouver,,,Unknown,88,Clientele,Other
1674,894,,2929 Commercial Dr,Approved,,,,POINT (-123.07023083 49.25839773),Kensington-Cedar Cottage,21,Clientele,Other
1675,896,,1317 Richard St & 508 Drake St,Under Construction,,,,POINT (-123.12635099 49.27484364),Downtown,173,Clientele,Other
1677,901,,4902 James St,Under Construction,,BC Housing,https://app.vancouver.ca/NonMarketHousing_NET/ProjectDetails.aspx?IndexNum=901,,Unknown,1,Clientele,Other
1678,912,,1025 Granville St,Completed,2021,Community Builders Group,https://app.vancouver.ca/NonMarketHousing_NET/ProjectDetails.aspx?IndexNum=912,POINT (-123.12384062 49.27910653),Downtown,77,Clientele,Other
1679,913,,435 W Pender St,Completed,2021,Lu'Ma Native Housing Society,https://app.vancouver.ca/NonMarketHousing_NET/ProjectDetails.aspx?IndexNum=913,POINT (-123.11226379 49.28332247),Downtown,80,Clientele,Other
1680,920,,1210 Seymour St,Under Construction,,,https://app.vancouver.ca/NonMarketHousing_NET/ProjectDetails.aspx?IndexNum=920,POINT (-123.125212 49.27614383),Downtown,90,Clientele,Other
1681,935,,949 W 41st Ave and 5469-5507 Willow St,Approved,,,,POINT (-123.12472797 49.23414343),South Cambie,165,Clientele,Other
1682,937,,1810 Alberni St / 1818 Alberni,Under Construction,,,https://app.vancouver.ca/NonMarketHousing_NET/ProjectDetails.aspx?IndexNum=937,,Unknown,14,Clientele,Other
1683,942,,1325-1333 E Georgia St,Approved,,Lu'Ma Native Housing Society,,POINT (-123.07653322 49.27882739),Grandview-Woodland,29,Clientele,Other
1684,945,,774 W 13th Ave,Approved,,Metro Vancouver Housing Corporation,,,Unknown,99,Clientele,Other
1685,947,,52-92 E Hastings St,Under Construction,,Lu'Ma Native Housing Society,,POINT (-123.10272097 49.28108972),Downtown,84,Clientele,Other
1686,950,,128 - 138 E Cordova St,Under Construction,,Salvation Army,,POINT (-123.10109474 49.28205621),Downtown,46,Clientele,Other
1687,952,,3505 Kingsway,Completed,2022,Sch'eyk Housing Society,https://app.vancouver.ca/NonMarketHousing_NET/ProjectDetails.aspx?IndexNum=952,POINT (-123.02904189 49.23235486),Renfrew-Collingwood,24,Clientele,Other
1688,953,,2075 Kingsway,Completed,2023,Connective Supportive Society,https://app.vancouver.ca/NonMarketHousing_NET/ProjectDetails.aspx?IndexNum=953,POINT (-123.06367433 49.2450181),Kensington-Cedar Cottage,65,Clientele,Other
1689,971,,1111 Broughton St,Proposed,,,,POINT (-123.13509264 49.28476615),West End,84,Clientele,Other
1690,984,,388 Slocan,Completed,2024,YWCA Vancouver,https://app.vancouver.ca/NonMarketHousing_NET/ProjectDetails.aspx?IndexNum=984,POINT (-123.04884634 49.28142299),Hastings-Sunrise,44,Clientele,Other
1691,988,,8559 Jack Uppal St,Completed,2025,Sawmill Co-op,https://app.vancouver.ca/NonMarketHousing_NET/ProjectDetails.aspx?IndexNum=988,POINT (-123.03388168 49.20633158),Killarney,94,Clientele,Other
1692,991,,143 Dunlevy Ave,Completed,2006,Atira Women’s Resource Society,https://app.vancouver.ca/NonMarketHousing_NET/ProjectDetails.aspx?IndexNum=991,POINT (-123.0955126 49.28336116),Strathcona,56,Clientele,Other
1693,996,,561 E Hastings St,Completed,2016,Atira Property Management Inc.,https://app.vancouver.ca/NonMarketHousing_NET/ProjectDetails.aspx?IndexNum=996,POINT (-123.09199723 49.28148942),Strathcona,54,Clientele,Other
1694,997,,658 Alexander St,Completed,2023,Circle of Eagles Lodge Society,https://app.vancouver.ca/NonMarketHousing_NET/ProjectDetails.aspx?IndexNum=997,,Unknown,17,Clientele,Other
1698,24,,1800 E 5th Ave,Completed,1976,BC Housing,https://app.vancouver.ca/NonMarketHousing_NET/ProjectDetails.aspx?IndexNum=24,POINT (-123.06799095 49.26555761),Grandview-Woodland,25,Clientele,Other
1699,27,,5709 Wales St,Completed,1994,Brightside Community Homes Foundation,https://app.vancouver.ca/NonMarketHousing_NET/ProjectDetails.aspx?IndexNum=27,POINT (-123.05213397 49.23246527),Victoria-Fraserview,1,Clientele,Other
1702,31,,330 E 6th Ave,Completed,1975,New Chelsea Society,https://app.vancouver.ca/NonMarketHousing_NET/ProjectDetails.aspx?IndexNum=31,POINT (-123.09804729 49.26518737),Mount Pleasant,1,Clientele,Other
1703,37,,730 W 6th Ave,Completed,1992,Stan Stronge Noble House Co-op Housing Association,https://app.vancouver.ca/NonMarketHousing_NET/ProjectDetails.aspx?IndexNum=37,POINT (-123.12056203 49.26564344),Fairview,5,Clientele,Other
1704,41,,775 E 7th Ave,Completed,1984,Jasmine Place Co-op Housing Association,https://app.vancouver.ca/NonMarketHousing_NET/ProjectDetails.aspx?IndexNum=41,POINT (-123.08761087 49.2645604),Mount Pleasant,7,Clientele,Other
1706,44,,1216 E 7th Ave,Completed,1981,Coast Mental Health,https://app.vancouver.ca/NonMarketHousing_NET/ProjectDetails.aspx?IndexNum=44,POINT (-123.07890671 49.26397621),Mount Pleasant,30,Clientele,Other
1707,52,,1330 E 8th Ave,Completed,1985,BC Indigenous Housing Society,https://app.vancouver.ca/NonMarketHousing_NET/ProjectDetails.aspx?IndexNum=52,POINT (-123.07666847 49.263058),Grandview-Woodland,8,Clientele,Other
1708,55,,2053 W 8th Ave,Completed,1986,Maple Creek Co-op Housing Association,https://app.vancouver.ca/NonMarketHousing_NET/ProjectDetails.aspx?IndexNum=55,POINT (-123.15173449 49.26495895),Kitsilano,16,Clientele,Other
1710,62,,1842 E 10th Ave,Completed,1989,Affordable Housing Societies,https://app.vancouver.ca/NonMarketHousing_NET/ProjectDetails.aspx?IndexNum=62,POINT (-123.06693953 49.26108247),Kensington-Cedar Cottage,2,Clientele,Other
1711,65,,1823 E 11th Ave,Completed,1990,Victoria Gardens Co-op Housing Assoc,https://app.vancouver.ca/NonMarketHousing_NET/ProjectDetails.aspx?IndexNum=65,POINT (-123.06745152 49.26070528),Kensington-Cedar Cottage,6,Clientele,Other
1712,68,,2075 E 12th Ave,Completed,1983,Lakewood Terrace Co-op Housing Assoc,https://app.vancouver.ca/NonMarketHousing_NET/ProjectDetails.aspx?IndexNum=68,POINT (-123.06277581 49.25992897),Kensington-Cedar Cottage,16,Clientele,Other
1717,85,,404 E 43rd Ave,Completed,1986,Crossroads Co-op Housing Association,https://app.vancouver.ca/NonMarketHousing_NET/ProjectDetails.aspx?IndexNum=85,POINT (-123.09676819 49.23083693),Sunset,6,Clientele,Other
1718,92,,1516 W 71st Ave,Completed,1988,Rishon Co-op Housing Association,https://app.vancouver.ca/NonMarketHousing_NET/ProjectDetails.aspx?IndexNum=92,POINT (-123.14150123 49.20682197),Marpole,8,Clientele,Other
1719,93,,1599 W 71st Ave,Completed,1984,Marine Court Co-op Housing Association,https://app.vancouver.ca/NonMarketHousing_NET/ProjectDetails.aspx?IndexNum=93,POINT (-123.14347965 49.20760295),Marpole,8,Clientele,Other
1722,100,,310 Alexander St,Completed,1986,Veterans' Memorial Housing Society,https://app.vancouver.ca/NonMarketHousing_NET/ProjectDetails.aspx?IndexNum=100,POINT (-123.0973628 49.28378914),Strathcona,133,Clientele,Other
1723,102,,638 Alexander St,Completed,1985,Alexander Street Co-operative Housing Association,https://app.vancouver.ca/NonMarketHousing_NET/ProjectDetails.aspx?IndexNum=102,POINT (-123.09046001 49.28366031),Strathcona,51,Clientele,Other
1725,113,,3401 E 43rd Ave,Completed,1986,Pacific Park Place Co-op Housing Association,https://app.vancouver.ca/NonMarketHousing_NET/ProjectDetails.aspx?IndexNum=113,POINT (-123.03003447 49.23126023),Killarney,9,Clientele,Other
1727,119,,2616 W Broadway,Completed,1984,Kitsilano Terrace Co-op Housing Association,https://app.vancouver.ca/NonMarketHousing_NET/ProjectDetails.aspx?IndexNum=119,POINT (-123.16523828 49.26376668),Kitsilano,15,Clientele,Other
1730,127,,3637 Cambie St,Completed,1982,Eight Oaks Co-op Housing Association,https://app.vancouver.ca/NonMarketHousing_NET/ProjectDetails.aspx?IndexNum=127,POINT (-123.11584604 49.25295523),South Cambie,11,Clientele,Other
1731,131,,950 Cassiar St,Completed,1978,Adanac Village Co-op Housing Association,https://app.vancouver.ca/NonMarketHousing_NET/ProjectDetails.aspx?IndexNum=131,POINT (-123.02811463 49.2763955),Hastings-Sunrise,22,Clientele,Other
1732,135,,1555 Charles St,Completed,1987,Charles Square Co-op Housing Association,https://app.vancouver.ca/NonMarketHousing_NET/ProjectDetails.aspx?IndexNum=135,POINT (-123.07198632 49.27333302),Grandview-Woodland,18,Clientele,Other
1734,138,,527 Commodore Rd,Completed,1984,Connaught Co-op Housing Association,https://app.vancouver.ca/NonMarketHousing_NET/ProjectDetails.aspx?IndexNum=138,POINT (-123.11596251 49.26801477),Fairview,13,Clientele,Other
1735,144,,420 E Cordova,Completed,1981,Metro Vancouver Housing Corporation,https://app.vancouver.ca/NonMarketHousing_NET/ProjectDetails.aspx?IndexNum=144,POINT (-123.09482718 49.28193148),Strathcona,64,Clientele,Other
1737,152,,8001 Curate Wynd,Completed,1983,Kinross Creek Co-op Housing Association,https://app.vancouver.ca/NonMarketHousing_NET/ProjectDetails.aspx?IndexNum=152,POINT (-123.02878208 49.21247171),Killarney,9,Clientele,Other
1738,153,,2425 Cypress St,Completed,1976,BC Housing,https://app.vancouver.ca/NonMarketHousing_NET/ProjectDetails.aspx?IndexNum=153,POINT (-123.14845684 49.26444467),Kitsilano,2,Clientele,Other
1739,162,,3274 Findlay St,Completed,1988,Trout Lake Co-op Housing Association,https://app.vancouver.ca/NonMarketHousing_NET/ProjectDetails.aspx?IndexNum=162,POINT (-123.06738984 49.25527408),Kensington-Cedar Cottage,1,Clientele,Other
1740,166,,2250 Fraser St,Completed,1984,Emma G. Co-op Housing Association,https://app.vancouver.ca/NonMarketHousing_NET/ProjectDetails.aspx?IndexNum=166,POINT (-123.08876201 49.26456896),Mount Pleasant,4,Clientele,Other
1741,167,,551 E Georgia St,Completed,1979,Vancouver Chinese Kung Kao Foundation,https://app.vancouver.ca/NonMarketHousing_NET/ProjectDetails.aspx?IndexNum=167,POINT (-123.09201049 49.27867931),Strathcona,1,Clientele,Other
1742,169,,1529 W 71st Ave,Completed,1985,David Wetherow Co-op Housing Association,https://app.vancouver.ca/NonMarketHousing_NET/ProjectDetails.aspx?IndexNum=169,POINT (-123.14167259 49.20734942),Marpole,15,Clientele,Other
1744,173,,8450 Portside Dr,Completed,1988,Riverside Landing Co-op Housing Association,https://app.vancouver.ca/NonMarketHousing_NET/ProjectDetails.aspx?IndexNum=173,POINT (-123.06053178 49.2067025),Victoria-Fraserview,6,Clientele,Other
1746,179,,1750 Grant St,Completed,1981,Vancouver East Co-op Housing Association,https://app.vancouver.ca/NonMarketHousing_NET/ProjectDetails.aspx?IndexNum=179,POINT (-123.06848813 49.27102079),Grandview-Woodland,5,Clientele,Other
1747,180,,1090 Granville St,Completed,1991,McLaren Housing Society of BC,https://app.vancouver.ca/NonMarketHousing_NET/ProjectDetails.aspx?IndexNum=180,POINT (-123.1241591 49.27810547),Downtown,32,Clientele,Other
1749,191,,1661 Frances St,Completed,1989,Coast Mental Health,https://app.vancouver.ca/NonMarketHousing_NET/ProjectDetails.aspx?IndexNum=191,POINT (-123.07120717 49.27964586),Grandview-Woodland,34,Clientele,Other
1750,194,,2518 E Hastings St,Completed,1992,Entre Nous Femmes Housing Society,https://app.vancouver.ca/NonMarketHousing_NET/ProjectDetails.aspx?IndexNum=194,POINT (-123.05409967 49.28088658),Hastings-Sunrise,4,Clientele,Other
1751,195,,3080 Heather St,Completed,1986,Societe d'Habitation La Verendrye,https://app.vancouver.ca/NonMarketHousing_NET/ProjectDetails.aspx?IndexNum=195,POINT (-123.11942972 49.2576848),Fairview,1,Clientele,Other
1752,197,,1099 Richards Street,Completed,2016,The 127 Society for Housing,https://app.vancouver.ca/NonMarketHousing_NET/ProjectDetails.aspx?IndexNum=197,POINT (-123.12269367 49.27725478),Downtown,131,Clientele,Other
1753,203,,5233 Joyce St,Completed,1970,Columbus Charities,https://app.vancouver.ca/NonMarketHousing_NET/ProjectDetails.aspx?IndexNum=203,POINT (-123.03307907 49.23748176),Renfrew-Collingwood,1,Clientele,Other
1756,207,,5075 Boundary Rd,Completed,1993,Lu'Ma Native Housing Society,https://app.vancouver.ca/NonMarketHousing_NET/ProjectDetails.aspx?IndexNum=207,POINT (-123.02402887 49.23848485),Renfrew-Collingwood,4,Clientele,Other
1759,212,,2898 Kingsway,Completed,1987,Dundee Court Co-op Housing Association,https://app.vancouver.ca/NonMarketHousing_NET/ProjectDetails.aspx?IndexNum=212,POINT (-123.04678992 49.23580848),Renfrew-Collingwood,4,Clientele,Other
1760,213,,3090 Kingsway,Completed,1987,Synala Co-op Housing Association,https://app.vancouver.ca/NonMarketHousing_NET/ProjectDetails.aspx?IndexNum=213,POINT (-123.04054032 49.23510381),Renfrew-Collingwood,4,Clientele,Other
1762,216,,1475 Kitchener St,Completed,1982,Lu'Ma Native Housing Society,https://app.vancouver.ca/NonMarketHousing_NET/ProjectDetails.aspx?IndexNum=216,POINT (-123.07429154 49.27241953),Grandview-Woodland,7,Clientele,Other
1765,227,,2424 Maple St,Completed,1984,Phoenix Court Co-op Housing Association,https://app.vancouver.ca/NonMarketHousing_NET/ProjectDetails.aspx?IndexNum=227,POINT (-123.15003674 49.26442777),Kitsilano,13,Clientele,Other
1766,232,,8695 SW Marine Dr,Completed,1986,Marpole Terrace Co-op Housing Association,https://app.vancouver.ca/NonMarketHousing_NET/ProjectDetails.aspx?IndexNum=232,POINT (-123.14269428 49.20753063),Marpole,6,Clientele,Other
1768,246,,1455 Napier St,Completed,1980,Grandview Co-op Housing Association,https://app.vancouver.ca/NonMarketHousing_NET/ProjectDetails.aspx?IndexNum=246,POINT (-123.07485783 49.27517909),Grandview-Woodland,7,Clientele,Other
1772,260,,3621 W 4th Ave,Completed,1993,Hellenic Housing Society of BC,https://app.vancouver.ca/NonMarketHousing_NET/ProjectDetails.aspx?IndexNum=260,POINT (-123.18453011 49.26885935),Kitsilano,2,Clientele,Other
1774,263,,1763 E Pender St,Completed,1985,Leveller's Co-op Housing Association,https://app.vancouver.ca/NonMarketHousing_NET/ProjectDetails.aspx?IndexNum=263,POINT (-123.06880418 49.28051041),Grandview-Woodland,7,Clientele,Other
1775,264,,1823 E Pender St,Completed,1989,BC Indigenous Housing Society,https://app.vancouver.ca/NonMarketHousing_NET/ProjectDetails.aspx?IndexNum=264,POINT (-123.0673884 49.28050551),Grandview-Woodland,3,Clientele,Other
1776,268,,3306 E 5th Ave / 3350 E 5th Ave,Completed,1992,Hopehill,https://app.vancouver.ca/NonMarketHousing_NET/ProjectDetails.aspx?IndexNum=268,POINT (-123.03206317 49.26534752),Hastings-Sunrise,1,Clientele,Other
1778,272,,43 Powell St,Completed,1983,Affordable Housing Societies,https://app.vancouver.ca/NonMarketHousing_NET/ProjectDetails.aspx?IndexNum=272,POINT (-123.10320433 49.28340214),Downtown,84,Clientele,Other
1779,273,,101 Powell St,Completed,1986,Affordable Housing Societies,https://app.vancouver.ca/NonMarketHousing_NET/ProjectDetails.aspx?IndexNum=273,POINT (-123.10189962 49.28346017),Downtown,85,Clientele,Other
1781,277,,333 Powell St,Completed,1990,The Bloom Group,https://app.vancouver.ca/NonMarketHousing_NET/ProjectDetails.aspx?IndexNum=277,POINT (-123.09696743 49.28339069),Strathcona,24,Clientele,Other
1784,287,,5250 Rupert St,Completed,1987,Alberni Co-op Housing Association,https://app.vancouver.ca/NonMarketHousing_NET/ProjectDetails.aspx?IndexNum=287,POINT (-123.04097739 49.2365991),Renfrew-Collingwood,10,Clientele,Other
1786,310,,2431 Vine St,Completed,1979,Kiwassa Housing Society,https://app.vancouver.ca/NonMarketHousing_NET/ProjectDetails.aspx?IndexNum=310,POINT (-123.15791342 49.26419383),Kitsilano,1,Clientele,Other
1788,318,,3460 Yukon St,Completed,1984,Community Living Society,https://app.vancouver.ca/NonMarketHousing_NET/ProjectDetails.aspx?IndexNum=318,POINT (-123.11214974 49.25417327),Riley Park,5,Clientele,Other
1789,324,,3691 Vanness Ave,Completed,1996,New Chelsea Society,https://app.vancouver.ca/NonMarketHousing_NET/ProjectDetails.aspx?IndexNum=324,POINT (-123.02406143 49.23533146),Renfrew-Collingwood,2,Clientele,Other
1791,332,,1818 E Pender St,Completed,1996,Lu'Ma Native Housing Society,https://app.vancouver.ca/NonMarketHousing_NET/ProjectDetails.aspx?IndexNum=332,POINT (-123.06765123 49.2799856),Grandview-Woodland,10,Clientele,Other
1792,333,,1975 E 12th Ave,Completed,1995,YWCA Vancouver,https://app.vancouver.ca/NonMarketHousing_NET/ProjectDetails.aspx?IndexNum=333,POINT (-123.06448489 49.25978589),Kensington-Cedar Cottage,28,Clientele,Other
1793,336,,1267 Marinaside Cres,Completed,1998,Roundhouse Co-op Housing Association,https://app.vancouver.ca/NonMarketHousing_NET/ProjectDetails.aspx?IndexNum=336,POINT (-123.12091871 49.27286767),Downtown,14,Clientele,Other
1794,339,,2938 Laurel St,Completed,1999,St. George's Place Housing Society,https://app.vancouver.ca/NonMarketHousing_NET/ProjectDetails.aspx?IndexNum=339,POINT (-123.12400793 49.25893455),Fairview,9,Clientele,Other
1795,342,,100 E Cordova St,Completed,2001,Bridge Housing Society for Women,https://app.vancouver.ca/NonMarketHousing_NET/ProjectDetails.aspx?IndexNum=342,POINT (-123.10198466 49.28207257),Downtown,36,Clientele,Other
1796,343,,1538 E 22nd Ave,Completed,1995,Coast Mental Health,https://app.vancouver.ca/NonMarketHousing_NET/ProjectDetails.aspx?IndexNum=343,POINT (-123.07283614 49.25015825),Kensington-Cedar Cottage,20,Clientele,Other
1797,344,,377 Powell  St,Completed,2002,The Bloom Group,https://app.vancouver.ca/NonMarketHousing_NET/ProjectDetails.aspx?IndexNum=344,POINT (-123.09593061 49.2833689),Strathcona,31,Clientele,Other
1798,347,,599 Nicola St,Completed,1998,Coal Harbour Co-op Housing Association,https://app.vancouver.ca/NonMarketHousing_NET/ProjectDetails.aspx?IndexNum=347,POINT (-123.12895356 49.29092964),Downtown,12,Clientele,Other
1799,351,,716 Smithe St,Completed,1993,City of Vancouver,https://app.vancouver.ca/NonMarketHousing_NET/ProjectDetails.aspx?IndexNum=351,POINT (-123.12192808 49.28036768),Downtown,41,Clientele,Other
1801,369,,5650 Oak St,Completed,1997,Vancouver Resource Society for the Physically Disabled,https://app.vancouver.ca/NonMarketHousing_NET/ProjectDetails.aspx?IndexNum=369,POINT (-123.1276119 49.23471513),South Cambie,6,Clientele,Other
1802,374,,368 E Cordova St,Completed,1998,The Bloom Group,https://app.vancouver.ca/NonMarketHousing_NET/ProjectDetails.aspx?IndexNum=374,POINT (-123.09614857 49.28195691),Strathcona,66,Clientele,Other
1803,375,,1041 Comox St,Completed,1998,Wings Housing Society,https://app.vancouver.ca/NonMarketHousing_NET/ProjectDetails.aspx?IndexNum=375,POINT (-123.12781211 49.28133297),West End,27,Clientele,Other
1804,378,,3278 Vanness  Ave,Completed,2000,Affordable Housing Societies,https://app.vancouver.ca/NonMarketHousing_NET/ProjectDetails.aspx?IndexNum=378,POINT (-123.03529409 49.23940019),Renfrew-Collingwood,9,Clientele,Other
1806,387,,520 W 7th Ave,Completed,2001,Brightside Community Homes Foundation,https://app.vancouver.ca/NonMarketHousing_NET/ProjectDetails.aspx?IndexNum=387,POINT (-123.11567548 49.26473908),Fairview,49,Clientele,Other
1807,388,,361 Heatley Ave,Completed,2002,Union Gospel Mission,https://app.vancouver.ca/NonMarketHousing_NET/ProjectDetails.aspx?IndexNum=388,POINT (-123.08987395 49.28146285),Strathcona,81,Clientele,Other
1808,390,,1265 Granville St,Completed,2002,More Than a Roof Housing Society,https://app.vancouver.ca/NonMarketHousing_NET/ProjectDetails.aspx?IndexNum=390,POINT (-123.12765023 49.27658027),Downtown,63,Clientele,Other
1809,392,,1114 Comox St,Completed,2001,Mole Hill Community Housing Society,https://app.vancouver.ca/NonMarketHousing_NET/ProjectDetails.aspx?IndexNum=392,POINT (-123.12980301 49.28188437),West End,8,Clientele,Other
1811,395,,3501 Euclid Ave,Completed,2001,Collingwood Village Co-op Housing Association,https://app.vancouver.ca/NonMarketHousing_NET/ProjectDetails.aspx?IndexNum=395,POINT (-123.02973841 49.23530774),Renfrew-Collingwood,7,Clientele,Other
1812,396,,2111 Triumph St,Completed,2001,Sanford Housing Society,https://app.vancouver.ca/NonMarketHousing_NET/ProjectDetails.aspx?IndexNum=396,POINT (-123.06142628 49.28415864),Grandview-Woodland,15,Clientele,Other
1813,406,,1857 Venables St,Completed,1980,Vancouver East Co-op Housing Association,https://app.vancouver.ca/NonMarketHousing_NET/ProjectDetails.aspx?IndexNum=406,POINT (-123.06689398 49.2768758),Grandview-Woodland,1,Clientele,Other
1817,418,,1136 Comox St,Completed,2002,Mole Hill Community Housing Society,https://app.vancouver.ca/NonMarketHousing_NET/ProjectDetails.aspx?IndexNum=418,POINT (-123.13029419 49.28220254),West End,5,Clientele,Other
1818,419,,1140 Comox St,Completed,2001,Mole Hill Community Housing Society,https://app.vancouver.ca/NonMarketHousing_NET/ProjectDetails.aspx?IndexNum=419,POINT (-123.13039241 49.28226616),West End,4,Clientele,Other
1819,421,,1127 Pendrell St,Completed,2002,Mole Hill Community Housing Society,https://app.vancouver.ca/NonMarketHousing_NET/ProjectDetails.aspx?IndexNum=421,POINT (-123.13048215 49.2816923),West End,6,Clientele,Other
1820,428,,1110 Bute St,Completed,2003,Mole Hill Community Housing Society,https://app.vancouver.ca/NonMarketHousing_NET/ProjectDetails.aspx?IndexNum=428,POINT (-123.1316637 49.28264692),West End,5,Clientele,Other
1821,429,,1122 Bute St,Completed,2003,Mole Hill Community Housing Society,https://app.vancouver.ca/NonMarketHousing_NET/ProjectDetails.aspx?IndexNum=429,POINT (-123.1318566 49.28251929),West End,7,Clientele,Other
1822,430,,1173 Pendrell St,Completed,2003,Mole Hill Community Housing Society,https://app.vancouver.ca/NonMarketHousing_NET/ProjectDetails.aspx?IndexNum=430,POINT (-123.13102235 49.28204219),West End,7,Clientele,Other
1823,433,,1159 Pendrell St,Completed,2003,Mole Hill Community Housing Society,https://app.vancouver.ca/NonMarketHousing_NET/ProjectDetails.aspx?IndexNum=433,POINT (-123.13126811 49.2822013),West End,5,Clientele,Other
1824,435,,1147 Pendrell St,Completed,2003,Mole Hill Community Housing Society,https://app.vancouver.ca/NonMarketHousing_NET/ProjectDetails.aspx?IndexNum=435,POINT (-123.13048215 49.2816923),West End,6,Clientele,Other
1825,436,,1145 Pendrell St,Completed,2003,Mole Hill Community Housing Society,https://app.vancouver.ca/NonMarketHousing_NET/ProjectDetails.aspx?IndexNum=436,POINT (-123.13102235 49.28204219),West End,4,Clientele,Other
1826,437,,1103 Pendrell St,Completed,2003,Mole Hill Community Housing Society,https://app.vancouver.ca/NonMarketHousing_NET/ProjectDetails.aspx?IndexNum=437,POINT (-123.13017846 49.2814957),West End,5,Clientele,Other
1827,439,,1113 Thurlow St,Completed,2003,Mole Hill Community Housing Society,https://app.vancouver.ca/NonMarketHousing_NET/ProjectDetails.aspx?IndexNum=439,POINT (-123.13008838 49.28137398),West End,2,Clientele,Other
1828,453,,1129 Pendrell St,Completed,2002,Mole Hill Community Housing Society,https://app.vancouver.ca/NonMarketHousing_NET/ProjectDetails.aspx?IndexNum=453,POINT (-123.1306738 49.28181043),West End,5,Clientele,Other
1830,457,,1005 Station St,Completed,2010,PHS Community Services Society,https://app.vancouver.ca/NonMarketHousing_NET/ProjectDetails.aspx?IndexNum=457,POINT (-123.09948683 49.2756775),Strathcona,80,Clientele,Other
1833,465,,412 Carrall St,Completed,2008,PHS Community Services Society,https://app.vancouver.ca/NonMarketHousing_NET/ProjectDetails.aspx?IndexNum=465,POINT (-123.10415244 49.28111646),Downtown,44,Clientele,Other
1834,469,,5616 Fraser St,Completed,2007,Raincity Housing and Support Society,https://app.vancouver.ca/NonMarketHousing_NET/ProjectDetails.aspx?IndexNum=469,POINT (-123.09015786 49.23369272),Kensington-Cedar Cottage,30,Clientele,Other
1836,486,,1424 Comox St,Completed,1977,BC Housing,https://app.vancouver.ca/NonMarketHousing_NET/ProjectDetails.aspx?IndexNum=486,POINT (-123.13496572 49.28521426),West End,6,Clientele,Other
1837,489,,1962 W 1st Ave,Completed,2002,Coast Mental Health,https://app.vancouver.ca/NonMarketHousing_NET/ProjectDetails.aspx?IndexNum=489,POINT (-123.1493369 49.27045637),Kitsilano,20,Clientele,Other
1838,495,,788 Richards St,Completed,2008,Coast Mental Health,https://app.vancouver.ca/NonMarketHousing_NET/ProjectDetails.aspx?IndexNum=495,POINT (-123.11719475 49.28033403),Downtown,45,Clientele,Other
1841,526,,230 Jackson Ave,Completed,2007,Jackson Ave Co-op Hsg Assoc,https://app.vancouver.ca/NonMarketHousing_NET/ProjectDetails.aspx?IndexNum=526,POINT (-123.09310787 49.28241323),Strathcona,19,Clientele,Other
1845,555,,261 - 265 E Hastings St,Completed,2009,Lookout Housing and Health Society,https://app.vancouver.ca/NonMarketHousing_NET/ProjectDetails.aspx?IndexNum=555,POINT (-123.09808091 49.28159904),Strathcona,48,Clientele,Other
1846,563,,512 E Cordova St,Completed,2007,Lookout Housing and Health Society,https://app.vancouver.ca/NonMarketHousing_NET/ProjectDetails.aspx?IndexNum=563,POINT (-123.09301216 49.28189653),Strathcona,24,Clientele,Other
1847,594,,1249 Howe St,Completed,2013,McLaren Housing Society of BC,https://app.vancouver.ca/NonMarketHousing_NET/ProjectDetails.aspx?IndexNum=594,POINT (-123.12818713 49.27749639),Downtown,100,Clientele,Other
1848,635,,110 Water St,Completed,2008,Atira Property Management Inc.,https://app.vancouver.ca/NonMarketHousing_NET/ProjectDetails.aspx?IndexNum=635,POINT (-123.10701237 49.28363745),Downtown,95,Clientele,Other
1849,639,,31 W Pender St,Completed,2012,BC Indigenous Housing Society,https://app.vancouver.ca/NonMarketHousing_NET/ProjectDetails.aspx?IndexNum=639,POINT (-123.10604961 49.28108145),Downtown,24,Clientele,Other
1850,641,,401 Powell St,Completed,2008,Atira Women’s Resource Society,https://app.vancouver.ca/NonMarketHousing_NET/ProjectDetails.aspx?IndexNum=641,POINT (-123.09506057 49.28335605),Strathcona,29,Clientele,Other
1851,642,,307 - 315 Carrall St,Completed,2009,PHS Community Services Society,https://app.vancouver.ca/NonMarketHousing_NET/ProjectDetails.aspx?IndexNum=642,POINT (-123.10460555 49.28223732),Downtown,21,Clientele,Other
1852,646,,1134 Burrard St,Completed,2014,Kettle Society,https://app.vancouver.ca/NonMarketHousing_NET/ProjectDetails.aspx?IndexNum=646,POINT (-123.12780362 49.27956687),Downtown,141,Clientele,Other
1853,650,,375 Princess Av,Completed,2009,PHS Community Services Society,https://app.vancouver.ca/NonMarketHousing_NET/ProjectDetails.aspx?IndexNum=650,POINT (-123.09168097 49.28148382),Strathcona,44,Clientele,Other
1854,658,,601 E Hastings St,Completed,2011,Union Gospel Mission,https://app.vancouver.ca/NonMarketHousing_NET/ProjectDetails.aspx?IndexNum=658,POINT (-123.09108 49.28147049),Strathcona,37,Clientele,Other
1855,671,,525 Abbott St,Completed,2011,Atira Women’s Resource Society,https://app.vancouver.ca/NonMarketHousing_NET/ProjectDetails.aspx?IndexNum=671,POINT (-123.1081018 49.28083259),Downtown,96,Clientele,Other
1856,672,,429 - 433 W Pender St,Completed,2007,PHS Community Services Society,https://app.vancouver.ca/NonMarketHousing_NET/ProjectDetails.aspx?IndexNum=672,POINT (-123.11218735 49.28326902),Downtown,50,Clientele,Other
1857,673,,518 Richards,Completed,2007,Atira Women’s Resource Society,https://app.vancouver.ca/NonMarketHousing_NET/ProjectDetails.aspx?IndexNum=673,POINT (-123.1132548 49.28278806),Downtown,150,Clientele,Other
1858,676,,1338 Seymour St,Completed,2011,More Than a Roof Housing Society,https://app.vancouver.ca/NonMarketHousing_NET/ProjectDetails.aspx?IndexNum=676,POINT (-123.12699714 49.27495648),Downtown,105,Clientele,Other
1859,677,,1475 - 1495 Kingsway,Completed,2007,Helping Spirit Lodge Society,https://app.vancouver.ca/NonMarketHousing_NET/ProjectDetails.aspx?IndexNum=677,POINT (-123.07371806 49.24966055),Kensington-Cedar Cottage,36,Clientele,Other
1860,681,,341 Gore Ave,Completed,2007,S.U.C.C.E.S.S.,https://app.vancouver.ca/NonMarketHousing_NET/ProjectDetails.aspx?IndexNum=681,POINT (-123.09778996 49.28159583),Strathcona,27,Clientele,Other
1861,684,,166 E Hastings St,Completed,2007,PHS Community Services Society,https://app.vancouver.ca/NonMarketHousing_NET/ProjectDetails.aspx?IndexNum=684,POINT (-123.10053555 49.28104596),Downtown,40,Clientele,Other
1863,696,,54 E Cordova St,Completed,2009,Atira Property Management Inc.,https://app.vancouver.ca/NonMarketHousing_NET/ProjectDetails.aspx?IndexNum=696,POINT (-123.10296563 49.28207691),Downtown,30,Clientele,Other
1864,699,,7 W Hastings,Completed,2009,PHS Community Services Society,https://app.vancouver.ca/NonMarketHousing_NET/ProjectDetails.aspx?IndexNum=699,POINT (-123.10494162 49.28186911),Downtown,36,Clientele,Other
1865,711,,188 E 1st Ave,Completed,2012,Lookout Housing and Health Society,https://app.vancouver.ca/NonMarketHousing_NET/ProjectDetails.aspx?IndexNum=711,POINT (-123.1011091 49.26985484),Mount Pleasant,129,Clientele,Other
1866,713,,120 Jackson Ave,Completed,2013,Atira Women’s Resource Society,https://app.vancouver.ca/NonMarketHousing_NET/ProjectDetails.aspx?IndexNum=713,POINT (-123.09308337 49.28370817),Strathcona,18,Clientele,Other
1868,728,,395 Kingsway,Completed,2014,Raincity Housing and Support Society,https://app.vancouver.ca/NonMarketHousing_NET/ProjectDetails.aspx?IndexNum=728,POINT (-123.09659106 49.26029607),Mount Pleasant,95,Clientele,Other
1869,734,,951 Boundary Rd,Completed,2014,Kettle Society,https://app.vancouver.ca/NonMarketHousing_NET/ProjectDetails.aspx?IndexNum=734,POINT (-123.02460592 49.2766945),Hastings-Sunrise,56,Clientele,Other
1870,763,,138 E Hastings St,Completed,2015,FJL Housing Society,https://app.vancouver.ca/NonMarketHousing_NET/ProjectDetails.aspx?IndexNum=763,POINT (-123.10119662 49.28105782),Downtown,18,Clientele,Other
1872,770,,311 E 6th Ave,Completed,2017,Vancouver Resource Society for the Physically Disabled,https://app.vancouver.ca/NonMarketHousing_NET/ProjectDetails.aspx?IndexNum=770,POINT (-123.09852282 49.26560655),Mount Pleasant,14,Clientele,Other
1873,777,,179 Main Street,Completed,2019,Anhart Community Housing Society,https://app.vancouver.ca/NonMarketHousing_NET/ProjectDetails.aspx?IndexNum=777,POINT (-123.10002332 49.28362092),Downtown,9,Clientele,Other
1874,778,,1723 Victoria Drive,Completed,2018,Salsbury Community Society,https://app.vancouver.ca/NonMarketHousing_NET/ProjectDetails.aspx?IndexNum=778,POINT (-123.06615515 49.26927219),Grandview-Woodland,26,Clientele,Other
1875,779,,2833 E KENT AVE N,Completed,2020,Fraserview Housing Co-operative,https://app.vancouver.ca/NonMarketHousing_NET/ProjectDetails.aspx?IndexNum=779,POINT (-123.04977348 49.20687475),Killarney,20,Clientele,Other
1877,788,,288 E Hastings St,Completed,2018,Atira Property Management Inc.,https://app.vancouver.ca/NonMarketHousing_NET/ProjectDetails.aspx?IndexNum=788,POINT (-123.09785846 49.28092965),Strathcona,104,Clientele,Other
1878,789,,3595 Kingsway,Completed,2020,Odd Fellows Low Rental Housing Society,https://app.vancouver.ca/NonMarketHousing_NET/ProjectDetails.aspx?IndexNum=789,POINT (-123.0265823 49.23247694),Renfrew-Collingwood,44,Clientele,Other
1880,796,,187 E 3rd Ave,Completed,2021,221a Artist Housing Society,https://app.vancouver.ca/NonMarketHousing_NET/ProjectDetails.aspx?IndexNum=796,POINT (-123.10119647 49.26884149),Mount Pleasant,22,Clientele,Other
1881,804,,2425 St. Catherines St,Completed,2021,Red Door Housing Society,https://app.vancouver.ca/NonMarketHousing_NET/ProjectDetails.aspx?IndexNum=804,POINT (-123.08566017 49.2631267),Mount Pleasant,20,Clientele,Other
1882,806,,95 E 1st Ave,Completed,2018,Community Land Trust Foundation of BC,https://app.vancouver.ca/NonMarketHousing_NET/ProjectDetails.aspx?IndexNum=806,POINT (-123.10318172 49.27045793),Mount Pleasant,63,Clientele,Other
1883,807,,3185 Riverwalk Ave,Completed,2021,S.U.C.C.E.S.S.,https://app.vancouver.ca/NonMarketHousing_NET/ProjectDetails.aspx?IndexNum=807,POINT (-123.03904061 49.20603626),Killarney,37,Clientele,Other
1884,812,,2221 Main St,Completed,2021,Catalyst Community Developments Society,https://app.vancouver.ca/NonMarketHousing_NET/ProjectDetails.aspx?IndexNum=812,POINT (-123.10137992 49.2651573),Mount Pleasant,73,Clientele,Other
1885,816,,2930 Renfrew St,Approved,,Lu'Ma Native Housing Society,https://app.vancouver.ca/NonMarketHousing_NET/ProjectDetails.aspx?IndexNum=816,POINT (-123.04384756 49.25770435),Renfrew-Collingwood,76,Clientele,Other
1886,817,,1015 E Hastings St,Under Construction,,Community Land Trust Foundation of BC,,POINT (-123.08179571 49.28130782),Strathcona,63,Clientele,Other
1887,818,,53 W Cordova St,Completed,2022,PHS Community Services Society,https://app.vancouver.ca/NonMarketHousing_NET/ProjectDetails.aspx?IndexNum=818,,Unknown,80,Clientele,Other
1888,820,,58 W Hastings St,Completed,2024,S.U.C.C.E.S.S.,https://app.vancouver.ca/NonMarketHousing_NET/ProjectDetails.aspx?IndexNum=820,,Unknown,231,Clientele,Other
1889,821,,1766 Frances St,Under Construction,,,,POINT (-123.06892602 49.2790927),Grandview-Woodland,49,Clientele,Other
1891,828,,650 W 41st Ave,Approved,,,,POINT (-123.11885482 49.23206523),Oakridge,103,Clientele,Other
1892,837,,265 W 1st Ave,Completed,2019,PHS Community Services Society,https://app.vancouver.ca/NonMarketHousing_NET/ProjectDetails.aspx?IndexNum=837,POINT (-123.11113923 49.27071415),Mount Pleasant,52,Clientele,Other
1893,840,,3598 Copley St,Completed,2020,Community Builders Group,https://app.vancouver.ca/NonMarketHousing_NET/ProjectDetails.aspx?IndexNum=840,POINT (-123.05840305 49.24966647),Kensington-Cedar Cottage,58,Clientele,Other
1894,842,,1131 Franklin St,Completed,2018,PHS Community Services Society,https://app.vancouver.ca/NonMarketHousing_NET/ProjectDetails.aspx?IndexNum=842,POINT (-123.0805724 49.28257659),Strathcona,39,Clientele,Other
1895,845,,2132 Ash St,Completed,2018,PHS Community Services Society,https://app.vancouver.ca/NonMarketHousing_NET/ProjectDetails.aspx?IndexNum=845,POINT (-123.11595666 49.26682692),Fairview,52,Clientele,Other
1896,851,,2009-2037 Stainsbury Ave,Under Construction,,More Than a Roof Housing Society,,,Unknown,66,Clientele,Other
1897,853,,305 Main St,Proposed,,Happy Harvest,,POINT (-123.10007981 49.28202383),Downtown,86,Clientele,Other
1898,856,,2086-2098 W 7th Ave,Approved,,MPA Society,,,Unknown,129,Clientele,Other
1899,858,,418-496 Alexander St,Approved,,Atira Women’s Resource Society,,POINT (-123.09425793 49.28372966),Strathcona,101,Clientele,Other
1900,865,,950 W 41st Ave,Approved,,,,POINT (-123.12599122 49.23344379),Oakridge,150,Clientele,Other
1902,868,,601 Beach Crescent,Approved,,,,POINT (-123.12954822 49.27398575),Downtown,97,Clientele,Other
1904,875,,1176 Granville St,Completed,2020,Atira Property Management Inc.,https://app.vancouver.ca/NonMarketHousing_NET/ProjectDetails.aspx?IndexNum=875,POINT (-123.1253448 49.27732807),Downtown,110,Clientele,Other
1905,876,,1906 Haro St,Completed,2020,Atira Women’s Resource Society,https://app.vancouver.ca/NonMarketHousing_NET/ProjectDetails.aspx?IndexNum=876,POINT (-123.13856594 49.29171537),West End,63,Clientele,Other
1908,882,,235 Main St,Completed,2018,Raincity Housing and Support Society,https://app.vancouver.ca/NonMarketHousing_NET/ProjectDetails.aspx?IndexNum=882,POINT (-123.10005685 49.28263269),Downtown,80,Clientele,Other
1909,884,,282 W 49th Ave,Approved,,YWCA Vancouver,,POINT (-123.11234239 49.22533108),Oakridge,35,Clientele,Other
1910,887,,1063-1075 Barclay St,Approved,,,,POINT (-123.12635834 49.28319893),West End,18,Clientele,Other
1913,900,,162 Main St,Completed,2023,MPA Society,https://app.vancouver.ca/NonMarketHousing_NET/ProjectDetails.aspx?IndexNum=900,POINT (-123.09911107 49.28349233),Strathcona,68,Clientele,Other
1914,908,,956 Main St,Completed,2021,BC Housing,https://app.vancouver.ca/NonMarketHousing_NET/ProjectDetails.aspx?IndexNum=908,POINT (-123.09949955 49.27587204),Strathcona,22,Clientele,Other
1916,924,,2108-2408 Cassiar St,Approved,,,https://app.vancouver.ca/NonMarketHousing_NET/ProjectDetails.aspx?IndexNum=924,POINT (-123.03033314 49.26414502),Hastings-Sunrise,778,Clientele,Other
1917,926,,5505 Oak St,Proposed,,Affordable Housing Societies,,POINT (-123.12901006 49.23571799),Shaughnessy,117,Clientele,Other
1918,929,,998 E 19th Ave,Approved,,,,POINT (-123.08438908 49.25336844),Kensington-Cedar Cottage,105,Clientele,Other
1919,934,,1710-1730 E Pender St,Approved,,Lu'Ma Native Housing Society,,POINT (-123.07002235 49.28001135),Grandview-Woodland,120,Clientele,Other
1920,948,,545 E Cordova,Completed,2024,Lookout Housing and Health Society,https://app.vancouver.ca/NonMarketHousing_NET/ProjectDetails.aspx?IndexNum=948,POINT (-123.0923813 49.28240033),Strathcona,20,Clientele,Other
1921,989,,1119 Hornby,Completed,2017,Atira Women’s Resource Society,https://app.vancouver.ca/NonMarketHousing_NET/ProjectDetails.aspx?IndexNum=989,POINT (-123.12750154 49.27940628),Downtown,95,Clientele,Other
1922,993,,346 Alexander St,Completed,1981,Lookout Housing and Health Society,https://app.vancouver.ca/NonMarketHousing_NET/ProjectDetails.aspx?IndexNum=993,POINT (-123.09632589 49.28376978),Strathcona,40,Clientele,Other
1923,6,,2137 W 1st Ave,Completed,1984,Helen's Court Co-op Housing Association,https://app.vancouver.ca/NonMarketHousing_NET/ProjectDetails.aspx?IndexNum=6,POINT (-123.1536261 49.27104183),Kitsilano,2,Design,Accessible 1BR
1924,7,,1349 E 2nd Ave,Completed,1987,Laura Jamieson Co-op Housing Association,https://app.vancouver.ca/NonMarketHousing_NET/ProjectDetails.aspx?IndexNum=7,POINT (-123.07614157 49.26900321),Grandview-Woodland,1,Design,Accessible 1BR
1925,8,,1507 E 2nd Ave,Completed,1984,Westerdale Co-op Housing Association,https://app.vancouver.ca/NonMarketHousing_NET/ProjectDetails.aspx?IndexNum=8,POINT (-123.07304966 49.26896961),Grandview-Woodland,4,Design,Accessible 1BR
1926,18,,1560 E 4th Ave,Completed,1989,BC Indigenous Housing Society,https://app.vancouver.ca/NonMarketHousing_NET/ProjectDetails.aspx?IndexNum=18,POINT (-123.0718679 49.2666326),Grandview-Woodland,1,Design,Accessible 1BR
1927,20,,675 E 5th Ave,Completed,1985,Northern Way Co-op Housing Association,https://app.vancouver.ca/NonMarketHousing_NET/ProjectDetails.aspx?IndexNum=20,POINT (-123.09065341 49.26639799),Mount Pleasant,3,Design,Accessible 1BR
1934,51,,1230 E 8th Ave,Completed,1987,China Creek Co-op Housing Association,https://app.vancouver.ca/NonMarketHousing_NET/ProjectDetails.aspx?IndexNum=51,POINT (-123.07922139 49.26307424),Mount Pleasant,2,Design,Accessible 1BR
1935,53,,2829 E 8th Ave,Completed,1983,Access Co-op Housing Association,https://app.vancouver.ca/NonMarketHousing_NET/ProjectDetails.aspx?IndexNum=53,POINT (-123.04651609 49.26321325),Hastings-Sunrise,2,Design,Accessible 1BR
1941,86,,3545 E 43rd Ave,Completed,1985,HW Flesher Co-op Housing Association,https://app.vancouver.ca/NonMarketHousing_NET/ProjectDetails.aspx?IndexNum=86,POINT (-123.0282517 49.23143252),Killarney,1,Design,Accessible 1BR
1942,91,,704 W 69th Ave,Completed,1990,Columbus Long Term Care Society,https://app.vancouver.ca/NonMarketHousing_NET/ProjectDetails.aspx?IndexNum=91,POINT (-123.12096057 49.20890443),Marpole,3,Design,Accessible 1BR
1943,94,,1530 Adanac St,Completed,1987,Lu'Ma Native Housing Society,https://app.vancouver.ca/NonMarketHousing_NET/ProjectDetails.aspx?IndexNum=94,POINT (-123.0734715 49.27733673),Grandview-Woodland,1,Design,Accessible 1BR
1944,98,,6545 Alberta St,Completed,1978,South Vancouver Foundation,https://app.vancouver.ca/NonMarketHousing_NET/ProjectDetails.aspx?IndexNum=98,POINT (-123.11362118 49.22542244),Oakridge,5,Design,Accessible 1BR
1945,104,,118 Alexander St,Completed,1987,Four Sisters Co-op Housing Association,https://app.vancouver.ca/NonMarketHousing_NET/ProjectDetails.aspx?IndexNum=104,POINT (-123.10153493 49.28370049),Downtown,5,Design,Accessible 1BR
1946,105,,3111 Ash St,Completed,1975,St. Mary's Ukrainian Senior Citizens' Society,https://app.vancouver.ca/NonMarketHousing_NET/ProjectDetails.aspx?IndexNum=105,POINT (-123.11839952 49.25789384),Fairview,2,Design,Accessible 1BR
1951,117,,2450 Penticton St,Completed,1985,Sch'eyk Housing Society,https://app.vancouver.ca/NonMarketHousing_NET/ProjectDetails.aspx?IndexNum=117,POINT (-123.05180854 49.26231048),Hastings-Sunrise,3,Design,Accessible 1BR
1952,120,,2525 Waterloo St,Completed,1984,Broadview Co-op Housing Association,https://app.vancouver.ca/NonMarketHousing_NET/ProjectDetails.aspx?IndexNum=120,POINT (-123.18021442 49.2640035),Kitsilano,5,Design,Accessible 1BR
1956,133,,7780 Champlain Cr,Completed,1982,Royal Arch Masonic Homes,https://app.vancouver.ca/NonMarketHousing_NET/ProjectDetails.aspx?IndexNum=133,POINT (-123.02892955 49.21403506),Killarney,5,Design,Accessible 1BR
1957,134,,1515 Charles St,Completed,1986,More Than a Roof Housing Society,https://app.vancouver.ca/NonMarketHousing_NET/ProjectDetails.aspx?IndexNum=134,POINT (-123.07301669 49.27331573),Grandview-Woodland,1,Design,Accessible 1BR
1959,145,,430 E Cordova St,Completed,1988,Mavis McMullen Housing Society,https://app.vancouver.ca/NonMarketHousing_NET/ProjectDetails.aspx?IndexNum=145,POINT (-123.09447792 49.28192592),Strathcona,1,Design,Accessible 1BR
1969,190,,501 E Hastings St,Completed,1984,Sch'eyk Housing Society,https://app.vancouver.ca/NonMarketHousing_NET/ProjectDetails.aspx?IndexNum=190,POINT (-123.09283543 49.28150447),Strathcona,6,Design,Accessible 1BR
1970,192,,540 E Hastings St,Completed,1987,Sch'eyk Housing Society,https://app.vancouver.ca/NonMarketHousing_NET/ProjectDetails.aspx?IndexNum=192,POINT (-123.09305566 49.28089739),Strathcona,2,Design,Accessible 1BR
1971,193,,628 E Hastings St,Completed,1988,Shon Yee Benevolent Association of Canada,https://app.vancouver.ca/NonMarketHousing_NET/ProjectDetails.aspx?IndexNum=193,POINT (-123.09102024 49.28085873),Strathcona,4,Design,Accessible 1BR
1973,198,,540 Helmcken St,Completed,1989,The 127 Society for Housing,https://app.vancouver.ca/NonMarketHousing_NET/ProjectDetails.aspx?IndexNum=198,POINT (-123.12347769 49.2772737),Downtown,3,Design,Accessible 1BR
1974,200,,1260 Howe St,Completed,1989,Vancouver Jewish Building Society,https://app.vancouver.ca/NonMarketHousing_NET/ProjectDetails.aspx?IndexNum=200,POINT (-123.12782053 49.27701245),Downtown,3,Design,Accessible 1BR
1977,229,,531 SW Marine Dr,Completed,1985,Vera Co-op Housing Association,https://app.vancouver.ca/NonMarketHousing_NET/ProjectDetails.aspx?IndexNum=229,POINT (-123.11952291 49.20965032),Marpole,3,Design,Accessible 1BR
1980,235,,3381 Marquette Cr,Completed,1982,Cedar Mill Co-op Housing Association,https://app.vancouver.ca/NonMarketHousing_NET/ProjectDetails.aspx?IndexNum=235,POINT (-123.03115912 49.21293165),Killarney,2,Design,Accessible 1BR
1981,244,,5701 Nanaimo St,Completed,1959,BC Housing,https://app.vancouver.ca/NonMarketHousing_NET/ProjectDetails.aspx?IndexNum=244,POINT (-123.05939466 49.23115573),Victoria-Fraserview,4,Design,Accessible 1BR
1983,254,,1019 Pacific St,Completed,1985,Pacific Heights Co-op Housing Association,https://app.vancouver.ca/NonMarketHousing_NET/ProjectDetails.aspx?IndexNum=254,POINT (-123.13276735 49.2776072),West End,5,Design,Accessible 1BR
1987,270,,1515 W 1st Ave,Completed,1986,Harbour Cove Co-op Housing Association,https://app.vancouver.ca/NonMarketHousing_NET/ProjectDetails.aspx?IndexNum=270,POINT (-123.14128903 49.27205665),Fairview,2,Design,Accessible 1BR
1991,281,,768 Prior St,Completed,1989,Chinese Freemason's Housing Society of B.C.,https://app.vancouver.ca/NonMarketHousing_NET/ProjectDetails.aspx?IndexNum=281,POINT (-123.08863524 49.27631598),Strathcona,2,Design,Accessible 1BR
1992,282,,1680 E 6th Ave,Completed,1993,New Chelsea Society,https://app.vancouver.ca/NonMarketHousing_NET/ProjectDetails.aspx?IndexNum=282,POINT (-123.07061566 49.26471157),Grandview-Woodland,2,Design,Accessible 1BR
2001,300,,1091 Sitka Square,Completed,1977,New Chelsea Society,https://app.vancouver.ca/NonMarketHousing_NET/ProjectDetails.aspx?IndexNum=300,POINT (-123.13016336 49.26687114),Fairview,6,Design,Accessible 1BR
2004,306,,251 Union St,Completed,1993,S.U.C.C.E.S.S.,https://app.vancouver.ca/NonMarketHousing_NET/ProjectDetails.aspx?IndexNum=306,POINT (-123.0979086 49.27788193),Strathcona,8,Design,Accessible 1BR
2008,313,,1985 Wallace St,Completed,1975,BC Housing,https://app.vancouver.ca/NonMarketHousing_NET/ProjectDetails.aspx?IndexNum=313,POINT (-123.19139629 49.26946318),West Point Grey,6,Design,Accessible 1BR
2009,320,,1602 E 41st Ave,Completed,1991,Brightside Community Homes Foundation,https://app.vancouver.ca/NonMarketHousing_NET/ProjectDetails.aspx?IndexNum=320,POINT (-123.07256746 49.23238482),Victoria-Fraserview,7,Design,Accessible 1BR
2010,322,,2390 Grandview Hwy S.,Completed,1994,New Chelsea Society,https://app.vancouver.ca/NonMarketHousing_NET/ProjectDetails.aspx?IndexNum=322,POINT (-123.05716498 49.2575755),Kensington-Cedar Cottage,1,Design,Accessible 1BR
2015,331,,600 Vernon Dr,Completed,1997,Pacific Community Resources Society,https://app.vancouver.ca/NonMarketHousing_NET/ProjectDetails.aspx?IndexNum=331,POINT (-123.07886158 49.27923858),Strathcona,2,Design,Accessible 1BR
2016,335,,5657 Harold St,Completed,1978,Brightside Community Homes Foundation,https://app.vancouver.ca/NonMarketHousing_NET/ProjectDetails.aspx?IndexNum=335,POINT (-123.03625358 49.23266161),Killarney,1,Design,Accessible 1BR
2017,337,,415 Nelson St,Completed,1997,The 127 Society for Housing,https://app.vancouver.ca/NonMarketHousing_NET/ProjectDetails.aspx?IndexNum=337,POINT (-123.12011537 49.27770753),Downtown,2,Design,Accessible 1BR
2018,340,,32 W Pender St,Completed,1998,CBA Housing Society,https://app.vancouver.ca/NonMarketHousing_NET/ProjectDetails.aspx?IndexNum=340,POINT (-123.10540501 49.28030099),Downtown,3,Design,Accessible 1BR
2019,341,,3655 Clark Dr,Completed,1999,Lions Paraplegic Lodge Society,https://app.vancouver.ca/NonMarketHousing_NET/ProjectDetails.aspx?IndexNum=341,POINT (-123.07858216 49.25232759),Kensington-Cedar Cottage,12,Design,Accessible 1BR
2021,349,,1010 Pacific Blvd,Completed,1999,Red Door Housing Society,https://app.vancouver.ca/NonMarketHousing_NET/ProjectDetails.aspx?IndexNum=349,POINT (-123.1155317 49.27357694),Downtown,1,Design,Accessible 1BR
2023,360,,995 E 52nd Ave,Completed,1996,New Chelsea Society,https://app.vancouver.ca/NonMarketHousing_NET/ProjectDetails.aspx?IndexNum=360,POINT (-123.08585372 49.22287534),Sunset,4,Design,Accessible 1BR
2024,361,,27 W Pender St,Completed,2000,BC Indigenous Housing Society,https://app.vancouver.ca/NonMarketHousing_NET/ProjectDetails.aspx?IndexNum=361,POINT (-123.10573543 49.28104614),Downtown,6,Design,Accessible 1BR
2026,370,,6404 Clarendon St,Completed,2006,Baptist Housing Society of B.C.,https://app.vancouver.ca/NonMarketHousing_NET/ProjectDetails.aspx?IndexNum=370,POINT (-123.05546629 49.22554107),Victoria-Fraserview,56,Design,Accessible 1BR
2029,377,,2320 Franklin St,Completed,2001,Kiwassa Housing Society,https://app.vancouver.ca/NonMarketHousing_NET/ProjectDetails.aspx?IndexNum=377,POINT (-123.05727353 49.2818226),Grandview-Woodland,1,Design,Accessible 1BR
2035,399,,533 E Hastings St,Completed,2003,YWCA Vancouver,https://app.vancouver.ca/NonMarketHousing_NET/ProjectDetails.aspx?IndexNum=399,POINT (-123.09237802 49.28150949),Strathcona,2,Design,Accessible 1BR
2050,472,,3390 School Ave,Completed,1984,Chilean Co-op Housing Association,https://app.vancouver.ca/NonMarketHousing_NET/ProjectDetails.aspx?IndexNum=472,POINT (-123.03304017 49.23080241),Killarney,4,Design,Accessible 1BR
2064,682,,111 Princess Av,Completed,2014,PHS Community Services Society,https://app.vancouver.ca/NonMarketHousing_NET/ProjectDetails.aspx?IndexNum=682,POINT (-123.09179574 49.28368398),Strathcona,3,Design,Accessible 1BR
2080,772,,1105 Seymour St,Completed,2017,City of Vancouver,https://app.vancouver.ca/NonMarketHousing_NET/ProjectDetails.aspx?IndexNum=772,POINT (-123.12412411 49.27759099),Downtown,4,Design,Accessible 1BR
2085,784,,4105 Artbutus St,Completed,2021,YWCA Vancouver,https://app.vancouver.ca/NonMarketHousing_NET/ProjectDetails.aspx?IndexNum=784,POINT (-123.15398114 49.24854039),Arbutus Ridge,15,Design,Accessible 1BR
2091,797,,6465 Vivian St,Completed,2020,Fair Haven Homes Society,https://app.vancouver.ca/NonMarketHousing_NET/ProjectDetails.aspx?IndexNum=797,POINT (-123.05069803 49.2253565),Victoria-Fraserview,6,Design,Accessible 1BR
2092,799,,1395 Davie St,Completed,2021,BC Indigenous Housing Society,https://app.vancouver.ca/NonMarketHousing_NET/ProjectDetails.aspx?IndexNum=799,POINT (-123.13567833 49.28367795),West End,1,Design,Accessible 1BR
2093,801,,808 Nicola St,Completed,2024,City of Vancouver,https://app.vancouver.ca/NonMarketHousing_NET/ProjectDetails.aspx?IndexNum=801,POINT (-123.13082054 49.28809834),West End,2,Design,Accessible 1BR
2099,829,,603 W 59th Ave,Completed,2022,S.U.C.C.E.S.S.,https://app.vancouver.ca/NonMarketHousing_NET/ProjectDetails.aspx?IndexNum=829,POINT (-123.11763069 49.21748457),Marpole,5,Design,Accessible 1BR
2107,863,,616 E Cordova St,Completed,2022,Union Gospel Mission,https://app.vancouver.ca/NonMarketHousing_NET/ProjectDetails.aspx?IndexNum=863,POINT (-123.09098604 49.2818717),Strathcona,9,Design,Accessible 1BR
2114,888,,150 E 36th Ave,Under Construction,,,,,Unknown,1,Design,Accessible 1BR
2115,893,,480 Broughton St,Under Construction,,,,POINT (-123.12518254 49.29006102),Downtown,1,Design,Accessible 1BR
2117,897,,1425 & 1451 E 12th Ave,Completed,2024,Brightside Community Homes Foundation,https://app.vancouver.ca/NonMarketHousing_NET/ProjectDetails.aspx?IndexNum=897,POINT (-123.07489881 49.25989171),Kensington-Cedar Cottage,23,Design,Accessible 1BR
2128,932,,95 SW Marine Dr,Completed,2022,New Chelsea Society,https://app.vancouver.ca/NonMarketHousing_NET/ProjectDetails.aspx?IndexNum=932,POINT (-123.10844101 49.21273011),Marpole,2,Design,Accessible 1BR
2129,943,,1656 Adanac St,Under Construction,,Entre Nous Femmes Housing Society,https://app.vancouver.ca/NonMarketHousing_NET/ProjectDetails.aspx?IndexNum=943,POINT (-123.0715201 49.27732861),Grandview-Woodland,10,Design,Accessible 1BR
2143,2,,1590 W 1st Ave,Completed,1983,Marina Co-op Housing Association,https://app.vancouver.ca/NonMarketHousing_NET/ProjectDetails.aspx?IndexNum=2,POINT (-123.14070438 49.2708485),Fairview,2,Design,Accessible 1BR
2144,3,,1675 Cypress St,Completed,1986,Inti Co-op Housing Association,https://app.vancouver.ca/NonMarketHousing_NET/ProjectDetails.aspx?IndexNum=3,POINT (-123.14820598 49.27095637),Kitsilano,2,Design,Accessible 1BR
2146,10,,1880 W 2nd Ave,Completed,1975,BC Housing,https://app.vancouver.ca/NonMarketHousing_NET/ProjectDetails.aspx?IndexNum=10,POINT (-123.1475091 49.26956174),Kitsilano,3,Design,Accessible 1BR
2148,14,,1580 E 3rd Ave,Completed,1985,Paloma Co-op Housing Association,https://app.vancouver.ca/NonMarketHousing_NET/ProjectDetails.aspx?IndexNum=14,POINT (-123.07135058 49.26754704),Grandview-Woodland,2,Design,Accessible 1BR
2149,15,,1650 E 3rd Ave,Completed,1980,Coast Mental Health,https://app.vancouver.ca/NonMarketHousing_NET/ProjectDetails.aspx?IndexNum=15,POINT (-123.07052101 49.26754083),Grandview-Woodland,1,Design,Accessible 1BR
2154,29,,1865 E 10th Ave,Completed,1994,Burlington Heights Co-op Housing Assoc,https://app.vancouver.ca/NonMarketHousing_NET/ProjectDetails.aspx?IndexNum=29,POINT (-123.06687208 49.26161645),Kensington-Cedar Cottage,1,Design,Accessible 1BR
2160,46,,1987 W 7th Ave,Completed,1975,BC Housing,https://app.vancouver.ca/NonMarketHousing_NET/ProjectDetails.aspx?IndexNum=46,POINT (-123.14999063 49.26575732),Kitsilano,2,Design,Accessible 1BR
2164,63,,2060 W 10th Ave,Completed,1990,Vancouver Resource Society for the Physically Disabled,https://app.vancouver.ca/NonMarketHousing_NET/ProjectDetails.aspx?IndexNum=63,POINT (-123.15208112 49.26268769),Kitsilano,14,Design,Accessible 1BR
2169,75,,234 E 15th Ave,Completed,1986,Robson Park Co-op Housing Association,https://app.vancouver.ca/NonMarketHousing_NET/ProjectDetails.aspx?IndexNum=75,POINT (-123.09989042 49.26616758),Mount Pleasant,2,Design,Accessible 1BR
2172,87,,449 E 44th Ave,Completed,1986,Griffin's Walk Co-op Housing Association,https://app.vancouver.ca/NonMarketHousing_NET/ProjectDetails.aspx?IndexNum=87,POINT (-123.09528457 49.23042163),Sunset,5,Design,Accessible 1BR
2176,103,,176 Alexander St,Completed,1990,Affordable Housing Societies,https://app.vancouver.ca/NonMarketHousing_NET/ProjectDetails.aspx?IndexNum=103,POINT (-123.10060783 49.28378901),Downtown,4,Design,Accessible 1BR
2177,110,,1047 Barclay St,Completed,1985,Amicae Co-op Housing Association,https://app.vancouver.ca/NonMarketHousing_NET/ProjectDetails.aspx?IndexNum=110,POINT (-123.12576855 49.28281722),West End,7,Design,Accessible 1BR
2178,112,,1655 Barclay,Completed,1975,BC Housing,https://app.vancouver.ca/NonMarketHousing_NET/ProjectDetails.aspx?IndexNum=112,POINT (-123.13484649 49.28866855),West End,6,Design,Accessible 1BR
2182,130,,830 Campbell Ave,Completed,1978,Vancouver Chinatown Housing Society,https://app.vancouver.ca/NonMarketHousing_NET/ProjectDetails.aspx?IndexNum=130,POINT (-123.08442743 49.27694361),Strathcona,3,Design,Accessible 1BR
2188,163,,3520 Euclid Ave,Completed,1979,Metro Vancouver Housing Corporation,https://app.vancouver.ca/NonMarketHousing_NET/ProjectDetails.aspx?IndexNum=163,POINT (-123.02988574 49.2344612),Renfrew-Collingwood,4,Design,Accessible 1BR
2190,171,,1856 E Georgia St,Completed,1987,BC Indigenous Housing Society,https://app.vancouver.ca/NonMarketHousing_NET/ProjectDetails.aspx?IndexNum=171,POINT (-123.0664843 49.27815551),Grandview-Woodland,1,Design,Accessible 1BR
2193,182,,1515 Granville St,Completed,1988,Affordable Housing Societies,https://app.vancouver.ca/NonMarketHousing_NET/ProjectDetails.aspx?IndexNum=182,POINT (-123.13159007 49.27394656),Downtown,7,Design,Accessible 1BR
2194,183,,1550 Woodland Dr,Completed,1986,Sitka Co-op Housing Association,https://app.vancouver.ca/NonMarketHousing_NET/ProjectDetails.aspx?IndexNum=183,POINT (-123.07305553 49.27078715),Grandview-Woodland,1,Design,Accessible 1BR
2195,184,,1339 Graveley St,Completed,1988,BC Indigenous Housing Society,https://app.vancouver.ca/NonMarketHousing_NET/ProjectDetails.aspx?IndexNum=184,POINT (-123.07637895 49.27082772),Grandview-Woodland,2,Design,Accessible 1BR
2196,185,,845 Bute St,Completed,1978,Haro Park Center Society,https://app.vancouver.ca/NonMarketHousing_NET/ProjectDetails.aspx?IndexNum=185,POINT (-123.12796978 49.28560414),West End,12,Design,Accessible 1BR
2198,201,,8828 Hudson St,Completed,1988,Eburne Landing Co-op Housing Association,https://app.vancouver.ca/NonMarketHousing_NET/ProjectDetails.aspx?IndexNum=201,POINT (-123.13433186 49.20534612),Marpole,4,Design,Accessible 1BR
2204,223,,102 Main St,Completed,1989,Vancouver Chinatown Housing Society,https://app.vancouver.ca/NonMarketHousing_NET/ProjectDetails.aspx?IndexNum=223,POINT (-123.09909816 49.28382811),Strathcona,3,Design,Accessible 1BR
2205,224,,1189 Main St,Completed,1992,Affordable Housing Societies,https://app.vancouver.ca/NonMarketHousing_NET/ProjectDetails.aspx?IndexNum=224,POINT (-123.10049338 49.27408446),Downtown,2,Design,Accessible 1BR
2206,225,,1129 Main St,Completed,1992,Affordable Housing Societies,https://app.vancouver.ca/NonMarketHousing_NET/ProjectDetails.aspx?IndexNum=225,POINT (-123.10047839 49.27455606),Downtown,2,Design,Accessible 1BR
2209,234,,1564 SW Marine Dr,Completed,1988,Canadian Hungarian Housing Society of BC,https://app.vancouver.ca/NonMarketHousing_NET/ProjectDetails.aspx?IndexNum=234,POINT (-123.14304507 49.20823363),Marpole,4,Design,Accessible 1BR
2210,236,,3410 McIntyre Dr,Completed,1984,Arlington Grove Co-op Housing Association,https://app.vancouver.ca/NonMarketHousing_NET/ProjectDetails.aspx?IndexNum=236,POINT (-123.0314457 49.21961153),Killarney,2,Design,Accessible 1BR
2214,241,,16 Nanaimo St,Completed,1987,Affordable Housing Societies,https://app.vancouver.ca/NonMarketHousing_NET/ProjectDetails.aspx?IndexNum=241,POINT (-123.05609131 49.28423783),Hastings-Sunrise,5,Design,Accessible 1BR
2215,242,,76 N Nanaimo St,Completed,1987,Affordable Housing Societies,https://app.vancouver.ca/NonMarketHousing_NET/ProjectDetails.aspx?IndexNum=242,POINT (-123.0560918 49.28535684),Hastings-Sunrise,1,Design,Accessible 1BR
2218,248,,1763 Nelson St,Completed,1983,Sojourn Co-op Housing Association,https://app.vancouver.ca/NonMarketHousing_NET/ProjectDetails.aspx?IndexNum=248,POINT (-123.1377026 49.28912892),West End,4,Design,Accessible 1BR
2219,249,,2929 Nootka St,Completed,1979,Metro Vancouver Housing Corporation,https://app.vancouver.ca/NonMarketHousing_NET/ProjectDetails.aspx?IndexNum=249,POINT (-123.04263316 49.25744846),Renfrew-Collingwood,23,Design,Accessible 1BR
2220,251,,1110 Odlum Dr,Completed,1983,Tidal Flats Co-op Housing Association,https://app.vancouver.ca/NonMarketHousing_NET/ProjectDetails.aspx?IndexNum=251,POINT (-123.07546996 49.27463356),Grandview-Woodland,1,Design,Accessible 1BR
2223,258,,827 E Pender St,Completed,1988,Lesya Ukrainka Housing Society,https://app.vancouver.ca/NonMarketHousing_NET/ProjectDetails.aspx?IndexNum=258,POINT (-123.08649623 49.28038687),Strathcona,2,Design,Accessible 1BR
2225,267,,133 W Pender St,Completed,1990,BC Indigenous Housing Society,https://app.vancouver.ca/NonMarketHousing_NET/ProjectDetails.aspx?IndexNum=267,POINT (-123.10855569 49.28154278),Downtown,5,Design,Accessible 1BR
2226,279,,1725 E Pender St,Completed,1994,BC Indigenous Housing Society,https://app.vancouver.ca/NonMarketHousing_NET/ProjectDetails.aspx?IndexNum=279,POINT (-123.06970069 49.28053613),Grandview-Woodland,2,Design,Accessible 1BR
2230,296,,1873 Spyglass Place,Completed,1984,Metro Vancouver Housing Corporation,https://app.vancouver.ca/NonMarketHousing_NET/ProjectDetails.aspx?IndexNum=296,POINT (-123.11579149 49.26864189),Fairview,2,Design,Accessible 1BR
2233,319,,8080 Yukon St,Completed,1976,Vancouver Kiwanis Housing Society,https://app.vancouver.ca/NonMarketHousing_NET/ProjectDetails.aspx?IndexNum=319,POINT (-123.11404507 49.21174063),Marpole,1,Design,Accessible 1BR
2234,321,,510 Alexander St,Completed,1993,Lookout Housing and Health Society,https://app.vancouver.ca/NonMarketHousing_NET/ProjectDetails.aspx?IndexNum=321,POINT (-123.09262135 49.2837058),Strathcona,4,Design,Accessible 1BR
2235,323,,238 Davie St,Completed,1993,Brightside Community Homes Foundation,https://app.vancouver.ca/NonMarketHousing_NET/ProjectDetails.aspx?IndexNum=323,POINT (-123.12370772 49.27375636),Downtown,4,Design,Accessible 1BR
2237,338,,2260 W 10th Ave,Completed,1999,Arbutus Co-op Housing Association,https://app.vancouver.ca/NonMarketHousing_NET/ProjectDetails.aspx?IndexNum=338,POINT (-123.15663359 49.26266126),Kitsilano,8,Design,Accessible 1BR
2244,364,,1640 Graveley St,Completed,1998,Lu'Ma Native Housing Society,https://app.vancouver.ca/NonMarketHousing_NET/ProjectDetails.aspx?IndexNum=364,POINT (-123.07051679 49.27026481),Grandview-Woodland,1,Design,Accessible 1BR
2250,380,,201 Alvin Narod Mews,Completed,2001,Affordable Housing Societies,https://app.vancouver.ca/NonMarketHousing_NET/ProjectDetails.aspx?IndexNum=380,POINT (-123.12004247 49.27489914),Downtown,1,Design,Accessible 1BR
2253,400,,1254 E 8th Ave,Completed,2004,Lu'Ma Native Housing Society,https://app.vancouver.ca/NonMarketHousing_NET/ProjectDetails.aspx?IndexNum=400,POINT (-123.07803227 49.2630781),Mount Pleasant,1,Design,Accessible 1BR
2269,492,,2864 E 5th Ave,Completed,1983,Access Co-op Housing Association,https://app.vancouver.ca/NonMarketHousing_NET/ProjectDetails.aspx?IndexNum=492,POINT (-123.04557776 49.26540171),Hastings-Sunrise,4,Design,Accessible 1BR
2276,647,,80 Walter Hardwick Ave.,Completed,2010,S.U.C.C.E.S.S.,https://app.vancouver.ca/NonMarketHousing_NET/ProjectDetails.aspx?IndexNum=647,POINT (-123.1057161 49.27075307),Mount Pleasant,4,Design,Accessible 1BR
2277,648,,122 Walter Hardwick Ave.,Completed,2010,S.U.C.C.E.S.S.,https://app.vancouver.ca/NonMarketHousing_NET/ProjectDetails.aspx?IndexNum=648,POINT (-123.10760298 49.27078693),Mount Pleasant,5,Design,Accessible 1BR
2278,649,,151 W. 1st Ave.,Completed,2010,Co-operative Housing Federation of BC,https://app.vancouver.ca/NonMarketHousing_NET/ProjectDetails.aspx?IndexNum=649,POINT (-123.10861889 49.27064319),Mount Pleasant,4,Design,Accessible 1BR
2281,705,,2304 W 8th Av,Completed,2012,Kitsilano Neighbourhood House,https://app.vancouver.ca/NonMarketHousing_NET/ProjectDetails.aspx?IndexNum=705,POINT (-123.15800935 49.26456261),Kitsilano,8,Design,Accessible 1BR
2284,716,,2325 W 7th Ave,Completed,2014,Kitsilano Neighbourhood House,https://app.vancouver.ca/NonMarketHousing_NET/ProjectDetails.aspx?IndexNum=716,POINT (-123.15806282 49.26590631),Kitsilano,15,Design,Accessible 1BR
2298,815,,75 SW Marine Dr,Completed,2022,New Chelsea Society,https://app.vancouver.ca/NonMarketHousing_NET/ProjectDetails.aspx?IndexNum=815,POINT (-123.10773385 49.21271041),Marpole,3,Design,Accessible 1BR
2303,852,,1190 Burrard St,Under Construction,,McLaren Housing Society of BC,,,Unknown,8,Design,Accessible 1BR
2304,854,,2050 Rupert St,Under Construction,,Hopehill,,POINT (-123.03326161 49.26621497),Hastings-Sunrise,1,Design,Accessible 1BR
2308,866,,3625 Sawmill Crescent,Completed,2021,Catalyst Community Developments Society,https://app.vancouver.ca/NonMarketHousing_NET/ProjectDetails.aspx?IndexNum=866,POINT (-123.02444018 49.20668835),Killarney,4,Design,Accessible 1BR
2311,883,,1001 Kingsway,Proposed,,,,POINT (-123.08348134 49.25412044),Kensington-Cedar Cottage,3,Design,Accessible 1BR
2312,889,,1885 E Pender St,Proposed,,,,POINT (-123.06602928 49.28048558),Grandview-Woodland,1,Design,Accessible 1BR
2315,894,,2929 Commercial Dr,Approved,,,,POINT (-123.07023083 49.25839773),Kensington-Cedar Cottage,3,Design,Accessible 1BR
2321,920,,1210 Seymour St,Under Construction,,,https://app.vancouver.ca/NonMarketHousing_NET/ProjectDetails.aspx?IndexNum=920,POINT (-123.125212 49.27614383),Downtown,6,Design,Accessible 1BR
2323,937,,1810 Alberni St / 1818 Alberni,Under Construction,,,https://app.vancouver.ca/NonMarketHousing_NET/ProjectDetails.aspx?IndexNum=937,,Unknown,2,Design,Accessible 1BR
2325,945,,774 W 13th Ave,Approved,,Metro Vancouver Housing Corporation,,,Unknown,23,Design,Accessible 1BR
2337,13,,1455 E 3rd Ave,Completed,1973,Baptist Housing Society of B.C.,https://app.vancouver.ca/NonMarketHousing_NET/ProjectDetails.aspx?IndexNum=13,POINT (-123.07464212 49.26829628),Grandview-Woodland,1,Design,Accessible 1BR
2340,27,,5709 Wales St,Completed,1994,Brightside Community Homes Foundation,https://app.vancouver.ca/NonMarketHousing_NET/ProjectDetails.aspx?IndexNum=27,POINT (-123.05213397 49.23246527),Victoria-Fraserview,1,Design,Accessible 1BR
2344,37,,730 W 6th Ave,Completed,1992,Stan Stronge Noble House Co-op Housing Association,https://app.vancouver.ca/NonMarketHousing_NET/ProjectDetails.aspx?IndexNum=37,POINT (-123.12056203 49.26564344),Fairview,5,Design,Accessible 1BR
2345,41,,775 E 7th Ave,Completed,1984,Jasmine Place Co-op Housing Association,https://app.vancouver.ca/NonMarketHousing_NET/ProjectDetails.aspx?IndexNum=41,POINT (-123.08761087 49.2645604),Mount Pleasant,1,Design,Accessible 1BR
2348,52,,1330 E 8th Ave,Completed,1985,BC Indigenous Housing Society,https://app.vancouver.ca/NonMarketHousing_NET/ProjectDetails.aspx?IndexNum=52,POINT (-123.07666847 49.263058),Grandview-Woodland,1,Design,Accessible 1BR
2349,55,,2053 W 8th Ave,Completed,1986,Maple Creek Co-op Housing Association,https://app.vancouver.ca/NonMarketHousing_NET/ProjectDetails.aspx?IndexNum=55,POINT (-123.15173449 49.26495895),Kitsilano,2,Design,Accessible 1BR
2350,57,,951 E 8th Ave,Completed,1978,Anavets Senior Citizens Housing Society,https://app.vancouver.ca/NonMarketHousing_NET/ProjectDetails.aspx?IndexNum=57,POINT (-123.08405019 49.26362938),Mount Pleasant,1,Design,Accessible 1BR
2351,62,,1842 E 10th Ave,Completed,1989,Affordable Housing Societies,https://app.vancouver.ca/NonMarketHousing_NET/ProjectDetails.aspx?IndexNum=62,POINT (-123.06693953 49.26108247),Kensington-Cedar Cottage,2,Design,Accessible 1BR
2353,68,,2075 E 12th Ave,Completed,1983,Lakewood Terrace Co-op Housing Assoc,https://app.vancouver.ca/NonMarketHousing_NET/ProjectDetails.aspx?IndexNum=68,POINT (-123.06277581 49.25992897),Kensington-Cedar Cottage,4,Design,Accessible 1BR
2356,80,,2898 E 22nd Ave,Completed,1982,Three Links Care Society,https://app.vancouver.ca/NonMarketHousing_NET/ProjectDetails.aspx?IndexNum=80,POINT (-123.04445764 49.25031447),Renfrew-Collingwood,2,Design,Accessible 1BR
2357,83,,250 E 36th Ave,Completed,1988,Little Mountain Care & Housing Association,https://app.vancouver.ca/NonMarketHousing_NET/ProjectDetails.aspx?IndexNum=83,POINT (-123.10086016 49.23766925),Riley Park,1,Design,Accessible 1BR
2359,92,,1516 W 71st Ave,Completed,1988,Rishon Co-op Housing Association,https://app.vancouver.ca/NonMarketHousing_NET/ProjectDetails.aspx?IndexNum=92,POINT (-123.14150123 49.20682197),Marpole,1,Design,Accessible 1BR
2360,93,,1599 W 71st Ave,Completed,1984,Marine Court Co-op Housing Association,https://app.vancouver.ca/NonMarketHousing_NET/ProjectDetails.aspx?IndexNum=93,POINT (-123.14347965 49.20760295),Marpole,2,Design,Accessible 1BR
2361,96,,1717 Adanac St,Completed,1979,Vancouver East Lion's Housing Foundation,https://app.vancouver.ca/NonMarketHousing_NET/ProjectDetails.aspx?IndexNum=96,POINT (-123.07006467 49.27782127),Grandview-Woodland,2,Design,Accessible 1BR
2364,102,,638 Alexander St,Completed,1985,Alexander Street Co-operative Housing Association,https://app.vancouver.ca/NonMarketHousing_NET/ProjectDetails.aspx?IndexNum=102,POINT (-123.09046001 49.28366031),Strathcona,5,Design,Accessible 1BR
2365,109,,5311 Balsam St,Completed,1988,St. Mary's Kerrisdale Housing Society,https://app.vancouver.ca/NonMarketHousing_NET/ProjectDetails.aspx?IndexNum=109,POINT (-123.16154324 49.23810614),Arbutus Ridge,1,Design,Accessible 1BR
2368,119,,2616 W Broadway,Completed,1984,Kitsilano Terrace Co-op Housing Association,https://app.vancouver.ca/NonMarketHousing_NET/ProjectDetails.aspx?IndexNum=119,POINT (-123.16523828 49.26376668),Kitsilano,1,Design,Accessible 1BR
2371,127,,3637 Cambie St,Completed,1982,Eight Oaks Co-op Housing Association,https://app.vancouver.ca/NonMarketHousing_NET/ProjectDetails.aspx?IndexNum=127,POINT (-123.11584604 49.25295523),South Cambie,2,Design,Accessible 1BR
2375,138,,527 Commodore Rd,Completed,1984,Connaught Co-op Housing Association,https://app.vancouver.ca/NonMarketHousing_NET/ProjectDetails.aspx?IndexNum=138,POINT (-123.11596251 49.26801477),Fairview,1,Design,Accessible 1BR
2381,166,,2250 Fraser St,Completed,1984,Emma G. Co-op Housing Association,https://app.vancouver.ca/NonMarketHousing_NET/ProjectDetails.aspx?IndexNum=166,POINT (-123.08876201 49.26456896),Mount Pleasant,1,Design,Accessible 1BR
2382,167,,551 E Georgia St,Completed,1979,Vancouver Chinese Kung Kao Foundation,https://app.vancouver.ca/NonMarketHousing_NET/ProjectDetails.aspx?IndexNum=167,POINT (-123.09201049 49.27867931),Strathcona,1,Design,Accessible 1BR
2383,169,,1529 W 71st Ave,Completed,1985,David Wetherow Co-op Housing Association,https://app.vancouver.ca/NonMarketHousing_NET/ProjectDetails.aspx?IndexNum=169,POINT (-123.14167259 49.20734942),Marpole,5,Design,Accessible 1BR
2386,175,,2610 Grandview Hwy S,Completed,1988,Italian Cultural Centre Housing Society,https://app.vancouver.ca/NonMarketHousing_NET/ProjectDetails.aspx?IndexNum=175,POINT (-123.05200625 49.25715479),Renfrew-Collingwood,4,Design,Accessible 1BR
2391,194,,2518 E Hastings St,Completed,1992,Entre Nous Femmes Housing Society,https://app.vancouver.ca/NonMarketHousing_NET/ProjectDetails.aspx?IndexNum=194,POINT (-123.05409967 49.28088658),Hastings-Sunrise,4,Design,Accessible 1BR
2392,195,,3080 Heather St,Completed,1986,Societe d'Habitation La Verendrye,https://app.vancouver.ca/NonMarketHousing_NET/ProjectDetails.aspx?IndexNum=195,POINT (-123.11942972 49.2576848),Fairview,1,Design,Accessible 1BR
2397,207,,5075 Boundary Rd,Completed,1993,Lu'Ma Native Housing Society,https://app.vancouver.ca/NonMarketHousing_NET/ProjectDetails.aspx?IndexNum=207,POINT (-123.02402887 49.23848485),Renfrew-Collingwood,4,Design,Accessible 1BR
2400,212,,2898 Kingsway,Completed,1987,Dundee Court Co-op Housing Association,https://app.vancouver.ca/NonMarketHousing_NET/ProjectDetails.aspx?IndexNum=212,POINT (-123.04678992 49.23580848),Renfrew-Collingwood,4,Design,Accessible 1BR
2405,226,,2229 Maple St,Completed,1976,Shalom Branch #178 Canadian Legion,https://app.vancouver.ca/NonMarketHousing_NET/ProjectDetails.aspx?IndexNum=226,POINT (-123.15077883 49.26595347),Kitsilano,12,Design,Accessible 1BR
2406,227,,2424 Maple St,Completed,1984,Phoenix Court Co-op Housing Association,https://app.vancouver.ca/NonMarketHousing_NET/ProjectDetails.aspx?IndexNum=227,POINT (-123.15003674 49.26442777),Kitsilano,1,Design,Accessible 1BR
2413,260,,3621 W 4th Ave,Completed,1993,Hellenic Housing Society of BC,https://app.vancouver.ca/NonMarketHousing_NET/ProjectDetails.aspx?IndexNum=260,POINT (-123.18453011 49.26885935),Kitsilano,2,Design,Accessible 1BR
2415,263,,1763 E Pender St,Completed,1985,Leveller's Co-op Housing Association,https://app.vancouver.ca/NonMarketHousing_NET/ProjectDetails.aspx?IndexNum=263,POINT (-123.06880418 49.28051041),Grandview-Woodland,2,Design,Accessible 1BR
2416,264,,1823 E Pender St,Completed,1989,BC Indigenous Housing Society,https://app.vancouver.ca/NonMarketHousing_NET/ProjectDetails.aspx?IndexNum=264,POINT (-123.0673884 49.28050551),Grandview-Woodland,3,Design,Accessible 1BR
2417,268,,3306 E 5th Ave / 3350 E 5th Ave,Completed,1992,Hopehill,https://app.vancouver.ca/NonMarketHousing_NET/ProjectDetails.aspx?IndexNum=268,POINT (-123.03206317 49.26534752),Hastings-Sunrise,3,Design,Accessible 1BR
2421,274,,245 Powell St,Completed,1991,Shiloh Housing Society,https://app.vancouver.ca/NonMarketHousing_NET/ProjectDetails.aspx?IndexNum=274,POINT (-123.09852395 49.28341464),Strathcona,8,Design,Accessible 1BR
2424,284,,3433 Renfrew St,Completed,1976,East Enders Amherst Lions Society,https://app.vancouver.ca/NonMarketHousing_NET/ProjectDetails.aspx?IndexNum=284,POINT (-123.0448255 49.25359041),Renfrew-Collingwood,6,Design,Accessible 1BR
2426,293,,1067 Seymour St,Completed,1992,City of Vancouver,https://app.vancouver.ca/NonMarketHousing_NET/ProjectDetails.aspx?IndexNum=293,POINT (-123.12355177 49.27796805),Downtown,3,Design,Accessible 1BR
2431,327,,2980 Euclid Ave,Completed,1994,Brightside Community Homes Foundation,https://app.vancouver.ca/NonMarketHousing_NET/ProjectDetails.aspx?IndexNum=327,POINT (-123.04369648 49.24006198),Renfrew-Collingwood,2,Design,Accessible 1BR
2434,336,,1267 Marinaside Cres,Completed,1998,Roundhouse Co-op Housing Association,https://app.vancouver.ca/NonMarketHousing_NET/ProjectDetails.aspx?IndexNum=336,POINT (-123.12091871 49.27286767),Downtown,2,Design,Accessible 1BR
2435,339,,2938 Laurel St,Completed,1999,St. George's Place Housing Society,https://app.vancouver.ca/NonMarketHousing_NET/ProjectDetails.aspx?IndexNum=339,POINT (-123.12400793 49.25893455),Fairview,6,Design,Accessible 1BR
2436,342,,100 E Cordova St,Completed,2001,Bridge Housing Society for Women,https://app.vancouver.ca/NonMarketHousing_NET/ProjectDetails.aspx?IndexNum=342,POINT (-123.10198466 49.28207257),Downtown,4,Design,Accessible 1BR
2437,343,,1538 E 22nd Ave,Completed,1995,Coast Mental Health,https://app.vancouver.ca/NonMarketHousing_NET/ProjectDetails.aspx?IndexNum=343,POINT (-123.07283614 49.25015825),Kensington-Cedar Cottage,1,Design,Accessible 1BR
2439,347,,599 Nicola St,Completed,1998,Coal Harbour Co-op Housing Association,https://app.vancouver.ca/NonMarketHousing_NET/ProjectDetails.aspx?IndexNum=347,POINT (-123.12895356 49.29092964),Downtown,9,Design,Accessible 1BR
2442,369,,5650 Oak St,Completed,1997,Vancouver Resource Society for the Physically Disabled,https://app.vancouver.ca/NonMarketHousing_NET/ProjectDetails.aspx?IndexNum=369,POINT (-123.1276119 49.23471513),South Cambie,5,Design,Accessible 1BR
2452,395,,3501 Euclid Ave,Completed,2001,Collingwood Village Co-op Housing Association,https://app.vancouver.ca/NonMarketHousing_NET/ProjectDetails.aspx?IndexNum=395,POINT (-123.02973841 49.23530774),Renfrew-Collingwood,2,Design,Accessible 1BR
2470,454,,475 E Hastings St,Completed,2005,Sanford Housing Society,https://app.vancouver.ca/NonMarketHousing_NET/ProjectDetails.aspx?IndexNum=454,POINT (-123.09376706 49.28153307),Strathcona,52,Design,Accessible 1BR
2483,531,,580 Shanghai Alley,Completed,2006,Vancouver Coastal Health,https://app.vancouver.ca/NonMarketHousing_NET/ProjectDetails.aspx?IndexNum=531,POINT (-123.10557988 49.27977613),Downtown,14,Design,Accessible 1BR
2519,789,,3595 Kingsway,Completed,2020,Odd Fellows Low Rental Housing Society,https://app.vancouver.ca/NonMarketHousing_NET/ProjectDetails.aspx?IndexNum=789,POINT (-123.0265823 49.23247694),Renfrew-Collingwood,9,Design,Accessible 1BR
2523,806,,95 E 1st Ave,Completed,2018,Community Land Trust Foundation of BC,https://app.vancouver.ca/NonMarketHousing_NET/ProjectDetails.aspx?IndexNum=806,POINT (-123.10318172 49.27045793),Mount Pleasant,7,Design,Accessible 1BR
2527,817,,1015 E Hastings St,Under Construction,,Community Land Trust Foundation of BC,,POINT (-123.08179571 49.28130782),Strathcona,11,Design,Accessible 1BR
2528,818,,53 W Cordova St,Completed,2022,PHS Community Services Society,https://app.vancouver.ca/NonMarketHousing_NET/ProjectDetails.aspx?IndexNum=818,,Unknown,4,Design,Accessible 1BR
2529,820,,58 W Hastings St,Completed,2024,S.U.C.C.E.S.S.,https://app.vancouver.ca/NonMarketHousing_NET/ProjectDetails.aspx?IndexNum=820,,Unknown,4,Design,Accessible 1BR
2530,821,,1766 Frances St,Under Construction,,,,POINT (-123.06892602 49.2790927),Grandview-Woodland,8,Design,Accessible 1BR
2531,824,,710 E 19th Ave,Completed,2023,North Arm Housing Co-op,https://app.vancouver.ca/NonMarketHousing_NET/ProjectDetails.aspx?IndexNum=824,POINT (-123.08952659 49.25345583),Kensington-Cedar Cottage,5,Design,Accessible 1BR
2548,881,,155 E 37th Ave,Completed,2014,More Than a Roof Housing Society,https://app.vancouver.ca/NonMarketHousing_NET/ProjectDetails.aspx?IndexNum=881,POINT (-123.10260504 49.23763885),Riley Park,1,Design,Accessible 1BR
2553,899,,349 E 6th Ave,Completed,2024,Brightside Community Homes Foundation,https://app.vancouver.ca/NonMarketHousing_NET/ProjectDetails.aspx?IndexNum=899,POINT (-123.09724906 49.2656987),Mount Pleasant,3,Design,Accessible 1BR
2559,929,,998 E 19th Ave,Approved,,,,POINT (-123.08438908 49.25336844),Kensington-Cedar Cottage,22,Design,Accessible 1BR
2565,7,,1349 E 2nd Ave,Completed,1987,Laura Jamieson Co-op Housing Association,https://app.vancouver.ca/NonMarketHousing_NET/ProjectDetails.aspx?IndexNum=7,POINT (-123.07614157 49.26900321),Grandview-Woodland,1,Design,Accessible 2BR
2566,8,,1507 E 2nd Ave,Completed,1984,Westerdale Co-op Housing Association,https://app.vancouver.ca/NonMarketHousing_NET/ProjectDetails.aspx?IndexNum=8,POINT (-123.07304966 49.26896961),Grandview-Woodland,1,Design,Accessible 2BR
2571,34,,756 E 6th Ave,Completed,1986,Lu'Ma Native Housing Society,https://app.vancouver.ca/NonMarketHousing_NET/ProjectDetails.aspx?IndexNum=34,POINT (-123.08812236 49.26495984),Mount Pleasant,1,Design,Accessible 2BR
2575,51,,1230 E 8th Ave,Completed,1987,China Creek Co-op Housing Association,https://app.vancouver.ca/NonMarketHousing_NET/ProjectDetails.aspx?IndexNum=51,POINT (-123.07922139 49.26307424),Mount Pleasant,2,Design,Accessible 2BR
2576,53,,2829 E 8th Ave,Completed,1983,Access Co-op Housing Association,https://app.vancouver.ca/NonMarketHousing_NET/ProjectDetails.aspx?IndexNum=53,POINT (-123.04651609 49.26321325),Hastings-Sunrise,6,Design,Accessible 2BR
2582,86,,3545 E 43rd Ave,Completed,1985,HW Flesher Co-op Housing Association,https://app.vancouver.ca/NonMarketHousing_NET/ProjectDetails.aspx?IndexNum=86,POINT (-123.0282517 49.23143252),Killarney,1,Design,Accessible 2BR
2586,104,,118 Alexander St,Completed,1987,Four Sisters Co-op Housing Association,https://app.vancouver.ca/NonMarketHousing_NET/ProjectDetails.aspx?IndexNum=104,POINT (-123.10153493 49.28370049),Downtown,5,Design,Accessible 2BR
2591,115,,3502-98 Bluejay Cr,Completed,1981,Matheson Heights Co-op Housing Association,https://app.vancouver.ca/NonMarketHousing_NET/ProjectDetails.aspx?IndexNum=115,POINT (-123.02641787 49.21275024),Killarney,6,Design,Accessible 2BR
2593,120,,2525 Waterloo St,Completed,1984,Broadview Co-op Housing Association,https://app.vancouver.ca/NonMarketHousing_NET/ProjectDetails.aspx?IndexNum=120,POINT (-123.18021442 49.2640035),Kitsilano,2,Design,Accessible 2BR
2608,186,,1416 Haro St,Completed,1985,City of Vancouver,https://app.vancouver.ca/NonMarketHousing_NET/ProjectDetails.aspx?IndexNum=186,POINT (-123.13182158 49.28736751),West End,1,Design,Accessible 2BR
2617,219,,1415 Lamey's Mill Rd,Completed,1981,Twin Rainbows Co-op Housing Association,https://app.vancouver.ca/NonMarketHousing_NET/ProjectDetails.aspx?IndexNum=219,POINT (-123.13586996 49.26788454),Fairview,2,Design,Accessible 2BR
2620,231,,1592 SW Marine Dr,Completed,1986,Wits' End Co-op Housing Association,https://app.vancouver.ca/NonMarketHousing_NET/ProjectDetails.aspx?IndexNum=231,POINT (-123.14375724 49.20824039),Marpole,2,Design,Accessible 2BR
2628,270,,1515 W 1st Ave,Completed,1986,Harbour Cove Co-op Housing Association,https://app.vancouver.ca/NonMarketHousing_NET/ProjectDetails.aspx?IndexNum=270,POINT (-123.14128903 49.27205665),Fairview,2,Design,Accessible 2BR
2631,280,,321 Princess Ave,Completed,1991,Affordable Housing Societies,https://app.vancouver.ca/NonMarketHousing_NET/ProjectDetails.aspx?IndexNum=280,POINT (-123.09196577 49.28187669),Strathcona,3,Design,Accessible 2BR
2635,288,,5748 Rupert St,Completed,1991,Brightside Community Homes Foundation,https://app.vancouver.ca/NonMarketHousing_NET/ProjectDetails.aspx?IndexNum=288,POINT (-123.04269371 49.23202084),Killarney,2,Design,Accessible 2BR
2636,289,,825 Salsbury Dr,Completed,1986,Grace MacInnis Co-op Housing Association,https://app.vancouver.ca/NonMarketHousing_NET/ProjectDetails.aspx?IndexNum=289,POINT (-123.06888997 49.27729408),Grandview-Woodland,1,Design,Accessible 2BR
2642,300,,1091 Sitka Square,Completed,1977,New Chelsea Society,https://app.vancouver.ca/NonMarketHousing_NET/ProjectDetails.aspx?IndexNum=300,POINT (-123.13016336 49.26687114),Fairview,2,Design,Accessible 2BR
2648,312,,1707 Wallace St,Completed,1978,Penta Co-op Housing Association,https://app.vancouver.ca/NonMarketHousing_NET/ProjectDetails.aspx?IndexNum=312,POINT (-123.18996814 49.27107928),West Point Grey,2,Design,Accessible 2BR
2650,320,,1602 E 41st Ave,Completed,1991,Brightside Community Homes Foundation,https://app.vancouver.ca/NonMarketHousing_NET/ProjectDetails.aspx?IndexNum=320,POINT (-123.07256746 49.23238482),Victoria-Fraserview,8,Design,Accessible 2BR
2659,340,,32 W Pender St,Completed,1998,CBA Housing Society,https://app.vancouver.ca/NonMarketHousing_NET/ProjectDetails.aspx?IndexNum=340,POINT (-123.10540501 49.28030099),Downtown,1,Design,Accessible 2BR
2660,341,,3655 Clark Dr,Completed,1999,Lions Paraplegic Lodge Society,https://app.vancouver.ca/NonMarketHousing_NET/ProjectDetails.aspx?IndexNum=341,POINT (-123.07858216 49.25232759),Kensington-Cedar Cottage,4,Design,Accessible 2BR
2662,349,,1010 Pacific Blvd,Completed,1999,Red Door Housing Society,https://app.vancouver.ca/NonMarketHousing_NET/ProjectDetails.aspx?IndexNum=349,POINT (-123.1155317 49.27357694),Downtown,4,Design,Accessible 2BR
2689,461,,1465 Lamey's Mill Rd,Completed,1981,Twin Rainbows Co-op Housing Association,https://app.vancouver.ca/NonMarketHousing_NET/ProjectDetails.aspx?IndexNum=461,POINT (-123.13673059 49.26848936),Fairview,2,Design,Accessible 2BR
2691,472,,3390 School Ave,Completed,1984,Chilean Co-op Housing Association,https://app.vancouver.ca/NonMarketHousing_NET/ProjectDetails.aspx?IndexNum=472,POINT (-123.03304017 49.23080241),Killarney,2,Design,Accessible 2BR
2709,691,,220 Princess Av,Completed,2015,Raincity Housing and Support Society,https://app.vancouver.ca/NonMarketHousing_NET/ProjectDetails.aspx?IndexNum=691,POINT (-123.09089702 49.2827536),Strathcona,3,Design,Accessible 2BR
2733,799,,1395 Davie St,Completed,2021,BC Indigenous Housing Society,https://app.vancouver.ca/NonMarketHousing_NET/ProjectDetails.aspx?IndexNum=799,POINT (-123.13567833 49.28367795),West End,1,Design,Accessible 2BR
2734,801,,808 Nicola St,Completed,2024,City of Vancouver,https://app.vancouver.ca/NonMarketHousing_NET/ProjectDetails.aspx?IndexNum=801,POINT (-123.13082054 49.28809834),West End,3,Design,Accessible 2BR
2740,829,,603 W 59th Ave,Completed,2022,S.U.C.C.E.S.S.,https://app.vancouver.ca/NonMarketHousing_NET/ProjectDetails.aspx?IndexNum=829,POINT (-123.11763069 49.21748457),Marpole,3,Design,Accessible 2BR
2742,832,,1636 Clark Dr,Under Construction,,S.U.C.C.E.S.S.,https://app.vancouver.ca/NonMarketHousing_NET/ProjectDetails.aspx?IndexNum=832,POINT (-123.07634909 49.26993257),Grandview-Woodland,4,Design,Accessible 2BR
2748,863,,616 E Cordova St,Completed,2022,Union Gospel Mission,https://app.vancouver.ca/NonMarketHousing_NET/ProjectDetails.aspx?IndexNum=863,POINT (-123.09098604 49.2818717),Strathcona,3,Design,Accessible 2BR
2755,888,,150 E 36th Ave,Under Construction,,,,,Unknown,1,Design,Accessible 2BR
2756,893,,480 Broughton St,Under Construction,,,,POINT (-123.12518254 49.29006102),Downtown,1,Design,Accessible 2BR
2784,2,,1590 W 1st Ave,Completed,1983,Marina Co-op Housing Association,https://app.vancouver.ca/NonMarketHousing_NET/ProjectDetails.aspx?IndexNum=2,POINT (-123.14070438 49.2708485),Fairview,2,Design,Accessible 2BR
2785,3,,1675 Cypress St,Completed,1986,Inti Co-op Housing Association,https://app.vancouver.ca/NonMarketHousing_NET/ProjectDetails.aspx?IndexNum=3,POINT (-123.14820598 49.27095637),Kitsilano,2,Design,Accessible 2BR
2792,21,,1528 E 5th Ave,Completed,1987,Sunrise Co-op Housing Association,https://app.vancouver.ca/NonMarketHousing_NET/ProjectDetails.aspx?IndexNum=21,POINT (-123.07335792 49.26575239),Grandview-Woodland,2,Design,Accessible 2BR
2793,22,,1556 E 5th Ave,Completed,1986,Rising Star Co-op Housing Association,https://app.vancouver.ca/NonMarketHousing_NET/ProjectDetails.aspx?IndexNum=22,POINT (-123.0721715 49.26574265),Grandview-Woodland,2,Design,Accessible 2BR
2794,23,,1575 E 5th Ave,Completed,1986,BC Indigenous Housing Society,https://app.vancouver.ca/NonMarketHousing_NET/ProjectDetails.aspx?IndexNum=23,POINT (-123.07186116 49.26625345),Grandview-Woodland,2,Design,Accessible 2BR
2800,45,,1333 E 7th Ave,Completed,1985,BC Indigenous Housing Society,https://app.vancouver.ca/NonMarketHousing_NET/ProjectDetails.aspx?IndexNum=45,POINT (-123.07649546 49.26448248),Grandview-Woodland,1,Design,Accessible 2BR
2805,63,,2060 W 10th Ave,Completed,1990,Vancouver Resource Society for the Physically Disabled,https://app.vancouver.ca/NonMarketHousing_NET/ProjectDetails.aspx?IndexNum=63,POINT (-123.15208112 49.26268769),Kitsilano,10,Design,Accessible 2BR
2818,110,,1047 Barclay St,Completed,1985,Amicae Co-op Housing Association,https://app.vancouver.ca/NonMarketHousing_NET/ProjectDetails.aspx?IndexNum=110,POINT (-123.12576855 49.28281722),West End,7,Design,Accessible 2BR
2836,184,,1339 Graveley St,Completed,1988,BC Indigenous Housing Society,https://app.vancouver.ca/NonMarketHousing_NET/ProjectDetails.aspx?IndexNum=184,POINT (-123.07637895 49.27082772),Grandview-Woodland,2,Design,Accessible 2BR
2839,201,,8828 Hudson St,Completed,1988,Eburne Landing Co-op Housing Association,https://app.vancouver.ca/NonMarketHousing_NET/ProjectDetails.aspx?IndexNum=201,POINT (-123.13433186 49.20534612),Marpole,3,Design,Accessible 2BR
2859,248,,1763 Nelson St,Completed,1983,Sojourn Co-op Housing Association,https://app.vancouver.ca/NonMarketHousing_NET/ProjectDetails.aspx?IndexNum=248,POINT (-123.1377026 49.28912892),West End,2,Design,Accessible 2BR
2860,249,,2929 Nootka St,Completed,1979,Metro Vancouver Housing Corporation,https://app.vancouver.ca/NonMarketHousing_NET/ProjectDetails.aspx?IndexNum=249,POINT (-123.04263316 49.25744846),Renfrew-Collingwood,19,Design,Accessible 2BR
2868,283,,7349 Rebekah Dr,Completed,1984,Affordable Housing Societies,https://app.vancouver.ca/NonMarketHousing_NET/ProjectDetails.aspx?IndexNum=283,POINT (-123.03881384 49.2177027),Killarney,2,Design,Accessible 2BR
2891,380,,201 Alvin Narod Mews,Completed,2001,Affordable Housing Societies,https://app.vancouver.ca/NonMarketHousing_NET/ProjectDetails.aspx?IndexNum=380,POINT (-123.12004247 49.27489914),Downtown,7,Design,Accessible 2BR
2894,400,,1254 E 8th Ave,Completed,2004,Lu'Ma Native Housing Society,https://app.vancouver.ca/NonMarketHousing_NET/ProjectDetails.aspx?IndexNum=400,POINT (-123.07803227 49.2630781),Mount Pleasant,1,Design,Accessible 2BR
2910,492,,2864 E 5th Ave,Completed,1983,Access Co-op Housing Association,https://app.vancouver.ca/NonMarketHousing_NET/ProjectDetails.aspx?IndexNum=492,POINT (-123.04557776 49.26540171),Hastings-Sunrise,4,Design,Accessible 2BR
2922,705,,2304 W 8th Av,Completed,2012,Kitsilano Neighbourhood House,https://app.vancouver.ca/NonMarketHousing_NET/ProjectDetails.aspx?IndexNum=705,POINT (-123.15800935 49.26456261),Kitsilano,2,Design,Accessible 2BR
2932,791,,1495 W 8th Ave,Completed,2021,Vancouver Masonic Centre,https://app.vancouver.ca/NonMarketHousing_NET/ProjectDetails.aspx?IndexNum=791,POINT (-123.13751409 49.26497349),Fairview,3,Design,Accessible 2BR
2946,857,,5250 Ash St,Approved,,,,POINT (-123.1173014 49.2376526),South Cambie,2,Design,Accessible 2BR
2949,866,,3625 Sawmill Crescent,Completed,2021,Catalyst Community Developments Society,https://app.vancouver.ca/NonMarketHousing_NET/ProjectDetails.aspx?IndexNum=866,POINT (-123.02444018 49.20668835),Killarney,5,Design,Accessible 2BR
2952,883,,1001 Kingsway,Proposed,,,,POINT (-123.08348134 49.25412044),Kensington-Cedar Cottage,3,Design,Accessible 2BR
2953,889,,1885 E Pender St,Proposed,,,,POINT (-123.06602928 49.28048558),Grandview-Woodland,1,Design,Accessible 2BR
2964,937,,1810 Alberni St / 1818 Alberni,Under Construction,,,https://app.vancouver.ca/NonMarketHousing_NET/ProjectDetails.aspx?IndexNum=937,,Unknown,1,Design,Accessible 2BR
2985,37,,730 W 6th Ave,Completed,1992,Stan Stronge Noble House Co-op Housing Association,https://app.vancouver.ca/NonMarketHousing_NET/ProjectDetails.aspx?IndexNum=37,POINT (-123.12056203 49.26564344),Fairview,2,Design,Accessible 2BR
2986,41,,775 E 7th Ave,Completed,1984,Jasmine Place Co-op Housing Association,https://app.vancouver.ca/NonMarketHousing_NET/ProjectDetails.aspx?IndexNum=41,POINT (-123.08761087 49.2645604),Mount Pleasant,1,Design,Accessible 2BR
2989,52,,1330 E 8th Ave,Completed,1985,BC Indigenous Housing Society,https://app.vancouver.ca/NonMarketHousing_NET/ProjectDetails.aspx?IndexNum=52,POINT (-123.07666847 49.263058),Grandview-Woodland,1,Design,Accessible 2BR
2998,83,,250 E 36th Ave,Completed,1988,Little Mountain Care & Housing Association,https://app.vancouver.ca/NonMarketHousing_NET/ProjectDetails.aspx?IndexNum=83,POINT (-123.10086016 49.23766925),Riley Park,4,Design,Accessible 2BR
3000,92,,1516 W 71st Ave,Completed,1988,Rishon Co-op Housing Association,https://app.vancouver.ca/NonMarketHousing_NET/ProjectDetails.aspx?IndexNum=92,POINT (-123.14150123 49.20682197),Marpole,1,Design,Accessible 2BR
3003,97,,3501 Naples Way,Completed,1982,Metro Vancouver Housing Corporation,https://app.vancouver.ca/NonMarketHousing_NET/ProjectDetails.aspx?IndexNum=97,POINT (-123.02876322 49.20853311),Killarney,12,Design,Accessible 2BR
3007,113,,3401 E 43rd Ave,Completed,1986,Pacific Park Place Co-op Housing Association,https://app.vancouver.ca/NonMarketHousing_NET/ProjectDetails.aspx?IndexNum=113,POINT (-123.03003447 49.23126023),Killarney,2,Design,Accessible 2BR
3009,119,,2616 W Broadway,Completed,1984,Kitsilano Terrace Co-op Housing Association,https://app.vancouver.ca/NonMarketHousing_NET/ProjectDetails.aspx?IndexNum=119,POINT (-123.16523828 49.26376668),Kitsilano,1,Design,Accessible 2BR
3012,127,,3637 Cambie St,Completed,1982,Eight Oaks Co-op Housing Association,https://app.vancouver.ca/NonMarketHousing_NET/ProjectDetails.aspx?IndexNum=127,POINT (-123.11584604 49.25295523),South Cambie,1,Design,Accessible 2BR
3014,135,,1555 Charles St,Completed,1987,Charles Square Co-op Housing Association,https://app.vancouver.ca/NonMarketHousing_NET/ProjectDetails.aspx?IndexNum=135,POINT (-123.07198632 49.27333302),Grandview-Woodland,2,Design,Accessible 2BR
3016,138,,527 Commodore Rd,Completed,1984,Connaught Co-op Housing Association,https://app.vancouver.ca/NonMarketHousing_NET/ProjectDetails.aspx?IndexNum=138,POINT (-123.11596251 49.26801477),Fairview,3,Design,Accessible 2BR
3019,152,,8001 Curate Wynd,Completed,1983,Kinross Creek Co-op Housing Association,https://app.vancouver.ca/NonMarketHousing_NET/ProjectDetails.aspx?IndexNum=152,POINT (-123.02878208 49.21247171),Killarney,4,Design,Accessible 2BR
3022,166,,2250 Fraser St,Completed,1984,Emma G. Co-op Housing Association,https://app.vancouver.ca/NonMarketHousing_NET/ProjectDetails.aspx?IndexNum=166,POINT (-123.08876201 49.26456896),Mount Pleasant,3,Design,Accessible 2BR
3030,187,,3608 SE Marine Dr,Completed,1993,City Edge Co-op Housing Association,https://app.vancouver.ca/NonMarketHousing_NET/ProjectDetails.aspx?IndexNum=187,POINT (-123.02479866 49.20740193),Killarney,3,Design,Accessible 2BR
3042,213,,3090 Kingsway,Completed,1987,Synala Co-op Housing Association,https://app.vancouver.ca/NonMarketHousing_NET/ProjectDetails.aspx?IndexNum=213,POINT (-123.04054032 49.23510381),Renfrew-Collingwood,2,Design,Accessible 2BR
3047,227,,2424 Maple St,Completed,1984,Phoenix Court Co-op Housing Association,https://app.vancouver.ca/NonMarketHousing_NET/ProjectDetails.aspx?IndexNum=227,POINT (-123.15003674 49.26442777),Kitsilano,1,Design,Accessible 2BR
3048,232,,8695 SW Marine Dr,Completed,1986,Marpole Terrace Co-op Housing Association,https://app.vancouver.ca/NonMarketHousing_NET/ProjectDetails.aspx?IndexNum=232,POINT (-123.14269428 49.20753063),Marpole,8,Design,Accessible 2BR
3057,264,,1823 E Pender St,Completed,1989,BC Indigenous Housing Society,https://app.vancouver.ca/NonMarketHousing_NET/ProjectDetails.aspx?IndexNum=264,POINT (-123.0673884 49.28050551),Grandview-Woodland,2,Design,Accessible 2BR
3071,324,,3691 Vanness Ave,Completed,1996,New Chelsea Society,https://app.vancouver.ca/NonMarketHousing_NET/ProjectDetails.aspx?IndexNum=324,POINT (-123.02406143 49.23533146),Renfrew-Collingwood,2,Design,Accessible 2BR
3074,333,,1975 E 12th Ave,Completed,1995,YWCA Vancouver,https://app.vancouver.ca/NonMarketHousing_NET/ProjectDetails.aspx?IndexNum=333,POINT (-123.06448489 49.25978589),Kensington-Cedar Cottage,3,Design,Accessible 2BR
3075,336,,1267 Marinaside Cres,Completed,1998,Roundhouse Co-op Housing Association,https://app.vancouver.ca/NonMarketHousing_NET/ProjectDetails.aspx?IndexNum=336,POINT (-123.12091871 49.27286767),Downtown,4,Design,Accessible 2BR
3076,339,,2938 Laurel St,Completed,1999,St. George's Place Housing Society,https://app.vancouver.ca/NonMarketHousing_NET/ProjectDetails.aspx?IndexNum=339,POINT (-123.12400793 49.25893455),Fairview,3,Design,Accessible 2BR
3080,347,,599 Nicola St,Completed,1998,Coal Harbour Co-op Housing Association,https://app.vancouver.ca/NonMarketHousing_NET/ProjectDetails.aspx?IndexNum=347,POINT (-123.12895356 49.29092964),Downtown,5,Design,Accessible 2BR
3083,369,,5650 Oak St,Completed,1997,Vancouver Resource Society for the Physically Disabled,https://app.vancouver.ca/NonMarketHousing_NET/ProjectDetails.aspx?IndexNum=369,POINT (-123.1276119 49.23471513),South Cambie,1,Design,Accessible 2BR
3092,393,,1288 W Cordova St,Completed,2002,Affordable Housing Societies,https://app.vancouver.ca/NonMarketHousing_NET/ProjectDetails.aspx?IndexNum=393,POINT (-123.12376394 49.28954846),Downtown,8,Design,Accessible 2BR
3093,395,,3501 Euclid Ave,Completed,2001,Collingwood Village Co-op Housing Association,https://app.vancouver.ca/NonMarketHousing_NET/ProjectDetails.aspx?IndexNum=395,POINT (-123.02973841 49.23530774),Renfrew-Collingwood,2,Design,Accessible 2BR
3164,806,,95 E 1st Ave,Completed,2018,Community Land Trust Foundation of BC,https://app.vancouver.ca/NonMarketHousing_NET/ProjectDetails.aspx?IndexNum=806,POINT (-123.10318172 49.27045793),Mount Pleasant,1,Design,Accessible 2BR
3165,807,,3185 Riverwalk Ave,Completed,2021,S.U.C.C.E.S.S.,https://app.vancouver.ca/NonMarketHousing_NET/ProjectDetails.aspx?IndexNum=807,POINT (-123.03904061 49.20603626),Killarney,5,Design,Accessible 2BR
3170,820,,58 W Hastings St,Completed,2024,S.U.C.C.E.S.S.,https://app.vancouver.ca/NonMarketHousing_NET/ProjectDetails.aspx?IndexNum=820,,Unknown,12,Design,Accessible 2BR
3194,899,,349 E 6th Ave,Completed,2024,Brightside Community Homes Foundation,https://app.vancouver.ca/NonMarketHousing_NET/ProjectDetails.aspx?IndexNum=899,POINT (-123.09724906 49.2656987),Mount Pleasant,2,Design,Accessible 2BR
3200,929,,998 E 19th Ave,Approved,,,,POINT (-123.08438908 49.25336844),Kensington-Cedar Cottage,3,Design,Accessible 2BR
3207,8,,1507 E 2nd Ave,Completed,1984,Westerdale Co-op Housing Association,https://app.vancouver.ca/NonMarketHousing_NET/ProjectDetails.aspx?IndexNum=8,POINT (-123.07304966 49.26896961),Grandview-Woodland,1,Design,Accessible 3BR
3217,53,,2829 E 8th Ave,Completed,1983,Access Co-op Housing Association,https://app.vancouver.ca/NonMarketHousing_NET/ProjectDetails.aspx?IndexNum=53,POINT (-123.04651609 49.26321325),Hastings-Sunrise,5,Design,Accessible 3BR
3223,86,,3545 E 43rd Ave,Completed,1985,HW Flesher Co-op Housing Association,https://app.vancouver.ca/NonMarketHousing_NET/ProjectDetails.aspx?IndexNum=86,POINT (-123.0282517 49.23143252),Killarney,1,Design,Accessible 3BR
3262,235,,3381 Marquette Cr,Completed,1982,Cedar Mill Co-op Housing Association,https://app.vancouver.ca/NonMarketHousing_NET/ProjectDetails.aspx?IndexNum=235,POINT (-123.03115912 49.21293165),Killarney,6,Design,Accessible 3BR
3269,270,,1515 W 1st Ave,Completed,1986,Harbour Cove Co-op Housing Association,https://app.vancouver.ca/NonMarketHousing_NET/ProjectDetails.aspx?IndexNum=270,POINT (-123.14128903 49.27205665),Fairview,1,Design,Accessible 3BR
3276,288,,5748 Rupert St,Completed,1991,Brightside Community Homes Foundation,https://app.vancouver.ca/NonMarketHousing_NET/ProjectDetails.aspx?IndexNum=288,POINT (-123.04269371 49.23202084),Killarney,2,Design,Accessible 3BR
3293,325,,1774 E Kent Ave S,Completed,1995,Affordable Housing Societies,https://app.vancouver.ca/NonMarketHousing_NET/ProjectDetails.aspx?IndexNum=325,POINT (-123.06946548 49.20783398),Victoria-Fraserview,2,Design,Accessible 3BR
3301,341,,3655 Clark Dr,Completed,1999,Lions Paraplegic Lodge Society,https://app.vancouver.ca/NonMarketHousing_NET/ProjectDetails.aspx?IndexNum=341,POINT (-123.07858216 49.25232759),Kensington-Cedar Cottage,2,Design,Accessible 3BR
3311,377,,2320 Franklin St,Completed,2001,Kiwassa Housing Society,https://app.vancouver.ca/NonMarketHousing_NET/ProjectDetails.aspx?IndexNum=377,POINT (-123.05727353 49.2818226),Grandview-Woodland,1,Design,Accessible 3BR
3374,799,,1395 Davie St,Completed,2021,BC Indigenous Housing Society,https://app.vancouver.ca/NonMarketHousing_NET/ProjectDetails.aspx?IndexNum=799,POINT (-123.13567833 49.28367795),West End,1,Design,Accessible 3BR
3383,832,,1636 Clark Dr,Under Construction,,S.U.C.C.E.S.S.,https://app.vancouver.ca/NonMarketHousing_NET/ProjectDetails.aspx?IndexNum=832,POINT (-123.07634909 49.26993257),Grandview-Woodland,4,Design,Accessible 3BR
3396,888,,150 E 36th Ave,Under Construction,,,,,Unknown,1,Design,Accessible 3BR
3446,63,,2060 W 10th Ave,Completed,1990,Vancouver Resource Society for the Physically Disabled,https://app.vancouver.ca/NonMarketHousing_NET/ProjectDetails.aspx?IndexNum=63,POINT (-123.15208112 49.26268769),Kitsilano,5,Design,Accessible 3BR
3459,110,,1047 Barclay St,Completed,1985,Amicae Co-op Housing Association,https://app.vancouver.ca/NonMarketHousing_NET/ProjectDetails.aspx?IndexNum=110,POINT (-123.12576855 49.28281722),West End,3,Design,Accessible 3BR
3480,201,,8828 Hudson St,Completed,1988,Eburne Landing Co-op Housing Association,https://app.vancouver.ca/NonMarketHousing_NET/ProjectDetails.aspx?IndexNum=201,POINT (-123.13433186 49.20534612),Marpole,1,Design,Accessible 3BR
3492,236,,3410 McIntyre Dr,Completed,1984,Arlington Grove Co-op Housing Association,https://app.vancouver.ca/NonMarketHousing_NET/ProjectDetails.aspx?IndexNum=236,POINT (-123.0314457 49.21961153),Killarney,1,Design,Accessible 3BR
3500,248,,1763 Nelson St,Completed,1983,Sojourn Co-op Housing Association,https://app.vancouver.ca/NonMarketHousing_NET/ProjectDetails.aspx?IndexNum=248,POINT (-123.1377026 49.28912892),West End,1,Design,Accessible 3BR
3501,249,,2929 Nootka St,Completed,1979,Metro Vancouver Housing Corporation,https://app.vancouver.ca/NonMarketHousing_NET/ProjectDetails.aspx?IndexNum=249,POINT (-123.04263316 49.25744846),Renfrew-Collingwood,3,Design,Accessible 3BR
3502,251,,1110 Odlum Dr,Completed,1983,Tidal Flats Co-op Housing Association,https://app.vancouver.ca/NonMarketHousing_NET/ProjectDetails.aspx?IndexNum=251,POINT (-123.07546996 49.27463356),Grandview-Woodland,1,Design,Accessible 3BR
3535,400,,1254 E 8th Ave,Completed,2004,Lu'Ma Native Housing Society,https://app.vancouver.ca/NonMarketHousing_NET/ProjectDetails.aspx?IndexNum=400,POINT (-123.07803227 49.2630781),Mount Pleasant,1,Design,Accessible 3BR
3587,857,,5250 Ash St,Approved,,,,POINT (-123.1173014 49.2376526),South Cambie,2,Design,Accessible 3BR
3590,866,,3625 Sawmill Crescent,Completed,2021,Catalyst Community Developments Society,https://app.vancouver.ca/NonMarketHousing_NET/ProjectDetails.aspx?IndexNum=866,POINT (-123.02444018 49.20668835),Killarney,6,Design,Accessible 3BR
3618,12,,3859 W 2nd Ave,Completed,1980,Metro Vancouver Housing Corporation,https://app.vancouver.ca/NonMarketHousing_NET/ProjectDetails.aspx?IndexNum=12,POINT (-123.19038711 49.27045566),West Point Grey,4,Design,Accessible 3BR
3634,65,,1823 E 11th Ave,Completed,1990,Victoria Gardens Co-op Housing Assoc,https://app.vancouver.ca/NonMarketHousing_NET/ProjectDetails.aspx?IndexNum=65,POINT (-123.06745152 49.26070528),Kensington-Cedar Cottage,1,Design,Accessible 3BR
3653,127,,3637 Cambie St,Completed,1982,Eight Oaks Co-op Housing Association,https://app.vancouver.ca/NonMarketHousing_NET/ProjectDetails.aspx?IndexNum=127,POINT (-123.11584604 49.25295523),South Cambie,1,Design,Accessible 3BR
3663,166,,2250 Fraser St,Completed,1984,Emma G. Co-op Housing Association,https://app.vancouver.ca/NonMarketHousing_NET/ProjectDetails.aspx?IndexNum=166,POINT (-123.08876201 49.26456896),Mount Pleasant,1,Design,Accessible 3BR
3692,250,,7601 Bywell Crt,Completed,1979,Metro Vancouver Housing Corporation,https://app.vancouver.ca/NonMarketHousing_NET/ProjectDetails.aspx?IndexNum=250,POINT (-123.02658047 49.21503813),Killarney,7,Design,Accessible 3BR
3716,336,,1267 Marinaside Cres,Completed,1998,Roundhouse Co-op Housing Association,https://app.vancouver.ca/NonMarketHousing_NET/ProjectDetails.aspx?IndexNum=336,POINT (-123.12091871 49.27286767),Downtown,2,Design,Accessible 3BR
3805,806,,95 E 1st Ave,Completed,2018,Community Land Trust Foundation of BC,https://app.vancouver.ca/NonMarketHousing_NET/ProjectDetails.aspx?IndexNum=806,POINT (-123.10318172 49.27045793),Mount Pleasant,1,Design,Accessible 3BR
3858,53,,2829 E 8th Ave,Completed,1983,Access Co-op Housing Association,https://app.vancouver.ca/NonMarketHousing_NET/ProjectDetails.aspx?IndexNum=53,POINT (-123.04651609 49.26321325),Hastings-Sunrise,2,Design,Accessible 4BR
3924,300,,1091 Sitka Square,Completed,1977,New Chelsea Society,https://app.vancouver.ca/NonMarketHousing_NET/ProjectDetails.aspx?IndexNum=300,POINT (-123.13016336 49.26687114),Fairview,1,Design,Accessible 4BR
4087,63,,2060 W 10th Ave,Completed,1990,Vancouver Resource Society for the Physically Disabled,https://app.vancouver.ca/NonMarketHousing_NET/ProjectDetails.aspx?IndexNum=63,POINT (-123.15208112 49.26268769),Kitsilano,1,Design,Accessible 4BR
4098,90,,3217 E 58th Ave,Completed,1973,BC Housing,https://app.vancouver.ca/NonMarketHousing_NET/ProjectDetails.aspx?IndexNum=90,POINT (-123.03649042 49.21763425),Killarney,4,Design,Accessible 4BR
4502,73,,1435 E 14th Ave,Completed,1977,Coast Mental Health,https://app.vancouver.ca/NonMarketHousing_NET/ProjectDetails.aspx?IndexNum=73,POINT (-123.07481742 49.25804597),Kensington-Cedar Cottage,1,Design,Accessible Studio
4509,104,,118 Alexander St,Completed,1987,Four Sisters Co-op Housing Association,https://app.vancouver.ca/NonMarketHousing_NET/ProjectDetails.aspx?IndexNum=104,POINT (-123.10153493 49.28370049),Downtown,5,Design,Accessible Studio
4534,192,,540 E Hastings St,Completed,1987,Sch'eyk Housing Society,https://app.vancouver.ca/NonMarketHousing_NET/ProjectDetails.aspx?IndexNum=192,POINT (-123.09305566 49.28089739),Strathcona,7,Design,Accessible Studio
4545,244,,5701 Nanaimo St,Completed,1959,BC Housing,https://app.vancouver.ca/NonMarketHousing_NET/ProjectDetails.aspx?IndexNum=244,POINT (-123.05939466 49.23115573),Victoria-Fraserview,4,Design,Accessible Studio
4572,313,,1985 Wallace St,Completed,1975,BC Housing,https://app.vancouver.ca/NonMarketHousing_NET/ProjectDetails.aspx?IndexNum=313,POINT (-123.19139629 49.26946318),West Point Grey,17,Design,Accessible Studio
4584,346,,1188 Pendrell St,Completed,1997,Coast Mental Health,https://app.vancouver.ca/NonMarketHousing_NET/ProjectDetails.aspx?IndexNum=346,POINT (-123.1321936 49.28216748),West End,2,Design,Accessible Studio
4588,361,,27 W Pender St,Completed,2000,BC Indigenous Housing Society,https://app.vancouver.ca/NonMarketHousing_NET/ProjectDetails.aspx?IndexNum=361,POINT (-123.10573543 49.28104614),Downtown,5,Design,Accessible Studio
4589,362,,1221 Seymour St,Completed,2000,Affordable Housing Societies,https://app.vancouver.ca/NonMarketHousing_NET/ProjectDetails.aspx?IndexNum=362,POINT (-123.12591112 49.27641924),Downtown,9,Design,Accessible Studio
4592,376,,40 E Hastings St,Completed,2000,Neighbourhood Housing Society,https://app.vancouver.ca/NonMarketHousing_NET/ProjectDetails.aspx?IndexNum=376,POINT (-123.10334863 49.28110142),Downtown,1,Design,Accessible Studio
4595,386,,239 E Georgia St,Completed,2002,Lore Krill Co-operative Housing Association,https://app.vancouver.ca/NonMarketHousing_NET/ProjectDetails.aspx?IndexNum=386,POINT (-123.09841302 49.27881639),Strathcona,3,Design,Accessible Studio
4597,391,,668 Powell St,Completed,2001,Neighbourhood Housing Society,https://app.vancouver.ca/NonMarketHousing_NET/ProjectDetails.aspx?IndexNum=391,POINT (-123.09001295 49.28274762),Strathcona,1,Design,Accessible Studio
4598,397,,2088 Yukon St,Completed,2002,Lookout Housing and Health Society,https://app.vancouver.ca/NonMarketHousing_NET/ProjectDetails.aspx?IndexNum=397,POINT (-123.11236726 49.26689088),Mount Pleasant,2,Design,Accessible Studio
4620,593,,3595 W 17th Av,Completed,2011,Coast Mental Health,https://app.vancouver.ca/NonMarketHousing_NET/ProjectDetails.aspx?IndexNum=593,POINT (-123.18469709 49.25758303),Dunbar-Southlands,4,Design,Accessible Studio
4628,682,,111 Princess Av,Completed,2014,PHS Community Services Society,https://app.vancouver.ca/NonMarketHousing_NET/ProjectDetails.aspx?IndexNum=682,POINT (-123.09179574 49.28368398),Strathcona,9,Design,Accessible Studio
4632,691,,220 Princess Av,Completed,2015,Raincity Housing and Support Society,https://app.vancouver.ca/NonMarketHousing_NET/ProjectDetails.aspx?IndexNum=691,POINT (-123.09089702 49.2827536),Strathcona,9,Design,Accessible Studio
4646,776,,1106 Pendrell St,Completed,2018,CentralPC Housing Society,https://app.vancouver.ca/NonMarketHousing_NET/ProjectDetails.aspx?IndexNum=776,POINT (-123.13071805 49.28108568),West End,2,Design,Accessible Studio
4655,797,,6465 Vivian St,Completed,2020,Fair Haven Homes Society,https://app.vancouver.ca/NonMarketHousing_NET/ProjectDetails.aspx?IndexNum=797,POINT (-123.05069803 49.2253565),Victoria-Fraserview,114,Design,Accessible Studio
4658,803,,7430 & 7460 Heather St,Completed,2018,Community Builders Group,https://app.vancouver.ca/NonMarketHousing_NET/ProjectDetails.aspx?IndexNum=803,POINT (-123.12130369 49.21814688),Marpole,14,Design,Accessible Studio
4665,832,,1636 Clark Dr,Under Construction,,S.U.C.C.E.S.S.,https://app.vancouver.ca/NonMarketHousing_NET/ProjectDetails.aspx?IndexNum=832,POINT (-123.07634909 49.26993257),Grandview-Woodland,3,Design,Accessible Studio
4667,844,,4480 Kaslo St,Completed,2018,Atira Property Management Inc.,https://app.vancouver.ca/NonMarketHousing_NET/ProjectDetails.aspx?IndexNum=844,POINT (-123.04676468 49.24496553),Renfrew-Collingwood,6,Design,Accessible Studio
4668,846,,5077 and 5095 Heather St,Completed,2019,Lu'Ma Native Housing Society,https://app.vancouver.ca/NonMarketHousing_NET/ProjectDetails.aspx?IndexNum=846,POINT (-123.12185811 49.24025538),South Cambie,12,Design,Accessible Studio
4670,861,,258 Union St,Completed,2019,Atira Property Management Inc.,https://app.vancouver.ca/NonMarketHousing_NET/ProjectDetails.aspx?IndexNum=861,POINT (-123.09935941 49.27751701),Strathcona,6,Design,Accessible Studio
4671,863,,616 E Cordova St,Completed,2022,Union Gospel Mission,https://app.vancouver.ca/NonMarketHousing_NET/ProjectDetails.aspx?IndexNum=863,POINT (-123.09098604 49.2818717),Strathcona,4,Design,Accessible Studio
4679,893,,480 Broughton St,Under Construction,,,,POINT (-123.12518254 49.29006102),Downtown,1,Design,Accessible Studio
4682,902,,1580 Vernon Drive,Completed,2021,Community Builders Group,https://app.vancouver.ca/NonMarketHousing_NET/ProjectDetails.aspx?IndexNum=902,POINT (-123.07812141 49.27036968),Strathcona,12,Design,Accessible Studio
4690,930,,2518-2540 Grandview Hwy S,Approved,,Community Builders Group,,POINT (-123.05428665 49.25722967),Renfrew-Collingwood,4,Design,Accessible Studio
4722,40,,745 W 7th Ave,Completed,1982,MPA Society,https://app.vancouver.ca/NonMarketHousing_NET/ProjectDetails.aspx?IndexNum=40,POINT (-123.1208978 49.26530307),Fairview,1,Design,Accessible Studio
4729,64,,1400 E 11th Ave,Completed,1973,Brightside Community Homes Foundation,https://app.vancouver.ca/NonMarketHousing_NET/ProjectDetails.aspx?IndexNum=64,POINT (-123.07498181 49.26029268),Kensington-Cedar Cottage,1,Design,Accessible Studio
4742,112,,1655 Barclay,Completed,1975,BC Housing,https://app.vancouver.ca/NonMarketHousing_NET/ProjectDetails.aspx?IndexNum=112,POINT (-123.13484649 49.28866855),West End,14,Design,Accessible Studio
4760,185,,845 Bute St,Completed,1978,Haro Park Center Society,https://app.vancouver.ca/NonMarketHousing_NET/ProjectDetails.aspx?IndexNum=185,POINT (-123.12796978 49.28560414),West End,8,Design,Accessible Studio
4761,188,,16 E Hastings St,Completed,1988,PHS Community Services Society,https://app.vancouver.ca/NonMarketHousing_NET/ProjectDetails.aspx?IndexNum=188,POINT (-123.1039242 49.28111217),Downtown,9,Design,Accessible Studio
4775,237,,800 McLean Dr,Completed,1976,BC Housing,https://app.vancouver.ca/NonMarketHousing_NET/ProjectDetails.aspx?IndexNum=237,POINT (-123.07393952 49.27734561),Grandview-Woodland,2,Design,Accessible Studio
4785,253,,128 N Nanaimo St,Completed,1992,Kiwassa Housing Society,https://app.vancouver.ca/NonMarketHousing_NET/ProjectDetails.aspx?IndexNum=253,POINT (-123.0558684 49.28599067),Hastings-Sunrise,1,Design,Accessible Studio
4797,319,,8080 Yukon St,Completed,1976,Vancouver Kiwanis Housing Society,https://app.vancouver.ca/NonMarketHousing_NET/ProjectDetails.aspx?IndexNum=319,POINT (-123.11404507 49.21174063),Marpole,8,Design,Accessible Studio
4806,358,,380 Main St,Completed,1998,Neighbourhood Housing Society,https://app.vancouver.ca/NonMarketHousing_NET/ProjectDetails.aspx?IndexNum=358,POINT (-123.09917453 49.28168215),Strathcona,3,Design,Accessible Studio
4809,366,,561 E 16th Ave,Completed,2000,Sanford Housing Society,https://app.vancouver.ca/NonMarketHousing_NET/ProjectDetails.aspx?IndexNum=366,POINT (-123.09238571 49.25672665),Mount Pleasant,1,Design,Accessible Studio
4813,379,,65 E Hastings St,Completed,2009,Raincity Housing and Support Society,https://app.vancouver.ca/NonMarketHousing_NET/ProjectDetails.aspx?IndexNum=379,POINT (-123.10290041 49.28169883),Downtown,9,Design,Accessible Studio
4831,483,,131 W Hastings St,Completed,2010,PHS Community Services Society,https://app.vancouver.ca/NonMarketHousing_NET/ProjectDetails.aspx?IndexNum=483,POINT (-123.10776232 49.28276526),Downtown,5,Design,Accessible Studio
4849,723,,3484 Kingsway,Completed,2014,City of Vancouver,https://app.vancouver.ca/NonMarketHousing_NET/ProjectDetails.aspx?IndexNum=723,POINT (-123.03124616 49.23140021),Killarney,2,Design,Accessible Studio
4855,791,,1495 W 8th Ave,Completed,2021,Vancouver Masonic Centre,https://app.vancouver.ca/NonMarketHousing_NET/ProjectDetails.aspx?IndexNum=791,POINT (-123.13751409 49.26497349),Fairview,5,Design,Accessible Studio
4859,802,,124 Dunlevy Ave,Completed,2021,City of Vancouver,https://app.vancouver.ca/NonMarketHousing_NET/ProjectDetails.aspx?IndexNum=802,POINT (-123.0948261 49.28373962),Strathcona,10,Design,Accessible Studio
4861,814,,177 W Pender St,Under Construction,,Community Land Trust Foundation of BC,,POINT (-123.10920892 49.28166995),Downtown,4,Design,Accessible Studio
4865,839,,220 Terminal Ave,Completed,2017,City of Vancouver,https://app.vancouver.ca/NonMarketHousing_NET/ProjectDetails.aspx?IndexNum=839,POINT (-123.09968569 49.27237498),Strathcona,4,Design,Accessible Studio
4868,854,,2050 Rupert St,Under Construction,,Hopehill,,POINT (-123.03326161 49.26621497),Hastings-Sunrise,12,Design,Accessible Studio
4872,866,,3625 Sawmill Crescent,Completed,2021,Catalyst Community Developments Society,https://app.vancouver.ca/NonMarketHousing_NET/ProjectDetails.aspx?IndexNum=866,POINT (-123.02444018 49.20668835),Killarney,3,Design,Accessible Studio
4875,883,,1001 Kingsway,Proposed,,,,POINT (-123.08348134 49.25412044),Kensington-Cedar Cottage,3,Design,Accessible Studio
4888,942,,1325-1333 E Georgia St,Approved,,Lu'Ma Native Housing Society,,POINT (-123.07653322 49.27882739),Grandview-Woodland,6,Design,Accessible Studio
4894,971,,1111 Broughton St,Proposed,,,,POINT (-123.13509264 49.28476615),West End,4,Design,Accessible Studio
4903,24,,1800 E 5th Ave,Completed,1976,BC Housing,https://app.vancouver.ca/NonMarketHousing_NET/ProjectDetails.aspx?IndexNum=24,POINT (-123.06799095 49.26555761),Grandview-Woodland,2,Design,Accessible Studio
4911,44,,1216 E 7th Ave,Completed,1981,Coast Mental Health,https://app.vancouver.ca/NonMarketHousing_NET/ProjectDetails.aspx?IndexNum=44,POINT (-123.07890671 49.26397621),Mount Pleasant,1,Design,Accessible Studio
4914,57,,951 E 8th Ave,Completed,1978,Anavets Senior Citizens Housing Society,https://app.vancouver.ca/NonMarketHousing_NET/ProjectDetails.aspx?IndexNum=57,POINT (-123.08405019 49.26362938),Mount Pleasant,2,Design,Accessible Studio
4925,96,,1717 Adanac St,Completed,1979,Vancouver East Lion's Housing Foundation,https://app.vancouver.ca/NonMarketHousing_NET/ProjectDetails.aspx?IndexNum=96,POINT (-123.07006467 49.27782127),Grandview-Woodland,4,Design,Accessible Studio
4927,100,,310 Alexander St,Completed,1986,Veterans' Memorial Housing Society,https://app.vancouver.ca/NonMarketHousing_NET/ProjectDetails.aspx?IndexNum=100,POINT (-123.0973628 49.28378914),Strathcona,12,Design,Accessible Studio
4928,102,,638 Alexander St,Completed,1985,Alexander Street Co-operative Housing Association,https://app.vancouver.ca/NonMarketHousing_NET/ProjectDetails.aspx?IndexNum=102,POINT (-123.09046001 49.28366031),Strathcona,5,Design,Accessible Studio
4931,118,,2633 E Broadway,Completed,1975,Broadway Pentecostal Benevolent Association,https://app.vancouver.ca/NonMarketHousing_NET/ProjectDetails.aspx?IndexNum=118,POINT (-123.05120171 49.2623094),Hastings-Sunrise,5,Design,Accessible Studio
4935,127,,3637 Cambie St,Completed,1982,Eight Oaks Co-op Housing Association,https://app.vancouver.ca/NonMarketHousing_NET/ProjectDetails.aspx?IndexNum=127,POINT (-123.11584604 49.25295523),South Cambie,1,Design,Accessible Studio
4957,197,,1099 Richards Street,Completed,2016,The 127 Society for Housing,https://app.vancouver.ca/NonMarketHousing_NET/ProjectDetails.aspx?IndexNum=197,POINT (-123.12269367 49.27725478),Downtown,4,Design,Accessible Studio
4978,261,,830 Campbell Ave,Completed,1984,Vancouver Chinatown Housing Society,https://app.vancouver.ca/NonMarketHousing_NET/ProjectDetails.aspx?IndexNum=261,POINT (-123.08442743 49.27694361),Strathcona,1,Design,Accessible Studio
4984,273,,101 Powell St,Completed,1986,Affordable Housing Societies,https://app.vancouver.ca/NonMarketHousing_NET/ProjectDetails.aspx?IndexNum=273,POINT (-123.10189962 49.28346017),Downtown,5,Design,Accessible Studio
4990,293,,1067 Seymour St,Completed,1992,City of Vancouver,https://app.vancouver.ca/NonMarketHousing_NET/ProjectDetails.aspx?IndexNum=293,POINT (-123.12355177 49.27796805),Downtown,2,Design,Accessible Studio
5002,344,,377 Powell  St,Completed,2002,The Bloom Group,https://app.vancouver.ca/NonMarketHousing_NET/ProjectDetails.aspx?IndexNum=344,POINT (-123.09593061 49.2833689),Strathcona,2,Design,Accessible Studio
5012,388,,361 Heatley Ave,Completed,2002,Union Gospel Mission,https://app.vancouver.ca/NonMarketHousing_NET/ProjectDetails.aspx?IndexNum=388,POINT (-123.08987395 49.28146285),Strathcona,3,Design,Accessible Studio
5013,390,,1265 Granville St,Completed,2002,More Than a Roof Housing Society,https://app.vancouver.ca/NonMarketHousing_NET/ProjectDetails.aspx?IndexNum=390,POINT (-123.12765023 49.27658027),Downtown,6,Design,Accessible Studio
5047,531,,580 Shanghai Alley,Completed,2006,Vancouver Coastal Health,https://app.vancouver.ca/NonMarketHousing_NET/ProjectDetails.aspx?IndexNum=531,POINT (-123.10557988 49.27977613),Downtown,19,Design,Accessible Studio
5052,594,,1249 Howe St,Completed,2013,McLaren Housing Society of BC,https://app.vancouver.ca/NonMarketHousing_NET/ProjectDetails.aspx?IndexNum=594,POINT (-123.12818713 49.27749639),Downtown,4,Design,Accessible Studio
5054,639,,31 W Pender St,Completed,2012,BC Indigenous Housing Society,https://app.vancouver.ca/NonMarketHousing_NET/ProjectDetails.aspx?IndexNum=639,POINT (-123.10604961 49.28108145),Downtown,3,Design,Accessible Studio
5063,676,,1338 Seymour St,Completed,2011,More Than a Roof Housing Society,https://app.vancouver.ca/NonMarketHousing_NET/ProjectDetails.aspx?IndexNum=676,POINT (-123.12699714 49.27495648),Downtown,5,Design,Accessible Studio
5070,711,,188 E 1st Ave,Completed,2012,Lookout Housing and Health Society,https://app.vancouver.ca/NonMarketHousing_NET/ProjectDetails.aspx?IndexNum=711,POINT (-123.1011091 49.26985484),Mount Pleasant,29,Design,Accessible Studio
5082,788,,288 E Hastings St,Completed,2018,Atira Property Management Inc.,https://app.vancouver.ca/NonMarketHousing_NET/ProjectDetails.aspx?IndexNum=788,POINT (-123.09785846 49.28092965),Strathcona,8,Design,Accessible Studio
5083,789,,3595 Kingsway,Completed,2020,Odd Fellows Low Rental Housing Society,https://app.vancouver.ca/NonMarketHousing_NET/ProjectDetails.aspx?IndexNum=789,POINT (-123.0265823 49.23247694),Renfrew-Collingwood,35,Design,Accessible Studio
5090,816,,2930 Renfrew St,Approved,,Lu'Ma Native Housing Society,https://app.vancouver.ca/NonMarketHousing_NET/ProjectDetails.aspx?IndexNum=816,POINT (-123.04384756 49.25770435),Renfrew-Collingwood,9,Design,Accessible Studio
5093,820,,58 W Hastings St,Completed,2024,S.U.C.C.E.S.S.,https://app.vancouver.ca/NonMarketHousing_NET/ProjectDetails.aspx?IndexNum=820,,Unknown,30,Design,Accessible Studio
5097,837,,265 W 1st Ave,Completed,2019,PHS Community Services Society,https://app.vancouver.ca/NonMarketHousing_NET/ProjectDetails.aspx?IndexNum=837,POINT (-123.11113923 49.27071415),Mount Pleasant,6,Design,Accessible Studio
5098,840,,3598 Copley St,Completed,2020,Community Builders Group,https://app.vancouver.ca/NonMarketHousing_NET/ProjectDetails.aspx?IndexNum=840,POINT (-123.05840305 49.24966647),Kensington-Cedar Cottage,6,Design,Accessible Studio
5099,842,,1131 Franklin St,Completed,2018,PHS Community Services Society,https://app.vancouver.ca/NonMarketHousing_NET/ProjectDetails.aspx?IndexNum=842,POINT (-123.0805724 49.28257659),Strathcona,7,Design,Accessible Studio
5100,845,,2132 Ash St,Completed,2018,PHS Community Services Society,https://app.vancouver.ca/NonMarketHousing_NET/ProjectDetails.aspx?IndexNum=845,POINT (-123.11595666 49.26682692),Fairview,6,Design,Accessible Studio
5103,856,,2086-2098 W 7th Ave,Approved,,MPA Society,,,Unknown,20,Design,Accessible Studio
5340,969,,8427-8482 Cambie St,Proposed,,,,POINT (-123.11770046 49.20908476),Marpole,4,Design,Accessible Room
5394,165,,1721 Franklin St,Completed,1982,BC Indigenous Housing Society,https://app.vancouver.ca/NonMarketHousing_NET/ProjectDetails.aspx?IndexNum=165,POINT (-123.06979076 49.28242758),Grandview-Woodland,2,Design,Accessible Room
5445,356,,20 W  Hastings St,Completed,2000,PHS Community Services Society,https://app.vancouver.ca/NonMarketHousing_NET/ProjectDetails.aspx?IndexNum=356,POINT (-123.10547529 49.28138819),Downtown,8,Design,Accessible Room
5473,485,,42 E Cordova St,Completed,2003,City of Vancouver,https://app.vancouver.ca/NonMarketHousing_NET/ProjectDetails.aspx?IndexNum=485,POINT (-123.10326481 49.28208473),Downtown,5,Design,Accessible Room
5568,100,,310 Alexander St,Completed,1986,Veterans' Memorial Housing Society,https://app.vancouver.ca/NonMarketHousing_NET/ProjectDetails.aspx?IndexNum=100,POINT (-123.0973628 49.28378914),Strathcona,7,Design,Accessible Room
5582,147,,535 E Cordova St,Completed,1976,City of Vancouver,https://app.vancouver.ca/NonMarketHousing_NET/ProjectDetails.aspx?IndexNum=147,POINT (-123.09262537 49.28240508),Strathcona,7,Design,Accessible Room
5648,374,,368 E Cordova St,Completed,1998,The Bloom Group,https://app.vancouver.ca/NonMarketHousing_NET/ProjectDetails.aspx?IndexNum=374,POINT (-123.09614857 49.28195691),Strathcona,5,Design,Accessible Room
5779,47,,2425 Brunswick St,Completed,1988,Sch'eyk Housing Society,https://app.vancouver.ca/NonMarketHousing_NET/ProjectDetails.aspx?IndexNum=47,POINT (-123.09754471 49.26336944),Mount Pleasant,12,Design,Adaptable 1BR
5832,266,,3348 W Broadway,Completed,1994,WISHS Co-op Housing Association,https://app.vancouver.ca/NonMarketHousing_NET/ProjectDetails.aspx?IndexNum=266,POINT (-123.17869216 49.26396627),Kitsilano,4,Design,Adaptable 1BR
5863,337,,415 Nelson St,Completed,1997,The 127 Society for Housing,https://app.vancouver.ca/NonMarketHousing_NET/ProjectDetails.aspx?IndexNum=337,POINT (-123.12011537 49.27770753),Downtown,8,Design,Adaptable 1BR
5864,340,,32 W Pender St,Completed,1998,CBA Housing Society,https://app.vancouver.ca/NonMarketHousing_NET/ProjectDetails.aspx?IndexNum=340,POINT (-123.10540501 49.28030099),Downtown,24,Design,Adaptable 1BR
5865,341,,3655 Clark Dr,Completed,1999,Lions Paraplegic Lodge Society,https://app.vancouver.ca/NonMarketHousing_NET/ProjectDetails.aspx?IndexNum=341,POINT (-123.07858216 49.25232759),Kensington-Cedar Cottage,6,Design,Adaptable 1BR
5951,855,,1406-1410 E King Edward Ave,Approved,,BC Indigenous Housing Society,,POINT (-123.07577498 49.24827208),Kensington-Cedar Cottage,98,Design,Adaptable 1BR
6099,400,,1254 E 8th Ave,Completed,2004,Lu'Ma Native Housing Society,https://app.vancouver.ca/NonMarketHousing_NET/ProjectDetails.aspx?IndexNum=400,POINT (-123.07803227 49.2630781),Mount Pleasant,4,Design,Adaptable 1BR
6122,647,,80 Walter Hardwick Ave.,Completed,2010,S.U.C.C.E.S.S.,https://app.vancouver.ca/NonMarketHousing_NET/ProjectDetails.aspx?IndexNum=647,POINT (-123.1057161 49.27075307),Mount Pleasant,57,Design,Adaptable 1BR
6123,648,,122 Walter Hardwick Ave.,Completed,2010,S.U.C.C.E.S.S.,https://app.vancouver.ca/NonMarketHousing_NET/ProjectDetails.aspx?IndexNum=648,POINT (-123.10760298 49.27078693),Mount Pleasant,54,Design,Adaptable 1BR
6281,339,,2938 Laurel St,Completed,1999,St. George's Place Housing Society,https://app.vancouver.ca/NonMarketHousing_NET/ProjectDetails.aspx?IndexNum=339,POINT (-123.12400793 49.25893455),Fairview,1,Design,Adaptable 1BR
6326,513,,581 Cardero St,Completed,2006,Performing Arts Lodge of Vancouver,https://app.vancouver.ca/NonMarketHousing_NET/ProjectDetails.aspx?IndexNum=513,POINT (-123.13031262 49.29141724),Downtown,66,Design,Adaptable 1BR
6349,685,,4875 Heather St,Completed,2008,Providence Health Care Society,https://app.vancouver.ca/NonMarketHousing_NET/ProjectDetails.aspx?IndexNum=685,POINT (-123.1220863 49.24202705),South Cambie,60,Design,Adaptable 1BR
6420,47,,2425 Brunswick St,Completed,1988,Sch'eyk Housing Society,https://app.vancouver.ca/NonMarketHousing_NET/ProjectDetails.aspx?IndexNum=47,POINT (-123.09754471 49.26336944),Mount Pleasant,15,Design,Adaptable 2BR
6506,341,,3655 Clark Dr,Completed,1999,Lions Paraplegic Lodge Society,https://app.vancouver.ca/NonMarketHousing_NET/ProjectDetails.aspx?IndexNum=341,POINT (-123.07858216 49.25232759),Kensington-Cedar Cottage,10,Design,Adaptable 2BR
6763,647,,80 Walter Hardwick Ave.,Completed,2010,S.U.C.C.E.S.S.,https://app.vancouver.ca/NonMarketHousing_NET/ProjectDetails.aspx?IndexNum=647,POINT (-123.1057161 49.27075307),Mount Pleasant,6,Design,Adaptable 2BR
6764,648,,122 Walter Hardwick Ave.,Completed,2010,S.U.C.C.E.S.S.,https://app.vancouver.ca/NonMarketHousing_NET/ProjectDetails.aspx?IndexNum=648,POINT (-123.10760298 49.27078693),Mount Pleasant,12,Design,Adaptable 2BR
6922,339,,2938 Laurel St,Completed,1999,St. George's Place Housing Society,https://app.vancouver.ca/NonMarketHousing_NET/ProjectDetails.aspx?IndexNum=339,POINT (-123.12400793 49.25893455),Fairview,3,Design,Adaptable 2BR
7061,47,,2425 Brunswick St,Completed,1988,Sch'eyk Housing Society,https://app.vancouver.ca/NonMarketHousing_NET/ProjectDetails.aspx?IndexNum=47,POINT (-123.09754471 49.26336944),Mount Pleasant,6,Design,Adaptable 3BR
7147,341,,3655 Clark Dr,Completed,1999,Lions Paraplegic Lodge Society,https://app.vancouver.ca/NonMarketHousing_NET/ProjectDetails.aspx?IndexNum=341,POINT (-123.07858216 49.25232759),Kensington-Cedar Cottage,5,Design,Adaptable 3BR
7405,648,,122 Walter Hardwick Ave.,Completed,2010,S.U.C.C.E.S.S.,https://app.vancouver.ca/NonMarketHousing_NET/ProjectDetails.aspx?IndexNum=648,POINT (-123.10760298 49.27078693),Mount Pleasant,16,Design,Adaptable 3BR
7563,339,,2938 Laurel St,Completed,1999,St. George's Place Housing Society,https://app.vancouver.ca/NonMarketHousing_NET/ProjectDetails.aspx?IndexNum=339,POINT (-123.12400793 49.25893455),Fairview,4,Design,Adaptable 3BR
8046,648,,122 Walter Hardwick Ave.,Completed,2010,S.U.C.C.E.S.S.,https://app.vancouver.ca/NonMarketHousing_NET/ProjectDetails.aspx?IndexNum=648,POINT (-123.10760298 49.27078693),Mount Pleasant,14,Design,Adaptable 4BR
8333,6,,2137 W 1st Ave,Completed,1984,Helen's Court Co-op Housing Association,https://app.vancouver.ca/NonMarketHousing_NET/ProjectDetails.aspx?IndexNum=6,POINT (-123.1536261 49.27104183),Kitsilano,7,Design,Standard 1BR
8334,7,,1349 E 2nd Ave,Completed,1987,Laura Jamieson Co-op Housing Association,https://app.vancouver.ca/NonMarketHousing_NET/ProjectDetails.aspx?IndexNum=7,POINT (-123.07614157 49.26900321),Grandview-Woodland,4,Design,Standard 1BR
8335,8,,1507 E 2nd Ave,Completed,1984,Westerdale Co-op Housing Association,https://app.vancouver.ca/NonMarketHousing_NET/ProjectDetails.aspx?IndexNum=8,POINT (-123.07304966 49.26896961),Grandview-Woodland,5,Design,Standard 1BR
8336,18,,1560 E 4th Ave,Completed,1989,BC Indigenous Housing Society,https://app.vancouver.ca/NonMarketHousing_NET/ProjectDetails.aspx?IndexNum=18,POINT (-123.0718679 49.2666326),Grandview-Woodland,10,Design,Standard 1BR
8337,20,,675 E 5th Ave,Completed,1985,Northern Way Co-op Housing Association,https://app.vancouver.ca/NonMarketHousing_NET/ProjectDetails.aspx?IndexNum=20,POINT (-123.09065341 49.26639799),Mount Pleasant,13,Design,Standard 1BR
8338,25,,1040 E 7th Ave,Completed,1974,BC Housing,https://app.vancouver.ca/NonMarketHousing_NET/ProjectDetails.aspx?IndexNum=25,POINT (-123.08252037 49.26400829),Mount Pleasant,6,Design,Standard 1BR
8340,34,,756 E 6th Ave,Completed,1986,Lu'Ma Native Housing Society,https://app.vancouver.ca/NonMarketHousing_NET/ProjectDetails.aspx?IndexNum=34,POINT (-123.08812236 49.26495984),Mount Pleasant,7,Design,Standard 1BR
8341,39,,101 E 7th Ave,Completed,1982,Quebec Manor Co-op Housing Association,https://app.vancouver.ca/NonMarketHousing_NET/ProjectDetails.aspx?IndexNum=39,POINT (-123.10244623 49.26487539),Mount Pleasant,8,Design,Standard 1BR
8342,42,,860 E 7th Ave,Completed,1987,BC Indigenous Housing Society,https://app.vancouver.ca/NonMarketHousing_NET/ProjectDetails.aspx?IndexNum=42,POINT (-123.08569338 49.26403654),Mount Pleasant,6,Design,Standard 1BR
8344,51,,1230 E 8th Ave,Completed,1987,China Creek Co-op Housing Association,https://app.vancouver.ca/NonMarketHousing_NET/ProjectDetails.aspx?IndexNum=51,POINT (-123.07922139 49.26307424),Mount Pleasant,6,Design,Standard 1BR
8345,53,,2829 E 8th Ave,Completed,1983,Access Co-op Housing Association,https://app.vancouver.ca/NonMarketHousing_NET/ProjectDetails.aspx?IndexNum=53,POINT (-123.04651609 49.26321325),Hastings-Sunrise,5,Design,Standard 1BR
8347,61,,375 W 10th Ave,Completed,1977,Lutheran Manor Society of Vancouver,https://app.vancouver.ca/NonMarketHousing_NET/ProjectDetails.aspx?IndexNum=61,POINT (-123.11246693 49.26246017),Mount Pleasant,13,Design,Standard 1BR
8348,73,,1435 E 14th Ave,Completed,1977,Coast Mental Health,https://app.vancouver.ca/NonMarketHousing_NET/ProjectDetails.aspx?IndexNum=73,POINT (-123.07481742 49.25804597),Kensington-Cedar Cottage,2,Design,Standard 1BR
8349,76,,420 W 16th Ave,Completed,1976,BC Housing,https://app.vancouver.ca/NonMarketHousing_NET/ProjectDetails.aspx?IndexNum=76,POINT (-123.11276834 49.25663841),Riley Park,6,Design,Standard 1BR
8350,81,,2270 E 25th Ave,Completed,1971,BC Housing,https://app.vancouver.ca/NonMarketHousing_NET/ProjectDetails.aspx?IndexNum=81,POINT (-123.05903401 49.24741422),Kensington-Cedar Cottage,14,Design,Standard 1BR
8351,86,,3545 E 43rd Ave,Completed,1985,HW Flesher Co-op Housing Association,https://app.vancouver.ca/NonMarketHousing_NET/ProjectDetails.aspx?IndexNum=86,POINT (-123.0282517 49.23143252),Killarney,24,Design,Standard 1BR
8352,91,,704 W 69th Ave,Completed,1990,Columbus Long Term Care Society,https://app.vancouver.ca/NonMarketHousing_NET/ProjectDetails.aspx?IndexNum=91,POINT (-123.12096057 49.20890443),Marpole,20,Design,Standard 1BR
8353,94,,1530 Adanac St,Completed,1987,Lu'Ma Native Housing Society,https://app.vancouver.ca/NonMarketHousing_NET/ProjectDetails.aspx?IndexNum=94,POINT (-123.0734715 49.27733673),Grandview-Woodland,3,Design,Standard 1BR
8354,98,,6545 Alberta St,Completed,1978,South Vancouver Foundation,https://app.vancouver.ca/NonMarketHousing_NET/ProjectDetails.aspx?IndexNum=98,POINT (-123.11362118 49.22542244),Oakridge,11,Design,Standard 1BR
8355,104,,118 Alexander St,Completed,1987,Four Sisters Co-op Housing Association,https://app.vancouver.ca/NonMarketHousing_NET/ProjectDetails.aspx?IndexNum=104,POINT (-123.10153493 49.28370049),Downtown,18,Design,Standard 1BR
8356,105,,3111 Ash St,Completed,1975,St. Mary's Ukrainian Senior Citizens' Society,https://app.vancouver.ca/NonMarketHousing_NET/ProjectDetails.aspx?IndexNum=105,POINT (-123.11839952 49.25789384),Fairview,44,Design,Standard 1BR
8357,107,,7008 Balmoral St,Completed,1973,South Amherst Housing Society,https://app.vancouver.ca/NonMarketHousing_NET/ProjectDetails.aspx?IndexNum=107,POINT (-123.06809358 49.21977498),Victoria-Fraserview,10,Design,Standard 1BR
8358,108,,2330 Balsam St,Completed,1967,Brightside Community Homes Foundation,https://app.vancouver.ca/NonMarketHousing_NET/ProjectDetails.aspx?IndexNum=108,POINT (-123.15956116 49.26508927),Kitsilano,2,Design,Standard 1BR
8359,111,,1630 Barclay St,Completed,1970,Brightside Community Homes Foundation,https://app.vancouver.ca/NonMarketHousing_NET/ProjectDetails.aspx?IndexNum=111,POINT (-123.1353019 49.28821106),West End,8,Design,Standard 1BR
8360,115,,3502-98 Bluejay Cr,Completed,1981,Matheson Heights Co-op Housing Association,https://app.vancouver.ca/NonMarketHousing_NET/ProjectDetails.aspx?IndexNum=115,POINT (-123.02641787 49.21275024),Killarney,20,Design,Standard 1BR
8361,117,,2450 Penticton St,Completed,1985,Sch'eyk Housing Society,https://app.vancouver.ca/NonMarketHousing_NET/ProjectDetails.aspx?IndexNum=117,POINT (-123.05180854 49.26231048),Hastings-Sunrise,9,Design,Standard 1BR
8362,120,,2525 Waterloo St,Completed,1984,Broadview Co-op Housing Association,https://app.vancouver.ca/NonMarketHousing_NET/ProjectDetails.aspx?IndexNum=120,POINT (-123.18021442 49.2640035),Kitsilano,2,Design,Standard 1BR
8363,124,,1145 Burnaby St,Completed,1988,Affordable Housing Societies,https://app.vancouver.ca/NonMarketHousing_NET/ProjectDetails.aspx?IndexNum=124,POINT (-123.13321456 49.28066394),West End,50,Design,Standard 1BR
8364,129,,512 Campbell Ave,Completed,1967,BC Housing,https://app.vancouver.ca/NonMarketHousing_NET/ProjectDetails.aspx?IndexNum=129,POINT (-123.08401895 49.27900972),Strathcona,42,Design,Standard 1BR
8365,132,,3400 E 5th Av,Completed,1962,BC Housing,https://app.vancouver.ca/NonMarketHousing_NET/ProjectDetails.aspx?IndexNum=132,POINT (-123.03033314 49.26414502),Hastings-Sunrise,48,Design,Standard 1BR
8366,133,,7780 Champlain Cr,Completed,1982,Royal Arch Masonic Homes,https://app.vancouver.ca/NonMarketHousing_NET/ProjectDetails.aspx?IndexNum=133,POINT (-123.02892955 49.21403506),Killarney,70,Design,Standard 1BR
8367,134,,1515 Charles St,Completed,1986,More Than a Roof Housing Society,https://app.vancouver.ca/NonMarketHousing_NET/ProjectDetails.aspx?IndexNum=134,POINT (-123.07301669 49.27331573),Grandview-Woodland,3,Design,Standard 1BR
8368,140,,3502-3672 Cordiale Dr,Completed,1982,Le Coeur Co-op Housing Association,https://app.vancouver.ca/NonMarketHousing_NET/ProjectDetails.aspx?IndexNum=140,POINT (-123.02601179 49.20962267),Killarney,14,Design,Standard 1BR
8369,145,,430 E Cordova St,Completed,1988,Mavis McMullen Housing Society,https://app.vancouver.ca/NonMarketHousing_NET/ProjectDetails.aspx?IndexNum=145,POINT (-123.09447792 49.28192592),Strathcona,7,Design,Standard 1BR
8372,158,,6620 Elliott St,Completed,1966,BC Housing,https://app.vancouver.ca/NonMarketHousing_NET/ProjectDetails.aspx?IndexNum=158,POINT (-123.05403611 49.22319619),Victoria-Fraserview,59,Design,Standard 1BR
8378,189,,375 Main St,Completed,1985,Affordable Housing Societies,https://app.vancouver.ca/NonMarketHousing_NET/ProjectDetails.aspx?IndexNum=189,POINT (-123.10009785 49.28160293),Downtown,7,Design,Standard 1BR
8379,190,,501 E Hastings St,Completed,1984,Sch'eyk Housing Society,https://app.vancouver.ca/NonMarketHousing_NET/ProjectDetails.aspx?IndexNum=190,POINT (-123.09283543 49.28150447),Strathcona,23,Design,Standard 1BR
8380,192,,540 E Hastings St,Completed,1987,Sch'eyk Housing Society,https://app.vancouver.ca/NonMarketHousing_NET/ProjectDetails.aspx?IndexNum=192,POINT (-123.09305566 49.28089739),Strathcona,23,Design,Standard 1BR
8381,193,,628 E Hastings St,Completed,1988,Shon Yee Benevolent Association of Canada,https://app.vancouver.ca/NonMarketHousing_NET/ProjectDetails.aspx?IndexNum=193,POINT (-123.09102024 49.28085873),Strathcona,68,Design,Standard 1BR
8382,196,,3196 Heather St,Completed,1976,"Co-op Demers ""La Bruyere"" Co-op Hsg Assoc.",https://app.vancouver.ca/NonMarketHousing_NET/ProjectDetails.aspx?IndexNum=196,POINT (-123.11963072 49.25726946),Fairview,21,Design,Standard 1BR
8383,198,,540 Helmcken St,Completed,1989,The 127 Society for Housing,https://app.vancouver.ca/NonMarketHousing_NET/ProjectDetails.aspx?IndexNum=198,POINT (-123.12347769 49.2772737),Downtown,5,Design,Standard 1BR
8384,200,,1260 Howe St,Completed,1989,Vancouver Jewish Building Society,https://app.vancouver.ca/NonMarketHousing_NET/ProjectDetails.aspx?IndexNum=200,POINT (-123.12782053 49.27701245),Downtown,62,Design,Standard 1BR
8385,202,,350 Keefer St,Completed,1970,BC Housing,https://app.vancouver.ca/NonMarketHousing_NET/ProjectDetails.aspx?IndexNum=202,POINT (-123.09530078 49.27849526),Strathcona,70,Design,Standard 1BR
8386,219,,1415 Lamey's Mill Rd,Completed,1981,Twin Rainbows Co-op Housing Association,https://app.vancouver.ca/NonMarketHousing_NET/ProjectDetails.aspx?IndexNum=219,POINT (-123.13586996 49.26788454),Fairview,18,Design,Standard 1BR
8387,229,,531 SW Marine Dr,Completed,1985,Vera Co-op Housing Association,https://app.vancouver.ca/NonMarketHousing_NET/ProjectDetails.aspx?IndexNum=229,POINT (-123.11952291 49.20965032),Marpole,35,Design,Standard 1BR
8389,231,,1592 SW Marine Dr,Completed,1986,Wits' End Co-op Housing Association,https://app.vancouver.ca/NonMarketHousing_NET/ProjectDetails.aspx?IndexNum=231,POINT (-123.14375724 49.20824039),Marpole,9,Design,Standard 1BR
8390,235,,3381 Marquette Cr,Completed,1982,Cedar Mill Co-op Housing Association,https://app.vancouver.ca/NonMarketHousing_NET/ProjectDetails.aspx?IndexNum=235,POINT (-123.03115912 49.21293165),Killarney,8,Design,Standard 1BR
8391,244,,5701 Nanaimo St,Completed,1959,BC Housing,https://app.vancouver.ca/NonMarketHousing_NET/ProjectDetails.aspx?IndexNum=244,POINT (-123.05939466 49.23115573),Victoria-Fraserview,30,Design,Standard 1BR
8392,245,,1416 Napier St,Completed,1981,Watershed Co-op Housing Association,https://app.vancouver.ca/NonMarketHousing_NET/ProjectDetails.aspx?IndexNum=245,POINT (-123.07496109 49.27451785),Grandview-Woodland,3,Design,Standard 1BR
8393,254,,1019 Pacific St,Completed,1985,Pacific Heights Co-op Housing Association,https://app.vancouver.ca/NonMarketHousing_NET/ProjectDetails.aspx?IndexNum=254,POINT (-123.13276735 49.2776072),West End,7,Design,Standard 1BR
8395,262,,1710 E Pender St,Completed,1986,Lu'Ma Native Housing Society,https://app.vancouver.ca/NonMarketHousing_NET/ProjectDetails.aspx?IndexNum=262,POINT (-123.07002235 49.28001135),Grandview-Woodland,7,Design,Standard 1BR
8396,266,,3348 W Broadway,Completed,1994,WISHS Co-op Housing Association,https://app.vancouver.ca/NonMarketHousing_NET/ProjectDetails.aspx?IndexNum=266,POINT (-123.17869216 49.26396627),Kitsilano,32,Design,Standard 1BR
8397,270,,1515 W 1st Ave,Completed,1986,Harbour Cove Co-op Housing Association,https://app.vancouver.ca/NonMarketHousing_NET/ProjectDetails.aspx?IndexNum=270,POINT (-123.14128903 49.27205665),Fairview,4,Design,Standard 1BR
8398,271,,3890 Point Grey Rd,Completed,1979,Dunbar Village Co-op Housing Association,https://app.vancouver.ca/NonMarketHousing_NET/ProjectDetails.aspx?IndexNum=271,POINT (-123.1908124 49.27094926),West Point Grey,4,Design,Standard 1BR
8401,281,,768 Prior St,Completed,1989,Chinese Freemason's Housing Society of B.C.,https://app.vancouver.ca/NonMarketHousing_NET/ProjectDetails.aspx?IndexNum=281,POINT (-123.08863524 49.27631598),Strathcona,79,Design,Standard 1BR
8402,282,,1680 E 6th Ave,Completed,1993,New Chelsea Society,https://app.vancouver.ca/NonMarketHousing_NET/ProjectDetails.aspx?IndexNum=282,POINT (-123.07061566 49.26471157),Grandview-Woodland,27,Design,Standard 1BR
8403,286,,4830 Rupert St,Completed,1971,BC Housing,https://app.vancouver.ca/NonMarketHousing_NET/ProjectDetails.aspx?IndexNum=286,POINT (-123.03639148 49.24060975),Renfrew-Collingwood,17,Design,Standard 1BR
8404,288,,5748 Rupert St,Completed,1991,Brightside Community Homes Foundation,https://app.vancouver.ca/NonMarketHousing_NET/ProjectDetails.aspx?IndexNum=288,POINT (-123.04269371 49.23202084),Killarney,36,Design,Standard 1BR
8405,289,,825 Salsbury Dr,Completed,1986,Grace MacInnis Co-op Housing Association,https://app.vancouver.ca/NonMarketHousing_NET/ProjectDetails.aspx?IndexNum=289,POINT (-123.06888997 49.27729408),Grandview-Woodland,4,Design,Standard 1BR
8406,290,,1420 E 2nd Ave,Completed,1974,Baptist Housing Society of B.C.,https://app.vancouver.ca/NonMarketHousing_NET/ProjectDetails.aspx?IndexNum=290,POINT (-123.07464212 49.26829628),Grandview-Woodland,10,Design,Standard 1BR
8407,294,,1256 Shorepine  Walk,Completed,1980,Alder Bay Co-op Housing Association,https://app.vancouver.ca/NonMarketHousing_NET/ProjectDetails.aspx?IndexNum=294,POINT (-123.1340075 49.26771357),Fairview,8,Design,Standard 1BR
8408,295,,3335-45 Sophia St,Completed,1983,Robson Park Co-op Housing Association,https://app.vancouver.ca/NonMarketHousing_NET/ProjectDetails.aspx?IndexNum=295,POINT (-123.09872617 49.25501914),Riley Park,3,Design,Standard 1BR
8411,300,,1091 Sitka Square,Completed,1977,New Chelsea Society,https://app.vancouver.ca/NonMarketHousing_NET/ProjectDetails.aspx?IndexNum=300,POINT (-123.13016336 49.26687114),Fairview,21,Design,Standard 1BR
8412,303,,3641 Tuaq Dr,Completed,1982,Alexander Laidlaw Co-op Housing Association,https://app.vancouver.ca/NonMarketHousing_NET/ProjectDetails.aspx?IndexNum=303,POINT (-123.02555612 49.20868184),Killarney,10,Design,Standard 1BR
8413,304,,3450 SE Marine Dr,Completed,1992,Sunbridge Co-op Housing Association,https://app.vancouver.ca/NonMarketHousing_NET/ProjectDetails.aspx?IndexNum=304,POINT (-123.03018455 49.20738444),Killarney,2,Design,Standard 1BR
8414,306,,251 Union St,Completed,1993,S.U.C.C.E.S.S.,https://app.vancouver.ca/NonMarketHousing_NET/ProjectDetails.aspx?IndexNum=306,POINT (-123.0979086 49.27788193),Strathcona,52,Design,Standard 1BR
8417,312,,1707 Wallace St,Completed,1978,Penta Co-op Housing Association,https://app.vancouver.ca/NonMarketHousing_NET/ProjectDetails.aspx?IndexNum=312,POINT (-123.18996814 49.27107928),West Point Grey,2,Design,Standard 1BR
8418,313,,1985 Wallace St,Completed,1975,BC Housing,https://app.vancouver.ca/NonMarketHousing_NET/ProjectDetails.aspx?IndexNum=313,POINT (-123.19139629 49.26946318),West Point Grey,132,Design,Standard 1BR
8422,328,,5003 Boundary Rd,Completed,1996,Anita Lewis Co-op Housing Association,https://app.vancouver.ca/NonMarketHousing_NET/ProjectDetails.aspx?IndexNum=328,POINT (-123.02403574 49.23928138),Renfrew-Collingwood,2,Design,Standard 1BR
8423,329,,1810 E Georgia,Completed,1995,Mavis McMullen Housing Society,https://app.vancouver.ca/NonMarketHousing_NET/ProjectDetails.aspx?IndexNum=329,POINT (-123.06779536 49.27818046),Grandview-Woodland,13,Design,Standard 1BR
8424,330,,415 Alexander St,Completed,1996,Lookout Housing and Health Society,https://app.vancouver.ca/NonMarketHousing_NET/ProjectDetails.aspx?IndexNum=330,POINT (-123.09478791 49.28426436),Strathcona,66,Design,Standard 1BR
8425,331,,600 Vernon Dr,Completed,1997,Pacific Community Resources Society,https://app.vancouver.ca/NonMarketHousing_NET/ProjectDetails.aspx?IndexNum=331,POINT (-123.07886158 49.27923858),Strathcona,13,Design,Standard 1BR
8426,335,,5657 Harold St,Completed,1978,Brightside Community Homes Foundation,https://app.vancouver.ca/NonMarketHousing_NET/ProjectDetails.aspx?IndexNum=335,POINT (-123.03625358 49.23266161),Killarney,11,Design,Standard 1BR
8427,337,,415 Nelson St,Completed,1997,The 127 Society for Housing,https://app.vancouver.ca/NonMarketHousing_NET/ProjectDetails.aspx?IndexNum=337,POINT (-123.12011537 49.27770753),Downtown,80,Design,Standard 1BR
8430,346,,1188 Pendrell St,Completed,1997,Coast Mental Health,https://app.vancouver.ca/NonMarketHousing_NET/ProjectDetails.aspx?IndexNum=346,POINT (-123.1321936 49.28216748),West End,22,Design,Standard 1BR
8431,349,,1010 Pacific Blvd,Completed,1999,Red Door Housing Society,https://app.vancouver.ca/NonMarketHousing_NET/ProjectDetails.aspx?IndexNum=349,POINT (-123.1155317 49.27357694),Downtown,8,Design,Standard 1BR
8432,355,,2756 Victoria Dr,Completed,1994,Coast Mental Health,https://app.vancouver.ca/NonMarketHousing_NET/ProjectDetails.aspx?IndexNum=355,POINT (-123.06556434 49.25982107),Kensington-Cedar Cottage,8,Design,Standard 1BR
8433,360,,995 E 52nd Ave,Completed,1996,New Chelsea Society,https://app.vancouver.ca/NonMarketHousing_NET/ProjectDetails.aspx?IndexNum=360,POINT (-123.08585372 49.22287534),Sunset,50,Design,Standard 1BR
8434,361,,27 W Pender St,Completed,2000,BC Indigenous Housing Society,https://app.vancouver.ca/NonMarketHousing_NET/ProjectDetails.aspx?IndexNum=361,POINT (-123.10573543 49.28104614),Downtown,10,Design,Standard 1BR
8435,362,,1221 Seymour St,Completed,2000,Affordable Housing Societies,https://app.vancouver.ca/NonMarketHousing_NET/ProjectDetails.aspx?IndexNum=362,POINT (-123.12591112 49.27641924),Downtown,10,Design,Standard 1BR
8439,377,,2320 Franklin St,Completed,2001,Kiwassa Housing Society,https://app.vancouver.ca/NonMarketHousing_NET/ProjectDetails.aspx?IndexNum=377,POINT (-123.05727353 49.2818226),Grandview-Woodland,5,Design,Standard 1BR
8440,382,,65 W Cordova St,Completed,2002,Lore Krill Co-operative Housing Association,https://app.vancouver.ca/NonMarketHousing_NET/ProjectDetails.aspx?IndexNum=382,POINT (-123.10598488 49.28306444),Downtown,82,Design,Standard 1BR
8441,386,,239 E Georgia St,Completed,2002,Lore Krill Co-operative Housing Association,https://app.vancouver.ca/NonMarketHousing_NET/ProjectDetails.aspx?IndexNum=386,POINT (-123.09841302 49.27881639),Strathcona,52,Design,Standard 1BR
8442,389,,2626 Watson St,Completed,2001,BC Indigenous Housing Society,https://app.vancouver.ca/NonMarketHousing_NET/ProjectDetails.aspx?IndexNum=389,POINT (-123.10014836 49.26173676),Mount Pleasant,1,Design,Standard 1BR
8444,397,,2088 Yukon St,Completed,2002,Lookout Housing and Health Society,https://app.vancouver.ca/NonMarketHousing_NET/ProjectDetails.aspx?IndexNum=397,POINT (-123.11236726 49.26689088),Mount Pleasant,5,Design,Standard 1BR
8445,399,,533 E Hastings St,Completed,2003,YWCA Vancouver,https://app.vancouver.ca/NonMarketHousing_NET/ProjectDetails.aspx?IndexNum=399,POINT (-123.09237802 49.28150949),Strathcona,10,Design,Standard 1BR
8451,416,,1120 Comox St,Completed,2001,Mole Hill Community Housing Society,https://app.vancouver.ca/NonMarketHousing_NET/ProjectDetails.aspx?IndexNum=416,POINT (-123.12990117 49.28194798),West End,4,Design,Standard 1BR
8452,423,,1139 Pendrell St,Completed,2002,Mole Hill Community Housing Society,https://app.vancouver.ca/NonMarketHousing_NET/ProjectDetails.aspx?IndexNum=423,POINT (-123.13087501 49.28194677),West End,5,Design,Standard 1BR
8453,431,,1169 Pendrell St,Completed,2003,Mole Hill Community Housing Society,https://app.vancouver.ca/NonMarketHousing_NET/ProjectDetails.aspx?IndexNum=431,POINT (-123.13146455 49.28232847),West End,3,Design,Standard 1BR
8454,432,,1163 Pendrell St,Completed,2003,Mole Hill Community Housing Society,https://app.vancouver.ca/NonMarketHousing_NET/ProjectDetails.aspx?IndexNum=432,POINT (-123.13136625 49.28226482),West End,3,Design,Standard 1BR
8455,438,,1107 Thurlow St,Completed,2003,Mole Hill Community Housing Society,https://app.vancouver.ca/NonMarketHousing_NET/ProjectDetails.aspx?IndexNum=438,POINT (-123.1299919 49.28143782),West End,2,Design,Standard 1BR
8456,442,,133 Powell St,Completed,1988,Four Sisters Co-op Housing Association,https://app.vancouver.ca/NonMarketHousing_NET/ProjectDetails.aspx?IndexNum=442,POINT (-123.10094244 49.28342665),Downtown,39,Design,Standard 1BR
8457,443,,1650 Haro St,Completed,1975,BC Housing,https://app.vancouver.ca/NonMarketHousing_NET/ProjectDetails.aspx?IndexNum=443,POINT (-123.13484649 49.28866855),West End,40,Design,Standard 1BR
8458,461,,1465 Lamey's Mill Rd,Completed,1981,Twin Rainbows Co-op Housing Association,https://app.vancouver.ca/NonMarketHousing_NET/ProjectDetails.aspx?IndexNum=461,POINT (-123.13673059 49.26848936),Fairview,18,Design,Standard 1BR
8462,494,,3640 Victoria Dr,Completed,2004,New Chelsea Society,https://app.vancouver.ca/NonMarketHousing_NET/ProjectDetails.aspx?IndexNum=494,POINT (-123.0650132 49.25314806),Kensington-Cedar Cottage,9,Design,Standard 1BR
8471,663,,5550 Yew St,Completed,2008,Brightside Community Homes Foundation,https://app.vancouver.ca/NonMarketHousing_NET/ProjectDetails.aspx?IndexNum=663,POINT (-123.15812808 49.23601141),Arbutus Ridge,21,Design,Standard 1BR
8478,691,,220 Princess Av,Completed,2015,Raincity Housing and Support Society,https://app.vancouver.ca/NonMarketHousing_NET/ProjectDetails.aspx?IndexNum=691,POINT (-123.09089702 49.2827536),Strathcona,14,Design,Standard 1BR
8482,715,,250 Powell St,Completed,2015,The Bloom Group,https://app.vancouver.ca/NonMarketHousing_NET/ProjectDetails.aspx?IndexNum=715,POINT (-123.09858031 49.28271871),Strathcona,14,Design,Standard 1BR
8486,735,,4899 Heather St,Completed,2015,Providence Health Care Society,https://app.vancouver.ca/NonMarketHousing_NET/ProjectDetails.aspx?IndexNum=735,POINT (-123.1220863 49.24202705),South Cambie,2,Design,Standard 1BR
8490,772,,1105 Seymour St,Completed,2017,City of Vancouver,https://app.vancouver.ca/NonMarketHousing_NET/ProjectDetails.aspx?IndexNum=772,POINT (-123.12412411 49.27759099),Downtown,40,Design,Standard 1BR
8491,773,,3338 Sawmill Crescent,Completed,2025,M'akola Housing Society,https://app.vancouver.ca/NonMarketHousing_NET/ProjectDetails.aspx?IndexNum=773,POINT (-123.03388168 49.20633158),Killarney,86,Design,Standard 1BR
8492,776,,1106 Pendrell St,Completed,2018,CentralPC Housing Society,https://app.vancouver.ca/NonMarketHousing_NET/ProjectDetails.aspx?IndexNum=776,POINT (-123.13071805 49.28108568),West End,14,Design,Standard 1BR
8495,784,,4105 Artbutus St,Completed,2021,YWCA Vancouver,https://app.vancouver.ca/NonMarketHousing_NET/ProjectDetails.aspx?IndexNum=784,POINT (-123.15398114 49.24854039),Arbutus Ridge,53,Design,Standard 1BR
8496,785,,706 W 13th Ave,Under Construction,,Metro Vancouver Housing Corporation,,,Unknown,23,Design,Standard 1BR
8497,787,,1171 Jervis St,Completed,2018,BC Indigenous Housing Society,https://app.vancouver.ca/NonMarketHousing_NET/ProjectDetails.aspx?IndexNum=787,POINT (-123.13510209 49.2831831),West End,5,Design,Standard 1BR
8501,797,,6465 Vivian St,Completed,2020,Fair Haven Homes Society,https://app.vancouver.ca/NonMarketHousing_NET/ProjectDetails.aspx?IndexNum=797,POINT (-123.05069803 49.2253565),Victoria-Fraserview,19,Design,Standard 1BR
8502,799,,1395 Davie St,Completed,2021,BC Indigenous Housing Society,https://app.vancouver.ca/NonMarketHousing_NET/ProjectDetails.aspx?IndexNum=799,POINT (-123.13567833 49.28367795),West End,6,Design,Standard 1BR
8503,801,,808 Nicola St,Completed,2024,City of Vancouver,https://app.vancouver.ca/NonMarketHousing_NET/ProjectDetails.aspx?IndexNum=801,POINT (-123.13082054 49.28809834),West End,20,Design,Standard 1BR
8505,808,,3245 Pierview Crescent,Completed,2021,Kinship Housing Co-operative,https://app.vancouver.ca/NonMarketHousing_NET/ProjectDetails.aspx?IndexNum=808,POINT (-123.03866101 49.20724891),Killarney,13,Design,Standard 1BR
8506,809,,3183 Pierview Crescent,Completed,2020,Kinship Housing Co-operative,https://app.vancouver.ca/NonMarketHousing_NET/ProjectDetails.aspx?IndexNum=809,POINT (-123.03975498 49.20767029),Killarney,11,Design,Standard 1BR
8507,810,,2200 - 2300 W 45th Ave,Approved,,Fair Haven Homes Society,,POINT (-123.15944769 49.23115707),Kerrisdale,13,Design,Standard 1BR
8509,829,,603 W 59th Ave,Completed,2022,S.U.C.C.E.S.S.,https://app.vancouver.ca/NonMarketHousing_NET/ProjectDetails.aspx?IndexNum=829,POINT (-123.11763069 49.21748457),Marpole,30,Design,Standard 1BR
8510,830,,947 E Hastings St,Completed,2018,Lookout Housing and Health Society,https://app.vancouver.ca/NonMarketHousing_NET/ProjectDetails.aspx?IndexNum=830,POINT (-123.08403266 49.28133997),Strathcona,30,Design,Standard 1BR
8511,832,,1636 Clark Dr,Under Construction,,S.U.C.C.E.S.S.,https://app.vancouver.ca/NonMarketHousing_NET/ProjectDetails.aspx?IndexNum=832,POINT (-123.07634909 49.26993257),Grandview-Woodland,45,Design,Standard 1BR
8512,833,,1040-1080 Barclay St,Approved,,,,POINT (-123.1268872 49.28278154),West End,24,Design,Standard 1BR
8517,863,,616 E Cordova St,Completed,2022,Union Gospel Mission,https://app.vancouver.ca/NonMarketHousing_NET/ProjectDetails.aspx?IndexNum=863,POINT (-123.09098604 49.2818717),Strathcona,9,Design,Standard 1BR
8518,864,,750 - 772 Pacific Blvd,Approved,,,,POINT (-123.10926942 49.27433899),Downtown,19,Design,Standard 1BR
8519,870,,2675 Alder St,Completed,2006,Brightside Community Homes Foundation,https://app.vancouver.ca/NonMarketHousing_NET/ProjectDetails.aspx?IndexNum=870,POINT (-123.13167191 49.2618478),Fairview,15,Design,Standard 1BR
8520,874,,2085 W 5th Ave,Completed,2005,Brightside Community Homes Foundation,https://app.vancouver.ca/NonMarketHousing_NET/ProjectDetails.aspx?IndexNum=874,POINT (-123.15231287 49.26752135),Kitsilano,21,Design,Standard 1BR
8522,880,,733 W 14th Ave,Completed,2020,Metro Vancouver Housing Corporation,https://app.vancouver.ca/NonMarketHousing_NET/ProjectDetails.aspx?IndexNum=880,POINT (-123.12117113 49.25887258),Fairview,21,Design,Standard 1BR
8523,886,,8460 Ash St & 8495 Cambie St,Under Construction,,,,POINT (-123.11850904 49.20851404),Marpole,44,Design,Standard 1BR
8524,888,,150 E 36th Ave,Under Construction,,,,,Unknown,7,Design,Standard 1BR
8525,893,,480 Broughton St,Under Construction,,,,POINT (-123.12518254 49.29006102),Downtown,18,Design,Standard 1BR
8526,895,,8725 French St,Completed,2024,Brightside Community Homes Foundation,https://app.vancouver.ca/NonMarketHousing_NET/ProjectDetails.aspx?IndexNum=895,POINT (-123.13964152 49.20669703),Marpole,47,Design,Standard 1BR
8527,897,,1425 & 1451 E 12th Ave,Completed,2024,Brightside Community Homes Foundation,https://app.vancouver.ca/NonMarketHousing_NET/ProjectDetails.aspx?IndexNum=897,POINT (-123.07489881 49.25989171),Kensington-Cedar Cottage,35,Design,Standard 1BR
8535,927,,8-36 West Cordova St,Proposed,,BC Indigenous Housing Society,,POINT (-123.1053223 49.28236754),Downtown,22,Design,Standard 1BR
8538,932,,95 SW Marine Dr,Completed,2022,New Chelsea Society,https://app.vancouver.ca/NonMarketHousing_NET/ProjectDetails.aspx?IndexNum=932,POINT (-123.10844101 49.21273011),Marpole,23,Design,Standard 1BR
8539,943,,1656 Adanac St,Under Construction,,Entre Nous Femmes Housing Society,https://app.vancouver.ca/NonMarketHousing_NET/ProjectDetails.aspx?IndexNum=943,POINT (-123.0715201 49.27732861),Grandview-Woodland,42,Design,Standard 1BR
8540,949,,528 Powell St,Under Construction,,Lookout Housing and Health Society,,POINT (-123.09249245 49.2828015),Strathcona,21,Design,Standard 1BR
8545,969,,8427-8482 Cambie St,Proposed,,,,POINT (-123.11770046 49.20908476),Marpole,18,Design,Standard 1BR
8547,985,,8820 Cartier St,Completed,2024,Lookout Housing and Health Society,https://app.vancouver.ca/NonMarketHousing_NET/ProjectDetails.aspx?IndexNum=985,POINT (-123.13735164 49.20557857),Marpole,18,Design,Standard 1BR
8553,2,,1590 W 1st Ave,Completed,1983,Marina Co-op Housing Association,https://app.vancouver.ca/NonMarketHousing_NET/ProjectDetails.aspx?IndexNum=2,POINT (-123.14070438 49.2708485),Fairview,10,Design,Standard 1BR
8554,3,,1675 Cypress St,Completed,1986,Inti Co-op Housing Association,https://app.vancouver.ca/NonMarketHousing_NET/ProjectDetails.aspx?IndexNum=3,POINT (-123.14820598 49.27095637),Kitsilano,4,Design,Standard 1BR
8555,5,,1714 Maple St,Completed,1977,Sam Greer Place Co-op Housing Association,https://app.vancouver.ca/NonMarketHousing_NET/ProjectDetails.aspx?IndexNum=5,POINT (-123.14995826 49.27046454),Kitsilano,8,Design,Standard 1BR
8556,10,,1880 W 2nd Ave,Completed,1975,BC Housing,https://app.vancouver.ca/NonMarketHousing_NET/ProjectDetails.aspx?IndexNum=10,POINT (-123.1475091 49.26956174),Kitsilano,7,Design,Standard 1BR
8558,14,,1580 E 3rd Ave,Completed,1985,Paloma Co-op Housing Association,https://app.vancouver.ca/NonMarketHousing_NET/ProjectDetails.aspx?IndexNum=14,POINT (-123.07135058 49.26754704),Grandview-Woodland,10,Design,Standard 1BR
8559,15,,1650 E 3rd Ave,Completed,1980,Coast Mental Health,https://app.vancouver.ca/NonMarketHousing_NET/ProjectDetails.aspx?IndexNum=15,POINT (-123.07052101 49.26754083),Grandview-Woodland,8,Design,Standard 1BR
8560,16,,2495 W 3rd Ave,Completed,1974,Brightside Community Homes Foundation,https://app.vancouver.ca/NonMarketHousing_NET/ProjectDetails.aspx?IndexNum=16,POINT (-123.16187563 49.26939934),Kitsilano,11,Design,Standard 1BR
8561,21,,1528 E 5th Ave,Completed,1987,Sunrise Co-op Housing Association,https://app.vancouver.ca/NonMarketHousing_NET/ProjectDetails.aspx?IndexNum=21,POINT (-123.07335792 49.26575239),Grandview-Woodland,8,Design,Standard 1BR
8562,22,,1556 E 5th Ave,Completed,1986,Rising Star Co-op Housing Association,https://app.vancouver.ca/NonMarketHousing_NET/ProjectDetails.aspx?IndexNum=22,POINT (-123.0721715 49.26574265),Grandview-Woodland,9,Design,Standard 1BR
8563,23,,1575 E 5th Ave,Completed,1986,BC Indigenous Housing Society,https://app.vancouver.ca/NonMarketHousing_NET/ProjectDetails.aspx?IndexNum=23,POINT (-123.07186116 49.26625345),Grandview-Woodland,1,Design,Standard 1BR
8564,29,,1865 E 10th Ave,Completed,1994,Burlington Heights Co-op Housing Assoc,https://app.vancouver.ca/NonMarketHousing_NET/ProjectDetails.aspx?IndexNum=29,POINT (-123.06687208 49.26161645),Kensington-Cedar Cottage,4,Design,Standard 1BR
8565,32,,600 E 6th Ave,Completed,1970,BC Housing,https://app.vancouver.ca/NonMarketHousing_NET/ProjectDetails.aspx?IndexNum=32,POINT (-123.09008792 49.2649808),Mount Pleasant,28,Design,Standard 1BR
8567,38,,960 W 6th Ave,Completed,1987,Charleston Terrace Co-op Housing Association,https://app.vancouver.ca/NonMarketHousing_NET/ProjectDetails.aspx?IndexNum=38,POINT (-123.12571992 49.26572477),Fairview,18,Design,Standard 1BR
8568,40,,745 W 7th Ave,Completed,1982,MPA Society,https://app.vancouver.ca/NonMarketHousing_NET/ProjectDetails.aspx?IndexNum=40,POINT (-123.1208978 49.26530307),Fairview,4,Design,Standard 1BR
8569,45,,1333 E 7th Ave,Completed,1985,BC Indigenous Housing Society,https://app.vancouver.ca/NonMarketHousing_NET/ProjectDetails.aspx?IndexNum=45,POINT (-123.07649546 49.26448248),Grandview-Woodland,4,Design,Standard 1BR
8570,46,,1987 W 7th Ave,Completed,1975,BC Housing,https://app.vancouver.ca/NonMarketHousing_NET/ProjectDetails.aspx?IndexNum=46,POINT (-123.14999063 49.26575732),Kitsilano,5,Design,Standard 1BR
8571,50,,1219 E 8th Ave,Completed,1984,Lu'Ma Native Housing Society,https://app.vancouver.ca/NonMarketHousing_NET/ProjectDetails.aspx?IndexNum=50,POINT (-123.07898388 49.26358712),Mount Pleasant,11,Design,Standard 1BR
8572,54,,717 W 8th Ave,Completed,1986,Heritage Co-op Housing Association,https://app.vancouver.ca/NonMarketHousing_NET/ProjectDetails.aspx?IndexNum=54,POINT (-123.12042184 49.26446677),Fairview,9,Design,Standard 1BR
8573,60,,12 W 10th Ave,Completed,1981,View Court Co-op Housing Association,https://app.vancouver.ca/NonMarketHousing_NET/ProjectDetails.aspx?IndexNum=60,POINT (-123.10540528 49.26184174),Mount Pleasant,24,Design,Standard 1BR
8574,63,,2060 W 10th Ave,Completed,1990,Vancouver Resource Society for the Physically Disabled,https://app.vancouver.ca/NonMarketHousing_NET/ProjectDetails.aspx?IndexNum=63,POINT (-123.15208112 49.26268769),Kitsilano,4,Design,Standard 1BR
8575,64,,1400 E 11th Ave,Completed,1973,Brightside Community Homes Foundation,https://app.vancouver.ca/NonMarketHousing_NET/ProjectDetails.aspx?IndexNum=64,POINT (-123.07498181 49.26029268),Kensington-Cedar Cottage,7,Design,Standard 1BR
8576,69,,1444 E 13th Ave,Completed,1972,Brightside Community Homes Foundation,https://app.vancouver.ca/NonMarketHousing_NET/ProjectDetails.aspx?IndexNum=69,POINT (-123.0747595 49.25843782),Kensington-Cedar Cottage,6,Design,Standard 1BR
8577,70,,546 W 13th Ave,Completed,1960,Soroptimist Club of Vancouver,https://app.vancouver.ca/NonMarketHousing_NET/ProjectDetails.aspx?IndexNum=70,,Unknown,10,Design,Standard 1BR
8578,74,,2950 Heather St,Completed,1986,Domego Co-op Housing Association,https://app.vancouver.ca/NonMarketHousing_NET/ProjectDetails.aspx?IndexNum=74,POINT (-123.11952103 49.25905197),Fairview,5,Design,Standard 1BR
8579,75,,234 E 15th Ave,Completed,1986,Robson Park Co-op Housing Association,https://app.vancouver.ca/NonMarketHousing_NET/ProjectDetails.aspx?IndexNum=75,POINT (-123.09989042 49.26616758),Mount Pleasant,7,Design,Standard 1BR
8581,84,,1750 E 41st Ave,Completed,1974,Mennonite Senior Citizens' Society of B.C.,https://app.vancouver.ca/NonMarketHousing_NET/ProjectDetails.aspx?IndexNum=84,POINT (-123.07016628 49.23144219),Victoria-Fraserview,42,Design,Standard 1BR
8582,87,,449 E 44th Ave,Completed,1986,Griffin's Walk Co-op Housing Association,https://app.vancouver.ca/NonMarketHousing_NET/ProjectDetails.aspx?IndexNum=87,POINT (-123.09528457 49.23042163),Sunset,3,Design,Standard 1BR
8583,88,,625 W 45th Ave,Completed,1985,Chishaun Housing Society,https://app.vancouver.ca/NonMarketHousing_NET/ProjectDetails.aspx?IndexNum=88,POINT (-123.11886021 49.23018016),Oakridge,76,Design,Standard 1BR
8584,89,,7100 Killarney St,Completed,1989,Killarney Gardens Co-op Housing Association,https://app.vancouver.ca/NonMarketHousing_NET/ProjectDetails.aspx?IndexNum=89,POINT (-123.04367102 49.21915358),Killarney,12,Design,Standard 1BR
8585,90,,3217 E 58th Ave,Completed,1973,BC Housing,https://app.vancouver.ca/NonMarketHousing_NET/ProjectDetails.aspx?IndexNum=90,POINT (-123.03649042 49.21763425),Killarney,37,Design,Standard 1BR
8586,103,,176 Alexander St,Completed,1990,Affordable Housing Societies,https://app.vancouver.ca/NonMarketHousing_NET/ProjectDetails.aspx?IndexNum=103,POINT (-123.10060783 49.28378901),Downtown,77,Design,Standard 1BR
8587,110,,1047 Barclay St,Completed,1985,Amicae Co-op Housing Association,https://app.vancouver.ca/NonMarketHousing_NET/ProjectDetails.aspx?IndexNum=110,POINT (-123.12576855 49.28281722),West End,7,Design,Standard 1BR
8588,112,,1655 Barclay,Completed,1975,BC Housing,https://app.vancouver.ca/NonMarketHousing_NET/ProjectDetails.aspx?IndexNum=112,POINT (-123.13484649 49.28866855),West End,68,Design,Standard 1BR
8589,114,,7155 Blake St,Completed,1975,Kanata Co-op Housing Association,https://app.vancouver.ca/NonMarketHousing_NET/ProjectDetails.aspx?IndexNum=114,POINT (-123.03056313 49.21811899),Killarney,8,Design,Standard 1BR
8590,116,,1545 E Broadway,Completed,1987,BC Indigenous Housing Society,https://app.vancouver.ca/NonMarketHousing_NET/ProjectDetails.aspx?IndexNum=116,POINT (-123.07252526 49.26263702),Grandview-Woodland,33,Design,Standard 1BR
8591,123,,1030 Burnaby St,Completed,1972,Society for Christian Care of the Elderly,https://app.vancouver.ca/NonMarketHousing_NET/ProjectDetails.aspx?IndexNum=123,POINT (-123.13146057 49.27877594),West End,29,Design,Standard 1BR
8592,130,,830 Campbell Ave,Completed,1978,Vancouver Chinatown Housing Society,https://app.vancouver.ca/NonMarketHousing_NET/ProjectDetails.aspx?IndexNum=130,POINT (-123.08442743 49.27694361),Strathcona,9,Design,Standard 1BR
8593,139,,1528 Comox St,Completed,1977,BC Housing,https://app.vancouver.ca/NonMarketHousing_NET/ProjectDetails.aspx?IndexNum=139,POINT (-123.13615031 49.28597748),West End,5,Design,Standard 1BR
8594,142,,129 E Cordova St,Completed,1987,Salvation Army,https://app.vancouver.ca/NonMarketHousing_NET/ProjectDetails.aspx?IndexNum=142,POINT (-123.10098812 49.28256711),Downtown,5,Design,Standard 1BR
8595,143,,145 E Cordova St,Completed,1985,Harry Lin Chin Foundation,https://app.vancouver.ca/NonMarketHousing_NET/ProjectDetails.aspx?IndexNum=143,POINT (-123.10045916 49.28255723),Downtown,18,Design,Standard 1BR
8597,150,,2310 Cornwall Ave,Completed,1982,Melton Court Co-op Housing Association,https://app.vancouver.ca/NonMarketHousing_NET/ProjectDetails.aspx?IndexNum=150,POINT (-123.15780793 49.2723574),Kitsilano,6,Design,Standard 1BR
8600,171,,1856 E Georgia St,Completed,1987,BC Indigenous Housing Society,https://app.vancouver.ca/NonMarketHousing_NET/ProjectDetails.aspx?IndexNum=171,POINT (-123.0664843 49.27815551),Grandview-Woodland,2,Design,Standard 1BR
8601,176,,2775 Cooperative Way,Completed,1992,Kaslo Gardens Co-op Housing Association,https://app.vancouver.ca/NonMarketHousing_NET/ProjectDetails.aspx?IndexNum=176,POINT (-123.04775452 49.25738833),Renfrew-Collingwood,15,Design,Standard 1BR
8602,177,,2730 Cooperative Way,Completed,1992,Still Creek Co-op Housing Association,https://app.vancouver.ca/NonMarketHousing_NET/ProjectDetails.aspx?IndexNum=177,POINT (-123.04889439 49.25732576),Renfrew-Collingwood,11,Design,Standard 1BR
8603,182,,1515 Granville St,Completed,1988,Affordable Housing Societies,https://app.vancouver.ca/NonMarketHousing_NET/ProjectDetails.aspx?IndexNum=182,POINT (-123.13159007 49.27394656),Downtown,77,Design,Standard 1BR
8604,183,,1550 Woodland Dr,Completed,1986,Sitka Co-op Housing Association,https://app.vancouver.ca/NonMarketHousing_NET/ProjectDetails.aspx?IndexNum=183,POINT (-123.07305553 49.27078715),Grandview-Woodland,7,Design,Standard 1BR
8605,184,,1339 Graveley St,Completed,1988,BC Indigenous Housing Society,https://app.vancouver.ca/NonMarketHousing_NET/ProjectDetails.aspx?IndexNum=184,POINT (-123.07637895 49.27082772),Grandview-Woodland,10,Design,Standard 1BR
8607,188,,16 E Hastings St,Completed,1988,PHS Community Services Society,https://app.vancouver.ca/NonMarketHousing_NET/ProjectDetails.aspx?IndexNum=188,POINT (-123.1039242 49.28111217),Downtown,27,Design,Standard 1BR
8608,201,,8828 Hudson St,Completed,1988,Eburne Landing Co-op Housing Association,https://app.vancouver.ca/NonMarketHousing_NET/ProjectDetails.aspx?IndexNum=201,POINT (-123.13433186 49.20534612),Marpole,12,Design,Standard 1BR
8609,206,,705 Jackson Ave,Completed,1965,BC Housing,https://app.vancouver.ca/NonMarketHousing_NET/ProjectDetails.aspx?IndexNum=206,POINT (-123.09530078 49.27849526),Strathcona,52,Design,Standard 1BR
8610,208,,7007 Kerr St,Completed,1970,Ukrainian Senior Citizens Association,https://app.vancouver.ca/NonMarketHousing_NET/ProjectDetails.aspx?IndexNum=208,POINT (-123.04186443 49.21945024),Killarney,9,Design,Standard 1BR
8612,217,,6100 Inverness St,Completed,1969,BC Housing,https://app.vancouver.ca/NonMarketHousing_NET/ProjectDetails.aspx?IndexNum=217,POINT (-123.07858498 49.22835508),Sunset,24,Design,Standard 1BR
8613,220,,1483 Lamey's Mill Rd,Completed,1985,Creekview Co-op Housing Association,https://app.vancouver.ca/NonMarketHousing_NET/ProjectDetails.aspx?IndexNum=220,POINT (-123.1370449 49.26932061),Fairview,38,Design,Standard 1BR
8614,223,,102 Main St,Completed,1989,Vancouver Chinatown Housing Society,https://app.vancouver.ca/NonMarketHousing_NET/ProjectDetails.aspx?IndexNum=223,POINT (-123.09909816 49.28382811),Strathcona,45,Design,Standard 1BR
8615,224,,1189 Main St,Completed,1992,Affordable Housing Societies,https://app.vancouver.ca/NonMarketHousing_NET/ProjectDetails.aspx?IndexNum=224,POINT (-123.10049338 49.27408446),Downtown,9,Design,Standard 1BR
8616,225,,1129 Main St,Completed,1992,Affordable Housing Societies,https://app.vancouver.ca/NonMarketHousing_NET/ProjectDetails.aspx?IndexNum=225,POINT (-123.10047839 49.27455606),Downtown,5,Design,Standard 1BR
8618,233,,8790 SW Marine Dr,Completed,1970,Vancouver Kiwanis Senior Citizens Housing Society,https://app.vancouver.ca/NonMarketHousing_NET/ProjectDetails.aspx?IndexNum=233,POINT (-123.14167031 49.20576794),Marpole,8,Design,Standard 1BR
8619,234,,1564 SW Marine Dr,Completed,1988,Canadian Hungarian Housing Society of BC,https://app.vancouver.ca/NonMarketHousing_NET/ProjectDetails.aspx?IndexNum=234,POINT (-123.14304507 49.20823363),Marpole,50,Design,Standard 1BR
8620,236,,3410 McIntyre Dr,Completed,1984,Arlington Grove Co-op Housing Association,https://app.vancouver.ca/NonMarketHousing_NET/ProjectDetails.aspx?IndexNum=236,POINT (-123.0314457 49.21961153),Killarney,6,Design,Standard 1BR
8621,237,,800 McLean Dr,Completed,1976,BC Housing,https://app.vancouver.ca/NonMarketHousing_NET/ProjectDetails.aspx?IndexNum=237,POINT (-123.07393952 49.27734561),Grandview-Woodland,13,Design,Standard 1BR
8622,239,,1885 McLean Dr,Completed,1986,Coast Mental Health,https://app.vancouver.ca/NonMarketHousing_NET/ProjectDetails.aspx?IndexNum=239,POINT (-123.07596571 49.26809347),Grandview-Woodland,5,Design,Standard 1BR
8623,240,,711 Millyard,Completed,1977,False Creek Co-op Housing Association,https://app.vancouver.ca/NonMarketHousing_NET/ProjectDetails.aspx?IndexNum=240,POINT (-123.12174954 49.26694875),Fairview,12,Design,Standard 1BR
8625,242,,76 N Nanaimo St,Completed,1987,Affordable Housing Societies,https://app.vancouver.ca/NonMarketHousing_NET/ProjectDetails.aspx?IndexNum=242,POINT (-123.0560918 49.28535684),Hastings-Sunrise,3,Design,Standard 1BR
8626,243,,3075 Nanaimo St,Completed,1962,New Chelsea Society,https://app.vancouver.ca/NonMarketHousing_NET/ProjectDetails.aspx?IndexNum=243,POINT (-123.05714229 49.25707726),Kensington-Cedar Cottage,1,Design,Standard 1BR
8627,247,,1115 Nelson St,Completed,1969,The Bloom Group,https://app.vancouver.ca/NonMarketHousing_NET/ProjectDetails.aspx?IndexNum=247,POINT (-123.12867658 49.28327763),West End,36,Design,Standard 1BR
8628,248,,1763 Nelson St,Completed,1983,Sojourn Co-op Housing Association,https://app.vancouver.ca/NonMarketHousing_NET/ProjectDetails.aspx?IndexNum=248,POINT (-123.1377026 49.28912892),West End,8,Design,Standard 1BR
8630,251,,1110 Odlum Dr,Completed,1983,Tidal Flats Co-op Housing Association,https://app.vancouver.ca/NonMarketHousing_NET/ProjectDetails.aspx?IndexNum=251,POINT (-123.07546996 49.27463356),Grandview-Woodland,6,Design,Standard 1BR
8632,257,,350 E Pender St,Completed,1982,Mau Dan Gardens Co-op Housing Association,https://app.vancouver.ca/NonMarketHousing_NET/ProjectDetails.aspx?IndexNum=257,POINT (-123.0957684 49.27984549),Strathcona,25,Design,Standard 1BR
8633,258,,827 E Pender St,Completed,1988,Lesya Ukrainka Housing Society,https://app.vancouver.ca/NonMarketHousing_NET/ProjectDetails.aspx?IndexNum=258,POINT (-123.08649623 49.28038687),Strathcona,19,Design,Standard 1BR
8634,259,,853 E Pender St,Completed,1982,Rose Garden Co-op Housing Association,https://app.vancouver.ca/NonMarketHousing_NET/ProjectDetails.aspx?IndexNum=259,POINT (-123.0858665 49.28037655),Strathcona,6,Design,Standard 1BR
8635,267,,133 W Pender St,Completed,1990,BC Indigenous Housing Society,https://app.vancouver.ca/NonMarketHousing_NET/ProjectDetails.aspx?IndexNum=267,POINT (-123.10855569 49.28154278),Downtown,109,Design,Standard 1BR
8636,279,,1725 E Pender St,Completed,1994,BC Indigenous Housing Society,https://app.vancouver.ca/NonMarketHousing_NET/ProjectDetails.aspx?IndexNum=279,POINT (-123.06970069 49.28053613),Grandview-Woodland,7,Design,Standard 1BR
8640,296,,1873 Spyglass Place,Completed,1984,Metro Vancouver Housing Corporation,https://app.vancouver.ca/NonMarketHousing_NET/ProjectDetails.aspx?IndexNum=296,POINT (-123.11579149 49.26864189),Fairview,18,Design,Standard 1BR
8641,299,,225 N Templeton Dr,Completed,1984,Lu'Ma Native Housing Society,https://app.vancouver.ca/NonMarketHousing_NET/ProjectDetails.aspx?IndexNum=299,POINT (-123.0600295 49.28712107),Grandview-Woodland,3,Design,Standard 1BR
8643,319,,8080 Yukon St,Completed,1976,Vancouver Kiwanis Housing Society,https://app.vancouver.ca/NonMarketHousing_NET/ProjectDetails.aspx?IndexNum=319,POINT (-123.11404507 49.21174063),Marpole,13,Design,Standard 1BR
8644,321,,510 Alexander St,Completed,1993,Lookout Housing and Health Society,https://app.vancouver.ca/NonMarketHousing_NET/ProjectDetails.aspx?IndexNum=321,POINT (-123.09262135 49.2837058),Strathcona,33,Design,Standard 1BR
8645,323,,238 Davie St,Completed,1993,Brightside Community Homes Foundation,https://app.vancouver.ca/NonMarketHousing_NET/ProjectDetails.aspx?IndexNum=323,POINT (-123.12370772 49.27375636),Downtown,56,Design,Standard 1BR
8646,326,,2950 Euclid Ave,Completed,1993,Brightside Community Homes Foundation,https://app.vancouver.ca/NonMarketHousing_NET/ProjectDetails.aspx?IndexNum=326,POINT (-123.04369648 49.24006198),Renfrew-Collingwood,45,Design,Standard 1BR
8647,338,,2260 W 10th Ave,Completed,1999,Arbutus Co-op Housing Association,https://app.vancouver.ca/NonMarketHousing_NET/ProjectDetails.aspx?IndexNum=338,POINT (-123.15663359 49.26266126),Kitsilano,16,Design,Standard 1BR
8649,348,,2588 Nanaimo St,Completed,1998,Brightside Community Homes Foundation,https://app.vancouver.ca/NonMarketHousing_NET/ProjectDetails.aspx?IndexNum=348,POINT (-123.0561524 49.26134544),Renfrew-Collingwood,4,Design,Standard 1BR
8650,356,,20 W  Hastings St,Completed,2000,PHS Community Services Society,https://app.vancouver.ca/NonMarketHousing_NET/ProjectDetails.aspx?IndexNum=356,POINT (-123.10547529 49.28138819),Downtown,18,Design,Standard 1BR
8654,364,,1640 Graveley St,Completed,1998,Lu'Ma Native Housing Society,https://app.vancouver.ca/NonMarketHousing_NET/ProjectDetails.aspx?IndexNum=364,POINT (-123.07051679 49.27026481),Grandview-Woodland,1,Design,Standard 1BR
8657,371,,1600 E 8th Ave,Completed,1998,Kettle Society,https://app.vancouver.ca/NonMarketHousing_NET/ProjectDetails.aspx?IndexNum=371,POINT (-123.0716834 49.26302735),Grandview-Woodland,1,Design,Standard 1BR
8662,394,,188 Milross Ave,Completed,2002,City Gate Co-op Hsg Asoc.,https://app.vancouver.ca/NonMarketHousing_NET/ProjectDetails.aspx?IndexNum=394,POINT (-123.10039806 49.27563582),Downtown,10,Design,Standard 1BR
8663,400,,1254 E 8th Ave,Completed,2004,Lu'Ma Native Housing Society,https://app.vancouver.ca/NonMarketHousing_NET/ProjectDetails.aspx?IndexNum=400,POINT (-123.07803227 49.2630781),Mount Pleasant,2,Design,Standard 1BR
8665,405,,1220 Salsbury Dr,Completed,1981,Vancouver East Co-op Housing Association,https://app.vancouver.ca/NonMarketHousing_NET/ProjectDetails.aspx?IndexNum=405,POINT (-123.06726741 49.27352487),Grandview-Woodland,4,Design,Standard 1BR
8667,417,,1122 Comox St,Completed,2001,Mole Hill Community Housing Society,https://app.vancouver.ca/NonMarketHousing_NET/ProjectDetails.aspx?IndexNum=417,POINT (-123.12999955 49.28201171),West End,4,Design,Standard 1BR
8668,420,,1146 Comox St,Completed,2001,Mole Hill Community Housing Society,https://app.vancouver.ca/NonMarketHousing_NET/ProjectDetails.aspx?IndexNum=420,POINT (-123.13049068 49.28232982),West End,5,Design,Standard 1BR
8669,422,,1137 Pendrell St,Completed,2002,Mole Hill Community Housing Society,https://app.vancouver.ca/NonMarketHousing_NET/ProjectDetails.aspx?IndexNum=422,POINT (-123.1306738 49.28181043),West End,4,Design,Standard 1BR
8670,424,,1154 Comox St,Completed,2003,Mole Hill Community Housing Society,https://app.vancouver.ca/NonMarketHousing_NET/ProjectDetails.aspx?IndexNum=424,POINT (-123.13068653 49.2824566),West End,2,Design,Standard 1BR
8671,425,,1160 Comox St,Completed,2003,Mole Hill Community Housing Society,https://app.vancouver.ca/NonMarketHousing_NET/ProjectDetails.aspx?IndexNum=425,POINT (-123.1307847 49.2825202),West End,1,Design,Standard 1BR
8673,427,,1170 Comox St,Completed,2003,Mole Hill Community Housing Society,https://app.vancouver.ca/NonMarketHousing_NET/ProjectDetails.aspx?IndexNum=427,POINT (-123.13108016 49.2827116),West End,1,Design,Standard 1BR
8674,434,,1157 Pendrell St,Completed,2003,Mole Hill Community Housing Society,https://app.vancouver.ca/NonMarketHousing_NET/ProjectDetails.aspx?IndexNum=434,POINT (-123.1311698 49.28213766),West End,7,Design,Standard 1BR
8675,440,,1119 Thurlow St,Completed,2003,Mole Hill Community Housing Society,https://app.vancouver.ca/NonMarketHousing_NET/ProjectDetails.aspx?IndexNum=440,POINT (-123.13018469 49.28131028),West End,6,Design,Standard 1BR
8679,492,,2864 E 5th Ave,Completed,1983,Access Co-op Housing Association,https://app.vancouver.ca/NonMarketHousing_NET/ProjectDetails.aspx?IndexNum=492,POINT (-123.04557776 49.26540171),Hastings-Sunrise,3,Design,Standard 1BR
8681,503,,3355 E 4th Avenue,Completed,2006,Hopehill,https://app.vancouver.ca/NonMarketHousing_NET/ProjectDetails.aspx?IndexNum=503,POINT (-123.03143236 49.26621509),Hastings-Sunrise,48,Design,Standard 1BR
8682,530,,3131 E 58th Ave,Completed,2007,Salvation Army,https://app.vancouver.ca/NonMarketHousing_NET/ProjectDetails.aspx?IndexNum=530,POINT (-123.04055272 49.21773661),Killarney,57,Design,Standard 1BR
8685,634,,2980 Nanaimo,Completed,2012,Lu'Ma Native Housing Society,https://app.vancouver.ca/NonMarketHousing_NET/ProjectDetails.aspx?IndexNum=634,POINT (-123.05614045 49.25719768),Renfrew-Collingwood,3,Design,Standard 1BR
8688,649,,151 W. 1st Ave.,Completed,2010,Co-operative Housing Federation of BC,https://app.vancouver.ca/NonMarketHousing_NET/ProjectDetails.aspx?IndexNum=649,POINT (-123.10861889 49.27064319),Mount Pleasant,3,Design,Standard 1BR
8690,692,,1436 West 71st Avenue,Completed,2008,Tikva Housing Society,https://app.vancouver.ca/NonMarketHousing_NET/ProjectDetails.aspx?IndexNum=692,POINT (-123.13817325 49.20677619),Marpole,9,Design,Standard 1BR
8691,705,,2304 W 8th Av,Completed,2012,Kitsilano Neighbourhood House,https://app.vancouver.ca/NonMarketHousing_NET/ProjectDetails.aspx?IndexNum=705,POINT (-123.15800935 49.26456261),Kitsilano,33,Design,Standard 1BR
8692,708,,618 Commercial Dr,Completed,2010,Coast Mental Health,https://app.vancouver.ca/NonMarketHousing_NET/ProjectDetails.aspx?IndexNum=708,POINT (-123.0701159 49.27910862),Grandview-Woodland,16,Design,Standard 1BR
8693,710,,728 W 8th Ave,Completed,2012,Heritage Co-op Housing Association,https://app.vancouver.ca/NonMarketHousing_NET/ProjectDetails.aspx?IndexNum=710,POINT (-123.12046637 49.2639696),Fairview,4,Design,Standard 1BR
8699,775,,1720 Kingsway,Completed,2017,Sanford Housing Society,https://app.vancouver.ca/NonMarketHousing_NET/ProjectDetails.aspx?IndexNum=775,POINT (-123.06946375 49.24684661),Kensington-Cedar Cottage,48,Design,Standard 1BR
8701,791,,1495 W 8th Ave,Completed,2021,Vancouver Masonic Centre,https://app.vancouver.ca/NonMarketHousing_NET/ProjectDetails.aspx?IndexNum=791,POINT (-123.13751409 49.26497349),Fairview,41,Design,Standard 1BR
8702,792,,946 - 950 Main St,Completed,2021,Lu'Ma Native Housing Society,https://app.vancouver.ca/NonMarketHousing_NET/ProjectDetails.aspx?IndexNum=792,POINT (-123.09948504 49.27598238),Strathcona,4,Design,Standard 1BR
8703,798,,5688 Ash St,Completed,2019,Oakridge Lutheran Church Housing Society,https://app.vancouver.ca/NonMarketHousing_NET/ProjectDetails.aspx?IndexNum=798,POINT (-123.11760049 49.23385582),South Cambie,15,Design,Standard 1BR
8704,800,,500-650 W 57th Ave,Approved,,,,POINT (-123.11780837 49.21835764),Marpole,45,Design,Standard 1BR
8705,802,,124 Dunlevy Ave,Completed,2021,City of Vancouver,https://app.vancouver.ca/NonMarketHousing_NET/ProjectDetails.aspx?IndexNum=802,POINT (-123.0948261 49.28373962),Strathcona,19,Design,Standard 1BR
8706,811,,401 Jackson Ave,Under Construction,,Aboriginal Land Trust Society,https://app.vancouver.ca/NonMarketHousing_NET/ProjectDetails.aspx?IndexNum=811,,Unknown,37,Design,Standard 1BR
8707,814,,177 W Pender St,Under Construction,,Community Land Trust Foundation of BC,,POINT (-123.10920892 49.28166995),Downtown,2,Design,Standard 1BR
8708,815,,75 SW Marine Dr,Completed,2022,New Chelsea Society,https://app.vancouver.ca/NonMarketHousing_NET/ProjectDetails.aspx?IndexNum=815,POINT (-123.10773385 49.21271041),Marpole,12,Design,Standard 1BR
8709,819,,320 E Hastings St,Under Construction,,,,POINT (-123.09704179 49.28098552),Strathcona,49,Design,Standard 1BR
8710,831,,650 W 41st Ave,Under Construction,,Sanford Housing Society,,,Unknown,60,Design,Standard 1BR
8712,849,,625-777 Pacific St,Approved,,More Than A Roof Housing Society,,POINT (-123.12818293 49.27489867),Downtown,58,Design,Standard 1BR
8713,852,,1190 Burrard St,Under Construction,,McLaren Housing Society of BC,,,Unknown,11,Design,Standard 1BR
8714,854,,2050 Rupert St,Under Construction,,Hopehill,,POINT (-123.03326161 49.26621497),Hastings-Sunrise,13,Design,Standard 1BR
8715,857,,5250 Ash St,Approved,,,,POINT (-123.1173014 49.2376526),South Cambie,25,Design,Standard 1BR
8716,859,,3279 - 3297 Vanness Ave,Under Construction,,,,,Unknown,13,Design,Standard 1BR
8717,862,,3819 Boundary Rd,Completed,2021,Lu'Ma Native Housing Society,https://app.vancouver.ca/NonMarketHousing_NET/ProjectDetails.aspx?IndexNum=862,POINT (-123.02424893 49.25040035),Renfrew-Collingwood,16,Design,Standard 1BR
8718,866,,3625 Sawmill Crescent,Completed,2021,Catalyst Community Developments Society,https://app.vancouver.ca/NonMarketHousing_NET/ProjectDetails.aspx?IndexNum=866,POINT (-123.02444018 49.20668835),Killarney,20,Design,Standard 1BR
8719,869,,1102 - 1138 E Georgia St,Completed,2024,Anhart Community Housing Society,https://app.vancouver.ca/NonMarketHousing_NET/ProjectDetails.aspx?IndexNum=869,POINT (-123.08077596 49.27797526),Strathcona,5,Design,Standard 1BR
8720,871,,1325 Burnaby St,Completed,2000,Brightside Community Homes Foundation,https://app.vancouver.ca/NonMarketHousing_NET/ProjectDetails.aspx?IndexNum=871,POINT (-123.13613725 49.28256925),West End,11,Design,Standard 1BR
8721,883,,1001 Kingsway,Proposed,,,,POINT (-123.08348134 49.25412044),Kensington-Cedar Cottage,17,Design,Standard 1BR
8722,889,,1885 E Pender St,Proposed,,,,POINT (-123.06602928 49.28048558),Grandview-Woodland,11,Design,Standard 1BR
8723,890,,4949-5255 Heather St & 657 W 37th Ave,Approved,,,,POINT (-123.12185811 49.24025538),South Cambie,161,Design,Standard 1BR
8724,891,,546 W 13th Ave,Under Construction,,Soroptimist Club of Vancouver,,,Unknown,37,Design,Standard 1BR
8725,894,,2929 Commercial Dr,Approved,,,,POINT (-123.07023083 49.25839773),Kensington-Cedar Cottage,21,Design,Standard 1BR
8726,896,,1317 Richard St & 508 Drake St,Under Construction,,,,POINT (-123.12635099 49.27484364),Downtown,84,Design,Standard 1BR
8727,898,,2924 Venables St,Under Construction,,Brightside Community Homes Foundation,https://app.vancouver.ca/NonMarketHousing_NET/ProjectDetails.aspx?IndexNum=898,,Unknown,85,Design,Standard 1BR
8728,901,,4902 James St,Under Construction,,BC Housing,https://app.vancouver.ca/NonMarketHousing_NET/ProjectDetails.aspx?IndexNum=901,,Unknown,1,Design,Standard 1BR
8731,920,,1210 Seymour St,Under Construction,,,https://app.vancouver.ca/NonMarketHousing_NET/ProjectDetails.aspx?IndexNum=920,POINT (-123.125212 49.27614383),Downtown,12,Design,Standard 1BR
8732,935,,949 W 41st Ave and 5469-5507 Willow St,Approved,,,,POINT (-123.12472797 49.23414343),South Cambie,99,Design,Standard 1BR
8733,937,,1810 Alberni St / 1818 Alberni,Under Construction,,,https://app.vancouver.ca/NonMarketHousing_NET/ProjectDetails.aspx?IndexNum=937,,Unknown,10,Design,Standard 1BR
8735,945,,774 W 13th Ave,Approved,,Metro Vancouver Housing Corporation,,,Unknown,48,Design,Standard 1BR
8736,947,,52-92 E Hastings St,Under Construction,,Lu'Ma Native Housing Society,,POINT (-123.10272097 49.28108972),Downtown,21,Design,Standard 1BR
8740,971,,1111 Broughton St,Proposed,,,,POINT (-123.13509264 49.28476615),West End,84,Design,Standard 1BR
8741,984,,388 Slocan,Completed,2024,YWCA Vancouver,https://app.vancouver.ca/NonMarketHousing_NET/ProjectDetails.aspx?IndexNum=984,POINT (-123.04884634 49.28142299),Hastings-Sunrise,35,Design,Standard 1BR
8742,988,,8559 Jack Uppal St,Completed,2025,Sawmill Co-op,https://app.vancouver.ca/NonMarketHousing_NET/ProjectDetails.aspx?IndexNum=988,POINT (-123.03388168 49.20633158),Killarney,38,Design,Standard 1BR
8750,27,,5709 Wales St,Completed,1994,Brightside Community Homes Foundation,https://app.vancouver.ca/NonMarketHousing_NET/ProjectDetails.aspx?IndexNum=27,POINT (-123.05213397 49.23246527),Victoria-Fraserview,1,Design,Standard 1BR
8752,30,,325 E 6th Ave,Completed,1969,Brightside Community Homes Foundation,https://app.vancouver.ca/NonMarketHousing_NET/ProjectDetails.aspx?IndexNum=30,POINT (-123.09776676 49.26570816),Mount Pleasant,2,Design,Standard 1BR
8753,31,,330 E 6th Ave,Completed,1975,New Chelsea Society,https://app.vancouver.ca/NonMarketHousing_NET/ProjectDetails.aspx?IndexNum=31,POINT (-123.09804729 49.26518737),Mount Pleasant,7,Design,Standard 1BR
8754,37,,730 W 6th Ave,Completed,1992,Stan Stronge Noble House Co-op Housing Association,https://app.vancouver.ca/NonMarketHousing_NET/ProjectDetails.aspx?IndexNum=37,POINT (-123.12056203 49.26564344),Fairview,6,Design,Standard 1BR
8755,41,,775 E 7th Ave,Completed,1984,Jasmine Place Co-op Housing Association,https://app.vancouver.ca/NonMarketHousing_NET/ProjectDetails.aspx?IndexNum=41,POINT (-123.08761087 49.2645604),Mount Pleasant,6,Design,Standard 1BR
8756,43,,430 Dunlevy Ave,Completed,1993,Chinese United Church,https://app.vancouver.ca/NonMarketHousing_NET/ProjectDetails.aspx?IndexNum=43,POINT (-123.09501291 49.28055897),Strathcona,17,Design,Standard 1BR
8757,44,,1216 E 7th Ave,Completed,1981,Coast Mental Health,https://app.vancouver.ca/NonMarketHousing_NET/ProjectDetails.aspx?IndexNum=44,POINT (-123.07890671 49.26397621),Mount Pleasant,6,Design,Standard 1BR
8758,52,,1330 E 8th Ave,Completed,1985,BC Indigenous Housing Society,https://app.vancouver.ca/NonMarketHousing_NET/ProjectDetails.aspx?IndexNum=52,POINT (-123.07666847 49.263058),Grandview-Woodland,7,Design,Standard 1BR
8759,55,,2053 W 8th Ave,Completed,1986,Maple Creek Co-op Housing Association,https://app.vancouver.ca/NonMarketHousing_NET/ProjectDetails.aspx?IndexNum=55,POINT (-123.15173449 49.26495895),Kitsilano,14,Design,Standard 1BR
8760,57,,951 E 8th Ave,Completed,1978,Anavets Senior Citizens Housing Society,https://app.vancouver.ca/NonMarketHousing_NET/ProjectDetails.aspx?IndexNum=57,POINT (-123.08405019 49.26362938),Mount Pleasant,5,Design,Standard 1BR
8761,62,,1842 E 10th Ave,Completed,1989,Affordable Housing Societies,https://app.vancouver.ca/NonMarketHousing_NET/ProjectDetails.aspx?IndexNum=62,POINT (-123.06693953 49.26108247),Kensington-Cedar Cottage,45,Design,Standard 1BR
8762,65,,1823 E 11th Ave,Completed,1990,Victoria Gardens Co-op Housing Assoc,https://app.vancouver.ca/NonMarketHousing_NET/ProjectDetails.aspx?IndexNum=65,POINT (-123.06745152 49.26070528),Kensington-Cedar Cottage,6,Design,Standard 1BR
8763,68,,2075 E 12th Ave,Completed,1983,Lakewood Terrace Co-op Housing Assoc,https://app.vancouver.ca/NonMarketHousing_NET/ProjectDetails.aspx?IndexNum=68,POINT (-123.06277581 49.25992897),Kensington-Cedar Cottage,12,Design,Standard 1BR
8766,80,,2898 E 22nd Ave,Completed,1982,Three Links Care Society,https://app.vancouver.ca/NonMarketHousing_NET/ProjectDetails.aspx?IndexNum=80,POINT (-123.04445764 49.25031447),Renfrew-Collingwood,3,Design,Standard 1BR
8767,83,,250 E 36th Ave,Completed,1988,Little Mountain Care & Housing Association,https://app.vancouver.ca/NonMarketHousing_NET/ProjectDetails.aspx?IndexNum=83,POINT (-123.10086016 49.23766925),Riley Park,81,Design,Standard 1BR
8768,85,,404 E 43rd Ave,Completed,1986,Crossroads Co-op Housing Association,https://app.vancouver.ca/NonMarketHousing_NET/ProjectDetails.aspx?IndexNum=85,POINT (-123.09676819 49.23083693),Sunset,6,Design,Standard 1BR
8769,92,,1516 W 71st Ave,Completed,1988,Rishon Co-op Housing Association,https://app.vancouver.ca/NonMarketHousing_NET/ProjectDetails.aspx?IndexNum=92,POINT (-123.14150123 49.20682197),Marpole,7,Design,Standard 1BR
8770,93,,1599 W 71st Ave,Completed,1984,Marine Court Co-op Housing Association,https://app.vancouver.ca/NonMarketHousing_NET/ProjectDetails.aspx?IndexNum=93,POINT (-123.14347965 49.20760295),Marpole,6,Design,Standard 1BR
8771,96,,1717 Adanac St,Completed,1979,Vancouver East Lion's Housing Foundation,https://app.vancouver.ca/NonMarketHousing_NET/ProjectDetails.aspx?IndexNum=96,POINT (-123.07006467 49.27782127),Grandview-Woodland,20,Design,Standard 1BR
8774,102,,638 Alexander St,Completed,1985,Alexander Street Co-operative Housing Association,https://app.vancouver.ca/NonMarketHousing_NET/ProjectDetails.aspx?IndexNum=102,POINT (-123.09046001 49.28366031),Strathcona,8,Design,Standard 1BR
8775,109,,5311 Balsam St,Completed,1988,St. Mary's Kerrisdale Housing Society,https://app.vancouver.ca/NonMarketHousing_NET/ProjectDetails.aspx?IndexNum=109,POINT (-123.16154324 49.23810614),Arbutus Ridge,17,Design,Standard 1BR
8776,113,,3401 E 43rd Ave,Completed,1986,Pacific Park Place Co-op Housing Association,https://app.vancouver.ca/NonMarketHousing_NET/ProjectDetails.aspx?IndexNum=113,POINT (-123.03003447 49.23126023),Killarney,9,Design,Standard 1BR
8777,118,,2633 E Broadway,Completed,1975,Broadway Pentecostal Benevolent Association,https://app.vancouver.ca/NonMarketHousing_NET/ProjectDetails.aspx?IndexNum=118,POINT (-123.05120171 49.2623094),Hastings-Sunrise,6,Design,Standard 1BR
8778,119,,2616 W Broadway,Completed,1984,Kitsilano Terrace Co-op Housing Association,https://app.vancouver.ca/NonMarketHousing_NET/ProjectDetails.aspx?IndexNum=119,POINT (-123.16523828 49.26376668),Kitsilano,14,Design,Standard 1BR
8779,121,,633 Bucketwheel,Completed,1977,Uptown Kiwanis Club,https://app.vancouver.ca/NonMarketHousing_NET/ProjectDetails.aspx?IndexNum=121,POINT (-123.11823439 49.26800345),Fairview,21,Design,Standard 1BR
8780,122,,650 Bucketwheel,Completed,1977,Vancouver Broadway Housing Society,https://app.vancouver.ca/NonMarketHousing_NET/ProjectDetails.aspx?IndexNum=122,POINT (-123.11818965 49.26769092),Fairview,24,Design,Standard 1BR
8781,127,,3637 Cambie St,Completed,1982,Eight Oaks Co-op Housing Association,https://app.vancouver.ca/NonMarketHousing_NET/ProjectDetails.aspx?IndexNum=127,POINT (-123.11584604 49.25295523),South Cambie,4,Design,Standard 1BR
8782,131,,950 Cassiar St,Completed,1978,Adanac Village Co-op Housing Association,https://app.vancouver.ca/NonMarketHousing_NET/ProjectDetails.aspx?IndexNum=131,POINT (-123.02811463 49.2763955),Hastings-Sunrise,22,Design,Standard 1BR
8783,135,,1555 Charles St,Completed,1987,Charles Square Co-op Housing Association,https://app.vancouver.ca/NonMarketHousing_NET/ProjectDetails.aspx?IndexNum=135,POINT (-123.07198632 49.27333302),Grandview-Woodland,18,Design,Standard 1BR
8784,137,,740 Commercial Dr,Completed,1958,Vancouver East Lion's Housing Foundation,https://app.vancouver.ca/NonMarketHousing_NET/ProjectDetails.aspx?IndexNum=137,POINT (-123.07022885 49.27820526),Grandview-Woodland,12,Design,Standard 1BR
8785,138,,527 Commodore Rd,Completed,1984,Connaught Co-op Housing Association,https://app.vancouver.ca/NonMarketHousing_NET/ProjectDetails.aspx?IndexNum=138,POINT (-123.11596251 49.26801477),Fairview,12,Design,Standard 1BR
8788,152,,8001 Curate Wynd,Completed,1983,Kinross Creek Co-op Housing Association,https://app.vancouver.ca/NonMarketHousing_NET/ProjectDetails.aspx?IndexNum=152,POINT (-123.02878208 49.21247171),Killarney,9,Design,Standard 1BR
8790,162,,3274 Findlay St,Completed,1988,Trout Lake Co-op Housing Association,https://app.vancouver.ca/NonMarketHousing_NET/ProjectDetails.aspx?IndexNum=162,POINT (-123.06738984 49.25527408),Kensington-Cedar Cottage,1,Design,Standard 1BR
8791,166,,2250 Fraser St,Completed,1984,Emma G. Co-op Housing Association,https://app.vancouver.ca/NonMarketHousing_NET/ProjectDetails.aspx?IndexNum=166,POINT (-123.08876201 49.26456896),Mount Pleasant,3,Design,Standard 1BR
8792,167,,551 E Georgia St,Completed,1979,Vancouver Chinese Kung Kao Foundation,https://app.vancouver.ca/NonMarketHousing_NET/ProjectDetails.aspx?IndexNum=167,POINT (-123.09201049 49.27867931),Strathcona,1,Design,Standard 1BR
8793,169,,1529 W 71st Ave,Completed,1985,David Wetherow Co-op Housing Association,https://app.vancouver.ca/NonMarketHousing_NET/ProjectDetails.aspx?IndexNum=169,POINT (-123.14167259 49.20734942),Marpole,10,Design,Standard 1BR
8795,173,,8450 Portside Dr,Completed,1988,Riverside Landing Co-op Housing Association,https://app.vancouver.ca/NonMarketHousing_NET/ProjectDetails.aspx?IndexNum=173,POINT (-123.06053178 49.2067025),Victoria-Fraserview,6,Design,Standard 1BR
8796,175,,2610 Grandview Hwy S,Completed,1988,Italian Cultural Centre Housing Society,https://app.vancouver.ca/NonMarketHousing_NET/ProjectDetails.aspx?IndexNum=175,POINT (-123.05200625 49.25715479),Renfrew-Collingwood,86,Design,Standard 1BR
8797,179,,1750 Grant St,Completed,1981,Vancouver East Co-op Housing Association,https://app.vancouver.ca/NonMarketHousing_NET/ProjectDetails.aspx?IndexNum=179,POINT (-123.06848813 49.27102079),Grandview-Woodland,3,Design,Standard 1BR
8798,180,,1090 Granville St,Completed,1991,McLaren Housing Society of BC,https://app.vancouver.ca/NonMarketHousing_NET/ProjectDetails.aspx?IndexNum=180,POINT (-123.1241591 49.27810547),Downtown,16,Design,Standard 1BR
8800,191,,1661 Frances St,Completed,1989,Coast Mental Health,https://app.vancouver.ca/NonMarketHousing_NET/ProjectDetails.aspx?IndexNum=191,POINT (-123.07120717 49.27964586),Grandview-Woodland,22,Design,Standard 1BR
8801,194,,2518 E Hastings St,Completed,1992,Entre Nous Femmes Housing Society,https://app.vancouver.ca/NonMarketHousing_NET/ProjectDetails.aspx?IndexNum=194,POINT (-123.05409967 49.28088658),Hastings-Sunrise,14,Design,Standard 1BR
8803,197,,1099 Richards Street,Completed,2016,The 127 Society for Housing,https://app.vancouver.ca/NonMarketHousing_NET/ProjectDetails.aspx?IndexNum=197,POINT (-123.12269367 49.27725478),Downtown,49,Design,Standard 1BR
8806,205,,325 Keefer St,Completed,1972,Chau Luen Kon Sol Society of Vancouver,https://app.vancouver.ca/NonMarketHousing_NET/ProjectDetails.aspx?IndexNum=205,POINT (-123.09648989 49.27966994),Strathcona,9,Design,Standard 1BR
8807,207,,5075 Boundary Rd,Completed,1993,Lu'Ma Native Housing Society,https://app.vancouver.ca/NonMarketHousing_NET/ProjectDetails.aspx?IndexNum=207,POINT (-123.02402887 49.23848485),Renfrew-Collingwood,14,Design,Standard 1BR
8808,209,,7101 Kerr St,Completed,1969,Vancouver Kiwanis Senior Citizens Housing Society,https://app.vancouver.ca/NonMarketHousing_NET/ProjectDetails.aspx?IndexNum=209,POINT (-123.041933 49.21887003),Killarney,4,Design,Standard 1BR
8809,211,,2751 W King Edward,Completed,1963,Anglican Homes,https://app.vancouver.ca/NonMarketHousing_NET/ProjectDetails.aspx?IndexNum=211,POINT (-123.16653193 49.24842742),Arbutus Ridge,8,Design,Standard 1BR
8811,213,,3090 Kingsway,Completed,1987,Synala Co-op Housing Association,https://app.vancouver.ca/NonMarketHousing_NET/ProjectDetails.aspx?IndexNum=213,POINT (-123.04054032 49.23510381),Renfrew-Collingwood,4,Design,Standard 1BR
8812,215,,1425 E 3rd Ave,Completed,1990,Baptist Housing Society of B.C.,https://app.vancouver.ca/NonMarketHousing_NET/ProjectDetails.aspx?IndexNum=215,POINT (-123.07464212 49.26829628),Grandview-Woodland,77,Design,Standard 1BR
8813,216,,1475 Kitchener St,Completed,1982,Lu'Ma Native Housing Society,https://app.vancouver.ca/NonMarketHousing_NET/ProjectDetails.aspx?IndexNum=216,POINT (-123.07429154 49.27241953),Grandview-Woodland,6,Design,Standard 1BR
8814,218,,1399 Fountain Way,Completed,1980,Wellington Society,https://app.vancouver.ca/NonMarketHousing_NET/ProjectDetails.aspx?IndexNum=218,POINT (-123.13509226 49.26804963),Fairview,44,Design,Standard 1BR
8815,226,,2229 Maple St,Completed,1976,Shalom Branch #178 Canadian Legion,https://app.vancouver.ca/NonMarketHousing_NET/ProjectDetails.aspx?IndexNum=226,POINT (-123.15077883 49.26595347),Kitsilano,70,Design,Standard 1BR
8816,227,,2424 Maple St,Completed,1984,Phoenix Court Co-op Housing Association,https://app.vancouver.ca/NonMarketHousing_NET/ProjectDetails.aspx?IndexNum=227,POINT (-123.15003674 49.26442777),Kitsilano,12,Design,Standard 1BR
8817,232,,8695 SW Marine Dr,Completed,1986,Marpole Terrace Co-op Housing Association,https://app.vancouver.ca/NonMarketHousing_NET/ProjectDetails.aspx?IndexNum=232,POINT (-123.14269428 49.20753063),Marpole,6,Design,Standard 1BR
8818,238,,1501 Woodland Dr,Completed,1969,BC Housing,https://app.vancouver.ca/NonMarketHousing_NET/ProjectDetails.aspx?IndexNum=238,POINT (-123.07443151 49.27099676),Grandview-Woodland,29,Design,Standard 1BR
8819,246,,1455 Napier St,Completed,1980,Grandview Co-op Housing Association,https://app.vancouver.ca/NonMarketHousing_NET/ProjectDetails.aspx?IndexNum=246,POINT (-123.07485783 49.27517909),Grandview-Woodland,5,Design,Standard 1BR
8821,252,,2122 Oxford St,Completed,1965,Vancouver East Lion's Housing Foundation,https://app.vancouver.ca/NonMarketHousing_NET/ProjectDetails.aspx?IndexNum=252,POINT (-123.06137361 49.28545308),Grandview-Woodland,11,Design,Standard 1BR
8822,255,,490 Columbia St,Completed,1981,Chinese Freemasons of Canada,https://app.vancouver.ca/NonMarketHousing_NET/ProjectDetails.aspx?IndexNum=255,POINT (-123.10190211 49.28067369),Downtown,2,Design,Standard 1BR
8823,260,,3621 W 4th Ave,Completed,1993,Hellenic Housing Society of BC,https://app.vancouver.ca/NonMarketHousing_NET/ProjectDetails.aspx?IndexNum=260,POINT (-123.18453011 49.26885935),Kitsilano,28,Design,Standard 1BR
8824,261,,830 Campbell Ave,Completed,1984,Vancouver Chinatown Housing Society,https://app.vancouver.ca/NonMarketHousing_NET/ProjectDetails.aspx?IndexNum=261,POINT (-123.08442743 49.27694361),Strathcona,3,Design,Standard 1BR
8825,263,,1763 E Pender St,Completed,1985,Leveller's Co-op Housing Association,https://app.vancouver.ca/NonMarketHousing_NET/ProjectDetails.aspx?IndexNum=263,POINT (-123.06880418 49.28051041),Grandview-Woodland,5,Design,Standard 1BR
8826,264,,1823 E Pender St,Completed,1989,BC Indigenous Housing Society,https://app.vancouver.ca/NonMarketHousing_NET/ProjectDetails.aspx?IndexNum=264,POINT (-123.0673884 49.28050551),Grandview-Woodland,9,Design,Standard 1BR
8827,268,,3306 E 5th Ave / 3350 E 5th Ave,Completed,1992,Hopehill,https://app.vancouver.ca/NonMarketHousing_NET/ProjectDetails.aspx?IndexNum=268,POINT (-123.03206317 49.26534752),Hastings-Sunrise,47,Design,Standard 1BR
8828,269,,1254 Pendrell St,Completed,1973,Parish of St.Paul-Pendrellis Society,https://app.vancouver.ca/NonMarketHousing_NET/ProjectDetails.aspx?IndexNum=269,POINT (-123.13344925 49.28280452),West End,9,Design,Standard 1BR
8829,272,,43 Powell St,Completed,1983,Affordable Housing Societies,https://app.vancouver.ca/NonMarketHousing_NET/ProjectDetails.aspx?IndexNum=272,POINT (-123.10320433 49.28340214),Downtown,5,Design,Standard 1BR
8830,273,,101 Powell St,Completed,1986,Affordable Housing Societies,https://app.vancouver.ca/NonMarketHousing_NET/ProjectDetails.aspx?IndexNum=273,POINT (-123.10189962 49.28346017),Downtown,11,Design,Standard 1BR
8831,274,,245 Powell St,Completed,1991,Shiloh Housing Society,https://app.vancouver.ca/NonMarketHousing_NET/ProjectDetails.aspx?IndexNum=274,POINT (-123.09852395 49.28341464),Strathcona,34,Design,Standard 1BR
8834,284,,3433 Renfrew St,Completed,1976,East Enders Amherst Lions Society,https://app.vancouver.ca/NonMarketHousing_NET/ProjectDetails.aspx?IndexNum=284,POINT (-123.0448255 49.25359041),Renfrew-Collingwood,14,Design,Standard 1BR
8835,287,,5250 Rupert St,Completed,1987,Alberni Co-op Housing Association,https://app.vancouver.ca/NonMarketHousing_NET/ProjectDetails.aspx?IndexNum=287,POINT (-123.04097739 49.2365991),Renfrew-Collingwood,10,Design,Standard 1BR
8836,293,,1067 Seymour St,Completed,1992,City of Vancouver,https://app.vancouver.ca/NonMarketHousing_NET/ProjectDetails.aspx?IndexNum=293,POINT (-123.12355177 49.27796805),Downtown,52,Design,Standard 1BR
8837,310,,2431 Vine St,Completed,1979,Kiwassa Housing Society,https://app.vancouver.ca/NonMarketHousing_NET/ProjectDetails.aspx?IndexNum=310,POINT (-123.15791342 49.26419383),Kitsilano,1,Design,Standard 1BR
8838,311,,2080 Wall St,Completed,1969,BC Housing,https://app.vancouver.ca/NonMarketHousing_NET/ProjectDetails.aspx?IndexNum=311,POINT (-123.06138018 49.28617719),Grandview-Woodland,41,Design,Standard 1BR
8839,318,,3460 Yukon St,Completed,1984,Community Living Society,https://app.vancouver.ca/NonMarketHousing_NET/ProjectDetails.aspx?IndexNum=318,POINT (-123.11214974 49.25417327),Riley Park,5,Design,Standard 1BR
8841,327,,2980 Euclid Ave,Completed,1994,Brightside Community Homes Foundation,https://app.vancouver.ca/NonMarketHousing_NET/ProjectDetails.aspx?IndexNum=327,POINT (-123.04369648 49.24006198),Renfrew-Collingwood,45,Design,Standard 1BR
8842,332,,1818 E Pender St,Completed,1996,Lu'Ma Native Housing Society,https://app.vancouver.ca/NonMarketHousing_NET/ProjectDetails.aspx?IndexNum=332,POINT (-123.06765123 49.2799856),Grandview-Woodland,10,Design,Standard 1BR
8844,336,,1267 Marinaside Cres,Completed,1998,Roundhouse Co-op Housing Association,https://app.vancouver.ca/NonMarketHousing_NET/ProjectDetails.aspx?IndexNum=336,POINT (-123.12091871 49.27286767),Downtown,12,Design,Standard 1BR
8845,339,,2938 Laurel St,Completed,1999,St. George's Place Housing Society,https://app.vancouver.ca/NonMarketHousing_NET/ProjectDetails.aspx?IndexNum=339,POINT (-123.12400793 49.25893455),Fairview,2,Design,Standard 1BR
8846,342,,100 E Cordova St,Completed,2001,Bridge Housing Society for Women,https://app.vancouver.ca/NonMarketHousing_NET/ProjectDetails.aspx?IndexNum=342,POINT (-123.10198466 49.28207257),Downtown,32,Design,Standard 1BR
8847,343,,1538 E 22nd Ave,Completed,1995,Coast Mental Health,https://app.vancouver.ca/NonMarketHousing_NET/ProjectDetails.aspx?IndexNum=343,POINT (-123.07283614 49.25015825),Kensington-Cedar Cottage,18,Design,Standard 1BR
8849,347,,599 Nicola St,Completed,1998,Coal Harbour Co-op Housing Association,https://app.vancouver.ca/NonMarketHousing_NET/ProjectDetails.aspx?IndexNum=347,POINT (-123.12895356 49.29092964),Downtown,4,Design,Standard 1BR
8851,368,,340 E Cordova St,Completed,1999,St. Luke's Home Society,https://app.vancouver.ca/NonMarketHousing_NET/ProjectDetails.aspx?IndexNum=368,POINT (-123.09658287 49.28197811),Strathcona,17,Design,Standard 1BR
8854,375,,1041 Comox St,Completed,1998,Wings Housing Society,https://app.vancouver.ca/NonMarketHousing_NET/ProjectDetails.aspx?IndexNum=375,POINT (-123.12781211 49.28133297),West End,6,Design,Standard 1BR
8855,378,,3278 Vanness  Ave,Completed,2000,Affordable Housing Societies,https://app.vancouver.ca/NonMarketHousing_NET/ProjectDetails.aspx?IndexNum=378,POINT (-123.03529409 49.23940019),Renfrew-Collingwood,10,Design,Standard 1BR
8856,381,,5750 Oak St,Completed,2001,Vancouver Jewish Building Society,https://app.vancouver.ca/NonMarketHousing_NET/ProjectDetails.aspx?IndexNum=381,POINT (-123.12761225 49.23342156),Oakridge,4,Design,Standard 1BR
8857,387,,520 W 7th Ave,Completed,2001,Brightside Community Homes Foundation,https://app.vancouver.ca/NonMarketHousing_NET/ProjectDetails.aspx?IndexNum=387,POINT (-123.11567548 49.26473908),Fairview,1,Design,Standard 1BR
8858,388,,361 Heatley Ave,Completed,2002,Union Gospel Mission,https://app.vancouver.ca/NonMarketHousing_NET/ProjectDetails.aspx?IndexNum=388,POINT (-123.08987395 49.28146285),Strathcona,3,Design,Standard 1BR
8859,390,,1265 Granville St,Completed,2002,More Than a Roof Housing Society,https://app.vancouver.ca/NonMarketHousing_NET/ProjectDetails.aspx?IndexNum=390,POINT (-123.12765023 49.27658027),Downtown,1,Design,Standard 1BR
8860,392,,1114 Comox St,Completed,2001,Mole Hill Community Housing Society,https://app.vancouver.ca/NonMarketHousing_NET/ProjectDetails.aspx?IndexNum=392,POINT (-123.12980301 49.28188437),West End,5,Design,Standard 1BR
8861,393,,1288 W Cordova St,Completed,2002,Affordable Housing Societies,https://app.vancouver.ca/NonMarketHousing_NET/ProjectDetails.aspx?IndexNum=393,POINT (-123.12376394 49.28954846),Downtown,1,Design,Standard 1BR
8862,395,,3501 Euclid Ave,Completed,2001,Collingwood Village Co-op Housing Association,https://app.vancouver.ca/NonMarketHousing_NET/ProjectDetails.aspx?IndexNum=395,POINT (-123.02973841 49.23530774),Renfrew-Collingwood,5,Design,Standard 1BR
8864,406,,1857 Venables St,Completed,1980,Vancouver East Co-op Housing Association,https://app.vancouver.ca/NonMarketHousing_NET/ProjectDetails.aspx?IndexNum=406,POINT (-123.06689398 49.2768758),Grandview-Woodland,1,Design,Standard 1BR
8868,418,,1136 Comox St,Completed,2002,Mole Hill Community Housing Society,https://app.vancouver.ca/NonMarketHousing_NET/ProjectDetails.aspx?IndexNum=418,POINT (-123.13029419 49.28220254),West End,3,Design,Standard 1BR
8869,419,,1140 Comox St,Completed,2001,Mole Hill Community Housing Society,https://app.vancouver.ca/NonMarketHousing_NET/ProjectDetails.aspx?IndexNum=419,POINT (-123.13039241 49.28226616),West End,2,Design,Standard 1BR
8870,421,,1127 Pendrell St,Completed,2002,Mole Hill Community Housing Society,https://app.vancouver.ca/NonMarketHousing_NET/ProjectDetails.aspx?IndexNum=421,POINT (-123.13048215 49.2816923),West End,4,Design,Standard 1BR
8871,428,,1110 Bute St,Completed,2003,Mole Hill Community Housing Society,https://app.vancouver.ca/NonMarketHousing_NET/ProjectDetails.aspx?IndexNum=428,POINT (-123.1316637 49.28264692),West End,3,Design,Standard 1BR
8872,429,,1122 Bute St,Completed,2003,Mole Hill Community Housing Society,https://app.vancouver.ca/NonMarketHousing_NET/ProjectDetails.aspx?IndexNum=429,POINT (-123.1318566 49.28251929),West End,4,Design,Standard 1BR
8873,430,,1173 Pendrell St,Completed,2003,Mole Hill Community Housing Society,https://app.vancouver.ca/NonMarketHousing_NET/ProjectDetails.aspx?IndexNum=430,POINT (-123.13102235 49.28204219),West End,3,Design,Standard 1BR
8874,433,,1159 Pendrell St,Completed,2003,Mole Hill Community Housing Society,https://app.vancouver.ca/NonMarketHousing_NET/ProjectDetails.aspx?IndexNum=433,POINT (-123.13126811 49.2822013),West End,3,Design,Standard 1BR
8875,435,,1147 Pendrell St,Completed,2003,Mole Hill Community Housing Society,https://app.vancouver.ca/NonMarketHousing_NET/ProjectDetails.aspx?IndexNum=435,POINT (-123.13048215 49.2816923),West End,4,Design,Standard 1BR
8877,437,,1103 Pendrell St,Completed,2003,Mole Hill Community Housing Society,https://app.vancouver.ca/NonMarketHousing_NET/ProjectDetails.aspx?IndexNum=437,POINT (-123.13017846 49.2814957),West End,2,Design,Standard 1BR
8878,439,,1113 Thurlow St,Completed,2003,Mole Hill Community Housing Society,https://app.vancouver.ca/NonMarketHousing_NET/ProjectDetails.aspx?IndexNum=439,POINT (-123.13008838 49.28137398),West End,2,Design,Standard 1BR
8879,453,,1129 Pendrell St,Completed,2002,Mole Hill Community Housing Society,https://app.vancouver.ca/NonMarketHousing_NET/ProjectDetails.aspx?IndexNum=453,POINT (-123.1306738 49.28181043),West End,2,Design,Standard 1BR
8881,457,,1005 Station St,Completed,2010,PHS Community Services Society,https://app.vancouver.ca/NonMarketHousing_NET/ProjectDetails.aspx?IndexNum=457,POINT (-123.09948683 49.2756775),Strathcona,10,Design,Standard 1BR
8887,486,,1424 Comox St,Completed,1977,BC Housing,https://app.vancouver.ca/NonMarketHousing_NET/ProjectDetails.aspx?IndexNum=486,POINT (-123.13496572 49.28521426),West End,6,Design,Standard 1BR
8888,489,,1962 W 1st Ave,Completed,2002,Coast Mental Health,https://app.vancouver.ca/NonMarketHousing_NET/ProjectDetails.aspx?IndexNum=489,POINT (-123.1493369 49.27045637),Kitsilano,2,Design,Standard 1BR
8890,513,,581 Cardero St,Completed,2006,Performing Arts Lodge of Vancouver,https://app.vancouver.ca/NonMarketHousing_NET/ProjectDetails.aspx?IndexNum=513,POINT (-123.13031262 49.29141724),Downtown,33,Design,Standard 1BR
8891,518,,3355 E 5th Ave,Completed,2008,Hopehill,https://app.vancouver.ca/NonMarketHousing_NET/ProjectDetails.aspx?IndexNum=518,POINT (-123.03239517 49.26621184),Hastings-Sunrise,89,Design,Standard 1BR
8894,532,,2020 Harrison Dr,Completed,2007,Icelandic Care Home Hofn Society,https://app.vancouver.ca/NonMarketHousing_NET/ProjectDetails.aspx?IndexNum=532,POINT (-123.0639151 49.2094),Victoria-Fraserview,77,Design,Standard 1BR
8898,594,,1249 Howe St,Completed,2013,McLaren Housing Society of BC,https://app.vancouver.ca/NonMarketHousing_NET/ProjectDetails.aspx?IndexNum=594,POINT (-123.12818713 49.27749639),Downtown,4,Design,Standard 1BR
8910,677,,1475 - 1495 Kingsway,Completed,2007,Helping Spirit Lodge Society,https://app.vancouver.ca/NonMarketHousing_NET/ProjectDetails.aspx?IndexNum=677,POINT (-123.07371806 49.24966055),Kensington-Cedar Cottage,30,Design,Standard 1BR
8911,681,,341 Gore Ave,Completed,2007,S.U.C.C.E.S.S.,https://app.vancouver.ca/NonMarketHousing_NET/ProjectDetails.aspx?IndexNum=681,POINT (-123.09778996 49.28159583),Strathcona,17,Design,Standard 1BR
8920,734,,951 Boundary Rd,Completed,2014,Kettle Society,https://app.vancouver.ca/NonMarketHousing_NET/ProjectDetails.aspx?IndexNum=734,POINT (-123.02460592 49.2766945),Hastings-Sunrise,56,Design,Standard 1BR
8921,763,,138 E Hastings St,Completed,2015,FJL Housing Society,https://app.vancouver.ca/NonMarketHousing_NET/ProjectDetails.aspx?IndexNum=763,POINT (-123.10119662 49.28105782),Downtown,18,Design,Standard 1BR
8925,778,,1723 Victoria Drive,Completed,2018,Salsbury Community Society,https://app.vancouver.ca/NonMarketHousing_NET/ProjectDetails.aspx?IndexNum=778,POINT (-123.06615515 49.26927219),Grandview-Woodland,6,Design,Standard 1BR
8926,779,,2833 E KENT AVE N,Completed,2020,Fraserview Housing Co-operative,https://app.vancouver.ca/NonMarketHousing_NET/ProjectDetails.aspx?IndexNum=779,POINT (-123.04977348 49.20687475),Killarney,128,Design,Standard 1BR
8930,793,,1045 Nelson St,Completed,2024,TPM Real Estate Management Ltd,https://app.vancouver.ca/NonMarketHousing_NET/ProjectDetails.aspx?IndexNum=793,POINT (-123.12645824 49.28185115),West End,25,Design,Standard 1BR
8931,796,,187 E 3rd Ave,Completed,2021,221a Artist Housing Society,https://app.vancouver.ca/NonMarketHousing_NET/ProjectDetails.aspx?IndexNum=796,POINT (-123.10119647 49.26884149),Mount Pleasant,8,Design,Standard 1BR
8932,804,,2425 St. Catherines St,Completed,2021,Red Door Housing Society,https://app.vancouver.ca/NonMarketHousing_NET/ProjectDetails.aspx?IndexNum=804,POINT (-123.08566017 49.2631267),Mount Pleasant,19,Design,Standard 1BR
8933,806,,95 E 1st Ave,Completed,2018,Community Land Trust Foundation of BC,https://app.vancouver.ca/NonMarketHousing_NET/ProjectDetails.aspx?IndexNum=806,POINT (-123.10318172 49.27045793),Mount Pleasant,20,Design,Standard 1BR
8934,807,,3185 Riverwalk Ave,Completed,2021,S.U.C.C.E.S.S.,https://app.vancouver.ca/NonMarketHousing_NET/ProjectDetails.aspx?IndexNum=807,POINT (-123.03904061 49.20603626),Killarney,30,Design,Standard 1BR
8935,812,,2221 Main St,Completed,2021,Catalyst Community Developments Society,https://app.vancouver.ca/NonMarketHousing_NET/ProjectDetails.aspx?IndexNum=812,POINT (-123.10137992 49.2651573),Mount Pleasant,43,Design,Standard 1BR
8937,817,,1015 E Hastings St,Under Construction,,Community Land Trust Foundation of BC,,POINT (-123.08179571 49.28130782),Strathcona,17,Design,Standard 1BR
8938,818,,53 W Cordova St,Completed,2022,PHS Community Services Society,https://app.vancouver.ca/NonMarketHousing_NET/ProjectDetails.aspx?IndexNum=818,,Unknown,18,Design,Standard 1BR
8939,820,,58 W Hastings St,Completed,2024,S.U.C.C.E.S.S.,https://app.vancouver.ca/NonMarketHousing_NET/ProjectDetails.aspx?IndexNum=820,,Unknown,8,Design,Standard 1BR
8941,824,,710 E 19th Ave,Completed,2023,North Arm Housing Co-op,https://app.vancouver.ca/NonMarketHousing_NET/ProjectDetails.aspx?IndexNum=824,POINT (-123.08952659 49.25345583),Kensington-Cedar Cottage,27,Design,Standard 1BR
8947,851,,2009-2037 Stainsbury Ave,Under Construction,,More Than a Roof Housing Society,,,Unknown,37,Design,Standard 1BR
8948,853,,305 Main St,Proposed,,Happy Harvest,,POINT (-123.10007981 49.28202383),Downtown,29,Design,Standard 1BR
8950,858,,418-496 Alexander St,Approved,,Atira Women’s Resource Society,,POINT (-123.09425793 49.28372966),Strathcona,86,Design,Standard 1BR
8951,865,,950 W 41st Ave,Approved,,,,POINT (-123.12599122 49.23344379),Oakridge,90,Design,Standard 1BR
8953,868,,601 Beach Crescent,Approved,,,,POINT (-123.12954822 49.27398575),Downtown,77,Design,Standard 1BR
8954,872,,1222 Harwood St,Completed,1999,Brightside Community Homes Foundation,https://app.vancouver.ca/NonMarketHousing_NET/ProjectDetails.aspx?IndexNum=872,POINT (-123.13636545 49.28054963),West End,9,Design,Standard 1BR
8957,879,,2975 Horley St,Completed,1995,Brightside Community Homes Foundation,https://app.vancouver.ca/NonMarketHousing_NET/ProjectDetails.aspx?IndexNum=879,POINT (-123.04413053 49.23966521),Renfrew-Collingwood,34,Design,Standard 1BR
8958,881,,155 E 37th Ave,Completed,2014,More Than a Roof Housing Society,https://app.vancouver.ca/NonMarketHousing_NET/ProjectDetails.aspx?IndexNum=881,POINT (-123.10260504 49.23763885),Riley Park,46,Design,Standard 1BR
8960,884,,282 W 49th Ave,Approved,,YWCA Vancouver,,POINT (-123.11234239 49.22533108),Oakridge,24,Design,Standard 1BR
8961,887,,1063-1075 Barclay St,Approved,,,,POINT (-123.12635834 49.28319893),West End,18,Design,Standard 1BR
8963,899,,349 E 6th Ave,Completed,2024,Brightside Community Homes Foundation,https://app.vancouver.ca/NonMarketHousing_NET/ProjectDetails.aspx?IndexNum=899,POINT (-123.09724906 49.2656987),Mount Pleasant,19,Design,Standard 1BR
8967,924,,2108-2408 Cassiar St,Approved,,,https://app.vancouver.ca/NonMarketHousing_NET/ProjectDetails.aspx?IndexNum=924,POINT (-123.03033314 49.26414502),Hastings-Sunrise,746,Design,Standard 1BR
8969,929,,998 E 19th Ave,Approved,,,,POINT (-123.08438908 49.25336844),Kensington-Cedar Cottage,37,Design,Standard 1BR
8970,934,,1710-1730 E Pender St,Approved,,Lu'Ma Native Housing Society,,POINT (-123.07002235 49.28001135),Grandview-Woodland,120,Design,Standard 1BR
8974,6,,2137 W 1st Ave,Completed,1984,Helen's Court Co-op Housing Association,https://app.vancouver.ca/NonMarketHousing_NET/ProjectDetails.aspx?IndexNum=6,POINT (-123.1536261 49.27104183),Kitsilano,22,Design,Standard 2BR
8975,7,,1349 E 2nd Ave,Completed,1987,Laura Jamieson Co-op Housing Association,https://app.vancouver.ca/NonMarketHousing_NET/ProjectDetails.aspx?IndexNum=7,POINT (-123.07614157 49.26900321),Grandview-Woodland,23,Design,Standard 2BR
8976,8,,1507 E 2nd Ave,Completed,1984,Westerdale Co-op Housing Association,https://app.vancouver.ca/NonMarketHousing_NET/ProjectDetails.aspx?IndexNum=8,POINT (-123.07304966 49.26896961),Grandview-Woodland,6,Design,Standard 2BR
8977,18,,1560 E 4th Ave,Completed,1989,BC Indigenous Housing Society,https://app.vancouver.ca/NonMarketHousing_NET/ProjectDetails.aspx?IndexNum=18,POINT (-123.0718679 49.2666326),Grandview-Woodland,11,Design,Standard 2BR
8978,20,,675 E 5th Ave,Completed,1985,Northern Way Co-op Housing Association,https://app.vancouver.ca/NonMarketHousing_NET/ProjectDetails.aspx?IndexNum=20,POINT (-123.09065341 49.26639799),Mount Pleasant,24,Design,Standard 2BR
8979,25,,1040 E 7th Ave,Completed,1974,BC Housing,https://app.vancouver.ca/NonMarketHousing_NET/ProjectDetails.aspx?IndexNum=25,POINT (-123.08252037 49.26400829),Mount Pleasant,11,Design,Standard 2BR
8980,33,,2875 E 6th Ave,Completed,1990,Sch'eyk Housing Society,https://app.vancouver.ca/NonMarketHousing_NET/ProjectDetails.aspx?IndexNum=33,POINT (-123.04515669 49.26502759),Hastings-Sunrise,12,Design,Standard 2BR
8981,34,,756 E 6th Ave,Completed,1986,Lu'Ma Native Housing Society,https://app.vancouver.ca/NonMarketHousing_NET/ProjectDetails.aspx?IndexNum=34,POINT (-123.08812236 49.26495984),Mount Pleasant,10,Design,Standard 2BR
8982,39,,101 E 7th Ave,Completed,1982,Quebec Manor Co-op Housing Association,https://app.vancouver.ca/NonMarketHousing_NET/ProjectDetails.aspx?IndexNum=39,POINT (-123.10244623 49.26487539),Mount Pleasant,14,Design,Standard 2BR
8983,42,,860 E 7th Ave,Completed,1987,BC Indigenous Housing Society,https://app.vancouver.ca/NonMarketHousing_NET/ProjectDetails.aspx?IndexNum=42,POINT (-123.08569338 49.26403654),Mount Pleasant,6,Design,Standard 2BR
8985,51,,1230 E 8th Ave,Completed,1987,China Creek Co-op Housing Association,https://app.vancouver.ca/NonMarketHousing_NET/ProjectDetails.aspx?IndexNum=51,POINT (-123.07922139 49.26307424),Mount Pleasant,19,Design,Standard 2BR
8986,53,,2829 E 8th Ave,Completed,1983,Access Co-op Housing Association,https://app.vancouver.ca/NonMarketHousing_NET/ProjectDetails.aspx?IndexNum=53,POINT (-123.04651609 49.26321325),Hastings-Sunrise,9,Design,Standard 2BR
8990,76,,420 W 16th Ave,Completed,1976,BC Housing,https://app.vancouver.ca/NonMarketHousing_NET/ProjectDetails.aspx?IndexNum=76,POINT (-123.11276834 49.25663841),Riley Park,16,Design,Standard 2BR
8991,81,,2270 E 25th Ave,Completed,1971,BC Housing,https://app.vancouver.ca/NonMarketHousing_NET/ProjectDetails.aspx?IndexNum=81,POINT (-123.05903401 49.24741422),Kensington-Cedar Cottage,14,Design,Standard 2BR
8992,86,,3545 E 43rd Ave,Completed,1985,HW Flesher Co-op Housing Association,https://app.vancouver.ca/NonMarketHousing_NET/ProjectDetails.aspx?IndexNum=86,POINT (-123.0282517 49.23143252),Killarney,54,Design,Standard 2BR
8994,94,,1530 Adanac St,Completed,1987,Lu'Ma Native Housing Society,https://app.vancouver.ca/NonMarketHousing_NET/ProjectDetails.aspx?IndexNum=94,POINT (-123.0734715 49.27733673),Grandview-Woodland,11,Design,Standard 2BR
8996,104,,118 Alexander St,Completed,1987,Four Sisters Co-op Housing Association,https://app.vancouver.ca/NonMarketHousing_NET/ProjectDetails.aspx?IndexNum=104,POINT (-123.10153493 49.28370049),Downtown,11,Design,Standard 2BR
9001,115,,3502-98 Bluejay Cr,Completed,1981,Matheson Heights Co-op Housing Association,https://app.vancouver.ca/NonMarketHousing_NET/ProjectDetails.aspx?IndexNum=115,POINT (-123.02641787 49.21275024),Killarney,55,Design,Standard 2BR
9002,117,,2450 Penticton St,Completed,1985,Sch'eyk Housing Society,https://app.vancouver.ca/NonMarketHousing_NET/ProjectDetails.aspx?IndexNum=117,POINT (-123.05180854 49.26231048),Hastings-Sunrise,12,Design,Standard 2BR
9003,120,,2525 Waterloo St,Completed,1984,Broadview Co-op Housing Association,https://app.vancouver.ca/NonMarketHousing_NET/ProjectDetails.aspx?IndexNum=120,POINT (-123.18021442 49.2640035),Kitsilano,2,Design,Standard 2BR
9005,129,,512 Campbell Ave,Completed,1967,BC Housing,https://app.vancouver.ca/NonMarketHousing_NET/ProjectDetails.aspx?IndexNum=129,POINT (-123.08401895 49.27900972),Strathcona,104,Design,Standard 2BR
9006,132,,3400 E 5th Av,Completed,1962,BC Housing,https://app.vancouver.ca/NonMarketHousing_NET/ProjectDetails.aspx?IndexNum=132,POINT (-123.03033314 49.26414502),Hastings-Sunrise,30,Design,Standard 2BR
9008,134,,1515 Charles St,Completed,1986,More Than a Roof Housing Society,https://app.vancouver.ca/NonMarketHousing_NET/ProjectDetails.aspx?IndexNum=134,POINT (-123.07301669 49.27331573),Grandview-Woodland,19,Design,Standard 2BR
9009,140,,3502-3672 Cordiale Dr,Completed,1982,Le Coeur Co-op Housing Association,https://app.vancouver.ca/NonMarketHousing_NET/ProjectDetails.aspx?IndexNum=140,POINT (-123.02601179 49.20962267),Killarney,26,Design,Standard 2BR
9010,145,,430 E Cordova St,Completed,1988,Mavis McMullen Housing Society,https://app.vancouver.ca/NonMarketHousing_NET/ProjectDetails.aspx?IndexNum=145,POINT (-123.09447792 49.28192592),Strathcona,7,Design,Standard 2BR
9011,154,,3564 Dease Lane,Completed,1972,De Cosmos Village Co-op Housing Association,https://app.vancouver.ca/NonMarketHousing_NET/ProjectDetails.aspx?IndexNum=154,POINT (-123.02554929 49.2228022),Killarney,31,Design,Standard 2BR
9014,168,,837 E Georgia St,Completed,1986,Affordable Housing Societies,https://app.vancouver.ca/NonMarketHousing_NET/ProjectDetails.aspx?IndexNum=168,POINT (-123.08637889 49.27857263),Strathcona,2,Design,Standard 2BR
9015,172,,1877 E Georgia St,Completed,1988,Entre Nous Femmes Housing Society,https://app.vancouver.ca/NonMarketHousing_NET/ProjectDetails.aspx?IndexNum=172,POINT (-123.06617155 49.27866977),Grandview-Woodland,8,Design,Standard 2BR
9017,181,,3510 SE Marine Dr,Completed,1992,Entre Nous Femmes Housing Society,https://app.vancouver.ca/NonMarketHousing_NET/ProjectDetails.aspx?IndexNum=181,POINT (-123.02876493 49.20726071),Killarney,25,Design,Standard 2BR
9018,186,,1416 Haro St,Completed,1985,City of Vancouver,https://app.vancouver.ca/NonMarketHousing_NET/ProjectDetails.aspx?IndexNum=186,POINT (-123.13182158 49.28736751),West End,6,Design,Standard 2BR
9020,190,,501 E Hastings St,Completed,1984,Sch'eyk Housing Society,https://app.vancouver.ca/NonMarketHousing_NET/ProjectDetails.aspx?IndexNum=190,POINT (-123.09283543 49.28150447),Strathcona,17,Design,Standard 2BR
9021,192,,540 E Hastings St,Completed,1987,Sch'eyk Housing Society,https://app.vancouver.ca/NonMarketHousing_NET/ProjectDetails.aspx?IndexNum=192,POINT (-123.09305566 49.28089739),Strathcona,11,Design,Standard 2BR
9023,196,,3196 Heather St,Completed,1976,"Co-op Demers ""La Bruyere"" Co-op Hsg Assoc.",https://app.vancouver.ca/NonMarketHousing_NET/ProjectDetails.aspx?IndexNum=196,POINT (-123.11963072 49.25726946),Fairview,6,Design,Standard 2BR
9026,202,,350 Keefer St,Completed,1970,BC Housing,https://app.vancouver.ca/NonMarketHousing_NET/ProjectDetails.aspx?IndexNum=202,POINT (-123.09530078 49.27849526),Strathcona,72,Design,Standard 2BR
9027,219,,1415 Lamey's Mill Rd,Completed,1981,Twin Rainbows Co-op Housing Association,https://app.vancouver.ca/NonMarketHousing_NET/ProjectDetails.aspx?IndexNum=219,POINT (-123.13586996 49.26788454),Fairview,13,Design,Standard 2BR
9028,229,,531 SW Marine Dr,Completed,1985,Vera Co-op Housing Association,https://app.vancouver.ca/NonMarketHousing_NET/ProjectDetails.aspx?IndexNum=229,POINT (-123.11952291 49.20965032),Marpole,7,Design,Standard 2BR
9029,230,,590 SW Marine Dr,Completed,1982,Metro Vancouver Housing Corporation,https://app.vancouver.ca/NonMarketHousing_NET/ProjectDetails.aspx?IndexNum=230,POINT (-123.11847601 49.20912755),Marpole,30,Design,Standard 2BR
9030,231,,1592 SW Marine Dr,Completed,1986,Wits' End Co-op Housing Association,https://app.vancouver.ca/NonMarketHousing_NET/ProjectDetails.aspx?IndexNum=231,POINT (-123.14375724 49.20824039),Marpole,23,Design,Standard 2BR
9031,235,,3381 Marquette Cr,Completed,1982,Cedar Mill Co-op Housing Association,https://app.vancouver.ca/NonMarketHousing_NET/ProjectDetails.aspx?IndexNum=235,POINT (-123.03115912 49.21293165),Killarney,19,Design,Standard 2BR
9032,244,,5701 Nanaimo St,Completed,1959,BC Housing,https://app.vancouver.ca/NonMarketHousing_NET/ProjectDetails.aspx?IndexNum=244,POINT (-123.05939466 49.23115573),Victoria-Fraserview,64,Design,Standard 2BR
9033,245,,1416 Napier St,Completed,1981,Watershed Co-op Housing Association,https://app.vancouver.ca/NonMarketHousing_NET/ProjectDetails.aspx?IndexNum=245,POINT (-123.07496109 49.27451785),Grandview-Woodland,5,Design,Standard 2BR
9034,254,,1019 Pacific St,Completed,1985,Pacific Heights Co-op Housing Association,https://app.vancouver.ca/NonMarketHousing_NET/ProjectDetails.aspx?IndexNum=254,POINT (-123.13276735 49.2776072),West End,56,Design,Standard 2BR
9036,262,,1710 E Pender St,Completed,1986,Lu'Ma Native Housing Society,https://app.vancouver.ca/NonMarketHousing_NET/ProjectDetails.aspx?IndexNum=262,POINT (-123.07002235 49.28001135),Grandview-Woodland,12,Design,Standard 2BR
9038,270,,1515 W 1st Ave,Completed,1986,Harbour Cove Co-op Housing Association,https://app.vancouver.ca/NonMarketHousing_NET/ProjectDetails.aspx?IndexNum=270,POINT (-123.14128903 49.27205665),Fairview,8,Design,Standard 2BR
9039,271,,3890 Point Grey Rd,Completed,1979,Dunbar Village Co-op Housing Association,https://app.vancouver.ca/NonMarketHousing_NET/ProjectDetails.aspx?IndexNum=271,POINT (-123.1908124 49.27094926),West Point Grey,9,Design,Standard 2BR
9041,280,,321 Princess Ave,Completed,1991,Affordable Housing Societies,https://app.vancouver.ca/NonMarketHousing_NET/ProjectDetails.aspx?IndexNum=280,POINT (-123.09196577 49.28187669),Strathcona,39,Design,Standard 2BR
9043,282,,1680 E 6th Ave,Completed,1993,New Chelsea Society,https://app.vancouver.ca/NonMarketHousing_NET/ProjectDetails.aspx?IndexNum=282,POINT (-123.07061566 49.26471157),Grandview-Woodland,16,Design,Standard 2BR
9044,286,,4830 Rupert St,Completed,1971,BC Housing,https://app.vancouver.ca/NonMarketHousing_NET/ProjectDetails.aspx?IndexNum=286,POINT (-123.03639148 49.24060975),Renfrew-Collingwood,16,Design,Standard 2BR
9045,288,,5748 Rupert St,Completed,1991,Brightside Community Homes Foundation,https://app.vancouver.ca/NonMarketHousing_NET/ProjectDetails.aspx?IndexNum=288,POINT (-123.04269371 49.23202084),Killarney,8,Design,Standard 2BR
9046,289,,825 Salsbury Dr,Completed,1986,Grace MacInnis Co-op Housing Association,https://app.vancouver.ca/NonMarketHousing_NET/ProjectDetails.aspx?IndexNum=289,POINT (-123.06888997 49.27729408),Grandview-Woodland,14,Design,Standard 2BR
9048,294,,1256 Shorepine  Walk,Completed,1980,Alder Bay Co-op Housing Association,https://app.vancouver.ca/NonMarketHousing_NET/ProjectDetails.aspx?IndexNum=294,POINT (-123.1340075 49.26771357),Fairview,47,Design,Standard 2BR
9049,295,,3335-45 Sophia St,Completed,1983,Robson Park Co-op Housing Association,https://app.vancouver.ca/NonMarketHousing_NET/ProjectDetails.aspx?IndexNum=295,POINT (-123.09872617 49.25501914),Riley Park,3,Design,Standard 2BR
9050,297,,2832 St George St,Completed,1982,Robson Park Co-op Housing Association,https://app.vancouver.ca/NonMarketHousing_NET/ProjectDetails.aspx?IndexNum=297,POINT (-123.09273013 49.25909002),Mount Pleasant,2,Design,Standard 2BR
9051,298,,7401 Talon Square,Completed,1978,La Petite Maison Co-op Housing Association,https://app.vancouver.ca/NonMarketHousing_NET/ProjectDetails.aspx?IndexNum=298,POINT (-123.02619985 49.21703561),Killarney,24,Design,Standard 2BR
9052,300,,1091 Sitka Square,Completed,1977,New Chelsea Society,https://app.vancouver.ca/NonMarketHousing_NET/ProjectDetails.aspx?IndexNum=300,POINT (-123.13016336 49.26687114),Fairview,39,Design,Standard 2BR
9053,303,,3641 Tuaq Dr,Completed,1982,Alexander Laidlaw Co-op Housing Association,https://app.vancouver.ca/NonMarketHousing_NET/ProjectDetails.aspx?IndexNum=303,POINT (-123.02555612 49.20868184),Killarney,42,Design,Standard 2BR
9054,304,,3450 SE Marine Dr,Completed,1992,Sunbridge Co-op Housing Association,https://app.vancouver.ca/NonMarketHousing_NET/ProjectDetails.aspx?IndexNum=304,POINT (-123.03018455 49.20738444),Killarney,28,Design,Standard 2BR
9055,306,,251 Union St,Completed,1993,S.U.C.C.E.S.S.,https://app.vancouver.ca/NonMarketHousing_NET/ProjectDetails.aspx?IndexNum=306,POINT (-123.0979086 49.27788193),Strathcona,14,Design,Standard 2BR
9057,309,,3548 Victoria Dr,Completed,1991,New Chelsea Society,https://app.vancouver.ca/NonMarketHousing_NET/ProjectDetails.aspx?IndexNum=309,POINT (-123.0656301 49.25319001),Kensington-Cedar Cottage,10,Design,Standard 2BR
9058,312,,1707 Wallace St,Completed,1978,Penta Co-op Housing Association,https://app.vancouver.ca/NonMarketHousing_NET/ProjectDetails.aspx?IndexNum=312,POINT (-123.18996814 49.27107928),West Point Grey,7,Design,Standard 2BR
9059,313,,1985 Wallace St,Completed,1975,BC Housing,https://app.vancouver.ca/NonMarketHousing_NET/ProjectDetails.aspx?IndexNum=313,POINT (-123.19139629 49.26946318),West Point Grey,1,Design,Standard 2BR
9061,322,,2390 Grandview Hwy S.,Completed,1994,New Chelsea Society,https://app.vancouver.ca/NonMarketHousing_NET/ProjectDetails.aspx?IndexNum=322,POINT (-123.05716498 49.2575755),Kensington-Cedar Cottage,19,Design,Standard 2BR
9062,325,,1774 E Kent Ave S,Completed,1995,Affordable Housing Societies,https://app.vancouver.ca/NonMarketHousing_NET/ProjectDetails.aspx?IndexNum=325,POINT (-123.06946548 49.20783398),Victoria-Fraserview,16,Design,Standard 2BR
9063,328,,5003 Boundary Rd,Completed,1996,Anita Lewis Co-op Housing Association,https://app.vancouver.ca/NonMarketHousing_NET/ProjectDetails.aspx?IndexNum=328,POINT (-123.02403574 49.23928138),Renfrew-Collingwood,13,Design,Standard 2BR
9064,329,,1810 E Georgia,Completed,1995,Mavis McMullen Housing Society,https://app.vancouver.ca/NonMarketHousing_NET/ProjectDetails.aspx?IndexNum=329,POINT (-123.06779536 49.27818046),Grandview-Woodland,21,Design,Standard 2BR
9069,340,,32 W Pender St,Completed,1998,CBA Housing Society,https://app.vancouver.ca/NonMarketHousing_NET/ProjectDetails.aspx?IndexNum=340,POINT (-123.10540501 49.28030099),Downtown,6,Design,Standard 2BR
9072,349,,1010 Pacific Blvd,Completed,1999,Red Door Housing Society,https://app.vancouver.ca/NonMarketHousing_NET/ProjectDetails.aspx?IndexNum=349,POINT (-123.1155317 49.27357694),Downtown,45,Design,Standard 2BR
9080,377,,2320 Franklin St,Completed,2001,Kiwassa Housing Society,https://app.vancouver.ca/NonMarketHousing_NET/ProjectDetails.aspx?IndexNum=377,POINT (-123.05727353 49.2818226),Grandview-Woodland,13,Design,Standard 2BR
9081,382,,65 W Cordova St,Completed,2002,Lore Krill Co-operative Housing Association,https://app.vancouver.ca/NonMarketHousing_NET/ProjectDetails.aspx?IndexNum=382,POINT (-123.10598488 49.28306444),Downtown,10,Design,Standard 2BR
9082,386,,239 E Georgia St,Completed,2002,Lore Krill Co-operative Housing Association,https://app.vancouver.ca/NonMarketHousing_NET/ProjectDetails.aspx?IndexNum=386,POINT (-123.09841302 49.27881639),Strathcona,23,Design,Standard 2BR
9087,403,,1109 Victoria Dr,Completed,1980,Vancouver East Co-op Housing Association,https://app.vancouver.ca/NonMarketHousing_NET/ProjectDetails.aspx?IndexNum=403,POINT (-123.06589423 49.27456138),Grandview-Woodland,5,Design,Standard 2BR
9089,408,,1030 Keefer St,Completed,1986,Affordable Housing Societies,https://app.vancouver.ca/NonMarketHousing_NET/ProjectDetails.aspx?IndexNum=408,POINT (-123.08169313 49.27888925),Strathcona,2,Design,Standard 2BR
9090,410,,1153 E Pender St,Completed,1986,Affordable Housing Societies,https://app.vancouver.ca/NonMarketHousing_NET/ProjectDetails.aspx?IndexNum=410,POINT (-123.08006139 49.28028632),Strathcona,2,Design,Standard 2BR
9091,412,,330 Union St,Completed,1986,Affordable Housing Societies,https://app.vancouver.ca/NonMarketHousing_NET/ProjectDetails.aspx?IndexNum=412,POINT (-123.09618694 49.27734832),Strathcona,2,Design,Standard 2BR
9093,423,,1139 Pendrell St,Completed,2002,Mole Hill Community Housing Society,https://app.vancouver.ca/NonMarketHousing_NET/ProjectDetails.aspx?IndexNum=423,POINT (-123.13087501 49.28194677),West End,1,Design,Standard 2BR
9096,438,,1107 Thurlow St,Completed,2003,Mole Hill Community Housing Society,https://app.vancouver.ca/NonMarketHousing_NET/ProjectDetails.aspx?IndexNum=438,POINT (-123.1299919 49.28143782),West End,3,Design,Standard 2BR
9097,442,,133 Powell St,Completed,1988,Four Sisters Co-op Housing Association,https://app.vancouver.ca/NonMarketHousing_NET/ProjectDetails.aspx?IndexNum=442,POINT (-123.10094244 49.28342665),Downtown,28,Design,Standard 2BR
9098,443,,1650 Haro St,Completed,1975,BC Housing,https://app.vancouver.ca/NonMarketHousing_NET/ProjectDetails.aspx?IndexNum=443,POINT (-123.13484649 49.28866855),West End,1,Design,Standard 2BR
9099,461,,1465 Lamey's Mill Rd,Completed,1981,Twin Rainbows Co-op Housing Association,https://app.vancouver.ca/NonMarketHousing_NET/ProjectDetails.aspx?IndexNum=461,POINT (-123.13673059 49.26848936),Fairview,13,Design,Standard 2BR
9100,464,,400 E Pender St,Completed,1982,Mau Dan Gardens Co-op Housing Association,https://app.vancouver.ca/NonMarketHousing_NET/ProjectDetails.aspx?IndexNum=464,POINT (-123.09467412 49.27999087),Strathcona,7,Design,Standard 2BR
9101,472,,3390 School Ave,Completed,1984,Chilean Co-op Housing Association,https://app.vancouver.ca/NonMarketHousing_NET/ProjectDetails.aspx?IndexNum=472,POINT (-123.03304017 49.23080241),Killarney,4,Design,Standard 2BR
9104,525,,120 W Cordova St,Completed,2010,Affordable Housing Societies,https://app.vancouver.ca/NonMarketHousing_NET/ProjectDetails.aspx?IndexNum=525,POINT (-123.10776216 49.28274231),Downtown,55,Design,Standard 2BR
9105,534,,2101 Southside Dr,Completed,1985,Affordable Housing Societies,https://app.vancouver.ca/NonMarketHousing_NET/ProjectDetails.aspx?IndexNum=534,POINT (-123.06383102 49.20857785),Victoria-Fraserview,28,Design,Standard 2BR
9106,542,,2203 Skenna St,Completed,1962,BC Housing,https://app.vancouver.ca/NonMarketHousing_NET/ProjectDetails.aspx?IndexNum=542,POINT (-123.02907422 49.26414271),Hastings-Sunrise,40,Design,Standard 2BR
9112,663,,5550 Yew St,Completed,2008,Brightside Community Homes Foundation,https://app.vancouver.ca/NonMarketHousing_NET/ProjectDetails.aspx?IndexNum=663,POINT (-123.15812808 49.23601141),Arbutus Ridge,1,Design,Standard 2BR
9118,689,,2465 Fraser St,Completed,2014,BC Indigenous Housing Society,https://app.vancouver.ca/NonMarketHousing_NET/ProjectDetails.aspx?IndexNum=689,POINT (-123.08970693 49.26277669),Mount Pleasant,4,Design,Standard 2BR
9119,691,,220 Princess Av,Completed,2015,Raincity Housing and Support Society,https://app.vancouver.ca/NonMarketHousing_NET/ProjectDetails.aspx?IndexNum=691,POINT (-123.09089702 49.2827536),Strathcona,10,Design,Standard 2BR
9127,735,,4899 Heather St,Completed,2015,Providence Health Care Society,https://app.vancouver.ca/NonMarketHousing_NET/ProjectDetails.aspx?IndexNum=735,POINT (-123.1220863 49.24202705),South Cambie,7,Design,Standard 2BR
9129,766,,2610 Victoria,Completed,2016,Immigrant Services Society of BC (ISSofBC),https://app.vancouver.ca/NonMarketHousing_NET/ProjectDetails.aspx?IndexNum=766,POINT (-123.06540833 49.26105906),Kensington-Cedar Cottage,6,Design,Standard 2BR
9130,771,,730 E Hastings St,Completed,2017,YWCA Vancouver,https://app.vancouver.ca/NonMarketHousing_NET/ProjectDetails.aspx?IndexNum=771,POINT (-123.0888949 49.28082218),Strathcona,10,Design,Standard 2BR
9131,772,,1105 Seymour St,Completed,2017,City of Vancouver,https://app.vancouver.ca/NonMarketHousing_NET/ProjectDetails.aspx?IndexNum=772,POINT (-123.12412411 49.27759099),Downtown,19,Design,Standard 2BR
9132,773,,3338 Sawmill Crescent,Completed,2025,M'akola Housing Society,https://app.vancouver.ca/NonMarketHousing_NET/ProjectDetails.aspx?IndexNum=773,POINT (-123.03388168 49.20633158),Killarney,54,Design,Standard 2BR
9133,776,,1106 Pendrell St,Completed,2018,CentralPC Housing Society,https://app.vancouver.ca/NonMarketHousing_NET/ProjectDetails.aspx?IndexNum=776,POINT (-123.13071805 49.28108568),West End,3,Design,Standard 2BR
9134,781,,2922 E Kent Ave S,Completed,2019,Community Land Trust Foundation of BC,https://app.vancouver.ca/NonMarketHousing_NET/ProjectDetails.aspx?IndexNum=781,POINT (-123.04688164 49.20585236),Killarney,35,Design,Standard 2BR
9135,783,,3090 E 54th Ave,Completed,2019,YWCA Vancouver,https://app.vancouver.ca/NonMarketHousing_NET/ProjectDetails.aspx?IndexNum=783,POINT (-123.04175081 49.21988385),Killarney,28,Design,Standard 2BR
9136,784,,4105 Artbutus St,Completed,2021,YWCA Vancouver,https://app.vancouver.ca/NonMarketHousing_NET/ProjectDetails.aspx?IndexNum=784,POINT (-123.15398114 49.24854039),Arbutus Ridge,28,Design,Standard 2BR
9137,785,,706 W 13th Ave,Under Construction,,Metro Vancouver Housing Corporation,,,Unknown,32,Design,Standard 2BR
9138,787,,1171 Jervis St,Completed,2018,BC Indigenous Housing Society,https://app.vancouver.ca/NonMarketHousing_NET/ProjectDetails.aspx?IndexNum=787,POINT (-123.13510209 49.2831831),West End,13,Design,Standard 2BR
9139,790,,420 Hawks Ave,Approved,,,,POINT (-123.08693581 49.28070574),Strathcona,14,Design,Standard 2BR
9141,795,,5155 Main St,Completed,2025,More Than A Roof Housing Society,https://app.vancouver.ca/NonMarketHousing_NET/ProjectDetails.aspx?IndexNum=795,POINT (-123.1020273 49.23848276),Riley Park,42,Design,Standard 2BR
9143,799,,1395 Davie St,Completed,2021,BC Indigenous Housing Society,https://app.vancouver.ca/NonMarketHousing_NET/ProjectDetails.aspx?IndexNum=799,POINT (-123.13567833 49.28367795),West End,26,Design,Standard 2BR
9144,801,,808 Nicola St,Completed,2024,City of Vancouver,https://app.vancouver.ca/NonMarketHousing_NET/ProjectDetails.aspx?IndexNum=801,POINT (-123.13082054 49.28809834),West End,20,Design,Standard 2BR
9146,808,,3245 Pierview Crescent,Completed,2021,Kinship Housing Co-operative,https://app.vancouver.ca/NonMarketHousing_NET/ProjectDetails.aspx?IndexNum=808,POINT (-123.03866101 49.20724891),Killarney,19,Design,Standard 2BR
9147,809,,3183 Pierview Crescent,Completed,2020,Kinship Housing Co-operative,https://app.vancouver.ca/NonMarketHousing_NET/ProjectDetails.aspx?IndexNum=809,POINT (-123.03975498 49.20767029),Killarney,44,Design,Standard 2BR
9148,810,,2200 - 2300 W 45th Ave,Approved,,Fair Haven Homes Society,,POINT (-123.15944769 49.23115707),Kerrisdale,6,Design,Standard 2BR
9150,829,,603 W 59th Ave,Completed,2022,S.U.C.C.E.S.S.,https://app.vancouver.ca/NonMarketHousing_NET/ProjectDetails.aspx?IndexNum=829,POINT (-123.11763069 49.21748457),Marpole,38,Design,Standard 2BR
9151,830,,947 E Hastings St,Completed,2018,Lookout Housing and Health Society,https://app.vancouver.ca/NonMarketHousing_NET/ProjectDetails.aspx?IndexNum=830,POINT (-123.08403266 49.28133997),Strathcona,17,Design,Standard 2BR
9152,832,,1636 Clark Dr,Under Construction,,S.U.C.C.E.S.S.,https://app.vancouver.ca/NonMarketHousing_NET/ProjectDetails.aspx?IndexNum=832,POINT (-123.07634909 49.26993257),Grandview-Woodland,34,Design,Standard 2BR
9153,833,,1040-1080 Barclay St,Approved,,,,POINT (-123.1268872 49.28278154),West End,29,Design,Standard 2BR
9158,863,,616 E Cordova St,Completed,2022,Union Gospel Mission,https://app.vancouver.ca/NonMarketHousing_NET/ProjectDetails.aspx?IndexNum=863,POINT (-123.09098604 49.2818717),Strathcona,12,Design,Standard 2BR
9159,864,,750 - 772 Pacific Blvd,Approved,,,,POINT (-123.10926942 49.27433899),Downtown,67,Design,Standard 2BR
9160,870,,2675 Alder St,Completed,2006,Brightside Community Homes Foundation,https://app.vancouver.ca/NonMarketHousing_NET/ProjectDetails.aspx?IndexNum=870,POINT (-123.13167191 49.2618478),Fairview,2,Design,Standard 2BR
9163,880,,733 W 14th Ave,Completed,2020,Metro Vancouver Housing Corporation,https://app.vancouver.ca/NonMarketHousing_NET/ProjectDetails.aspx?IndexNum=880,POINT (-123.12117113 49.25887258),Fairview,23,Design,Standard 2BR
9164,886,,8460 Ash St & 8495 Cambie St,Under Construction,,,,POINT (-123.11850904 49.20851404),Marpole,45,Design,Standard 2BR
9165,888,,150 E 36th Ave,Under Construction,,,,,Unknown,15,Design,Standard 2BR
9166,893,,480 Broughton St,Under Construction,,,,POINT (-123.12518254 49.29006102),Downtown,24,Design,Standard 2BR
9167,895,,8725 French St,Completed,2024,Brightside Community Homes Foundation,https://app.vancouver.ca/NonMarketHousing_NET/ProjectDetails.aspx?IndexNum=895,POINT (-123.13964152 49.20669703),Marpole,14,Design,Standard 2BR
9176,927,,8-36 West Cordova St,Proposed,,BC Indigenous Housing Society,,POINT (-123.1053223 49.28236754),Downtown,11,Design,Standard 2BR
9179,932,,95 SW Marine Dr,Completed,2022,New Chelsea Society,https://app.vancouver.ca/NonMarketHousing_NET/ProjectDetails.aspx?IndexNum=932,POINT (-123.10844101 49.21273011),Marpole,15,Design,Standard 2BR
9180,943,,1656 Adanac St,Under Construction,,Entre Nous Femmes Housing Society,https://app.vancouver.ca/NonMarketHousing_NET/ProjectDetails.aspx?IndexNum=943,POINT (-123.0715201 49.27732861),Grandview-Woodland,33,Design,Standard 2BR
9181,949,,528 Powell St,Under Construction,,Lookout Housing and Health Society,,POINT (-123.09249245 49.2828015),Strathcona,9,Design,Standard 2BR
9186,969,,8427-8482 Cambie St,Proposed,,,,POINT (-123.11770046 49.20908476),Marpole,22,Design,Standard 2BR
9188,985,,8820 Cartier St,Completed,2024,Lookout Housing and Health Society,https://app.vancouver.ca/NonMarketHousing_NET/ProjectDetails.aspx?IndexNum=985,POINT (-123.13735164 49.20557857),Marpole,5,Design,Standard 2BR
9194,2,,1590 W 1st Ave,Completed,1983,Marina Co-op Housing Association,https://app.vancouver.ca/NonMarketHousing_NET/ProjectDetails.aspx?IndexNum=2,POINT (-123.14070438 49.2708485),Fairview,34,Design,Standard 2BR
9195,3,,1675 Cypress St,Completed,1986,Inti Co-op Housing Association,https://app.vancouver.ca/NonMarketHousing_NET/ProjectDetails.aspx?IndexNum=3,POINT (-123.14820598 49.27095637),Kitsilano,4,Design,Standard 2BR
9196,5,,1714 Maple St,Completed,1977,Sam Greer Place Co-op Housing Association,https://app.vancouver.ca/NonMarketHousing_NET/ProjectDetails.aspx?IndexNum=5,POINT (-123.14995826 49.27046454),Kitsilano,7,Design,Standard 2BR
9199,14,,1580 E 3rd Ave,Completed,1985,Paloma Co-op Housing Association,https://app.vancouver.ca/NonMarketHousing_NET/ProjectDetails.aspx?IndexNum=14,POINT (-123.07135058 49.26754704),Grandview-Woodland,22,Design,Standard 2BR
9202,21,,1528 E 5th Ave,Completed,1987,Sunrise Co-op Housing Association,https://app.vancouver.ca/NonMarketHousing_NET/ProjectDetails.aspx?IndexNum=21,POINT (-123.07335792 49.26575239),Grandview-Woodland,16,Design,Standard 2BR
9203,22,,1556 E 5th Ave,Completed,1986,Rising Star Co-op Housing Association,https://app.vancouver.ca/NonMarketHousing_NET/ProjectDetails.aspx?IndexNum=22,POINT (-123.0721715 49.26574265),Grandview-Woodland,13,Design,Standard 2BR
9204,23,,1575 E 5th Ave,Completed,1986,BC Indigenous Housing Society,https://app.vancouver.ca/NonMarketHousing_NET/ProjectDetails.aspx?IndexNum=23,POINT (-123.07186116 49.26625345),Grandview-Woodland,21,Design,Standard 2BR
9205,29,,1865 E 10th Ave,Completed,1994,Burlington Heights Co-op Housing Assoc,https://app.vancouver.ca/NonMarketHousing_NET/ProjectDetails.aspx?IndexNum=29,POINT (-123.06687208 49.26161645),Kensington-Cedar Cottage,10,Design,Standard 2BR
9206,32,,600 E 6th Ave,Completed,1970,BC Housing,https://app.vancouver.ca/NonMarketHousing_NET/ProjectDetails.aspx?IndexNum=32,POINT (-123.09008792 49.2649808),Mount Pleasant,22,Design,Standard 2BR
9208,38,,960 W 6th Ave,Completed,1987,Charleston Terrace Co-op Housing Association,https://app.vancouver.ca/NonMarketHousing_NET/ProjectDetails.aspx?IndexNum=38,POINT (-123.12571992 49.26572477),Fairview,22,Design,Standard 2BR
9210,45,,1333 E 7th Ave,Completed,1985,BC Indigenous Housing Society,https://app.vancouver.ca/NonMarketHousing_NET/ProjectDetails.aspx?IndexNum=45,POINT (-123.07649546 49.26448248),Grandview-Woodland,12,Design,Standard 2BR
9212,50,,1219 E 8th Ave,Completed,1984,Lu'Ma Native Housing Society,https://app.vancouver.ca/NonMarketHousing_NET/ProjectDetails.aspx?IndexNum=50,POINT (-123.07898388 49.26358712),Mount Pleasant,14,Design,Standard 2BR
9213,54,,717 W 8th Ave,Completed,1986,Heritage Co-op Housing Association,https://app.vancouver.ca/NonMarketHousing_NET/ProjectDetails.aspx?IndexNum=54,POINT (-123.12042184 49.26446677),Fairview,9,Design,Standard 2BR
9214,60,,12 W 10th Ave,Completed,1981,View Court Co-op Housing Association,https://app.vancouver.ca/NonMarketHousing_NET/ProjectDetails.aspx?IndexNum=60,POINT (-123.10540528 49.26184174),Mount Pleasant,2,Design,Standard 2BR
9215,63,,2060 W 10th Ave,Completed,1990,Vancouver Resource Society for the Physically Disabled,https://app.vancouver.ca/NonMarketHousing_NET/ProjectDetails.aspx?IndexNum=63,POINT (-123.15208112 49.26268769),Kitsilano,4,Design,Standard 2BR
9219,74,,2950 Heather St,Completed,1986,Domego Co-op Housing Association,https://app.vancouver.ca/NonMarketHousing_NET/ProjectDetails.aspx?IndexNum=74,POINT (-123.11952103 49.25905197),Fairview,23,Design,Standard 2BR
9220,75,,234 E 15th Ave,Completed,1986,Robson Park Co-op Housing Association,https://app.vancouver.ca/NonMarketHousing_NET/ProjectDetails.aspx?IndexNum=75,POINT (-123.09989042 49.26616758),Mount Pleasant,8,Design,Standard 2BR
9221,78,,1411 E 17th Ave,Completed,1984,Metro Vancouver Housing Corporation,https://app.vancouver.ca/NonMarketHousing_NET/ProjectDetails.aspx?IndexNum=78,POINT (-123.07540882 49.25571018),Kensington-Cedar Cottage,14,Design,Standard 2BR
9223,87,,449 E 44th Ave,Completed,1986,Griffin's Walk Co-op Housing Association,https://app.vancouver.ca/NonMarketHousing_NET/ProjectDetails.aspx?IndexNum=87,POINT (-123.09528457 49.23042163),Sunset,13,Design,Standard 2BR
9224,88,,625 W 45th Ave,Completed,1985,Chishaun Housing Society,https://app.vancouver.ca/NonMarketHousing_NET/ProjectDetails.aspx?IndexNum=88,POINT (-123.11886021 49.23018016),Oakridge,1,Design,Standard 2BR
9225,89,,7100 Killarney St,Completed,1989,Killarney Gardens Co-op Housing Association,https://app.vancouver.ca/NonMarketHousing_NET/ProjectDetails.aspx?IndexNum=89,POINT (-123.04367102 49.21915358),Killarney,112,Design,Standard 2BR
9226,90,,3217 E 58th Ave,Completed,1973,BC Housing,https://app.vancouver.ca/NonMarketHousing_NET/ProjectDetails.aspx?IndexNum=90,POINT (-123.03649042 49.21763425),Killarney,32,Design,Standard 2BR
9228,110,,1047 Barclay St,Completed,1985,Amicae Co-op Housing Association,https://app.vancouver.ca/NonMarketHousing_NET/ProjectDetails.aspx?IndexNum=110,POINT (-123.12576855 49.28281722),West End,14,Design,Standard 2BR
9230,114,,7155 Blake St,Completed,1975,Kanata Co-op Housing Association,https://app.vancouver.ca/NonMarketHousing_NET/ProjectDetails.aspx?IndexNum=114,POINT (-123.03056313 49.21811899),Killarney,52,Design,Standard 2BR
9234,139,,1528 Comox St,Completed,1977,BC Housing,https://app.vancouver.ca/NonMarketHousing_NET/ProjectDetails.aspx?IndexNum=139,POINT (-123.13615031 49.28597748),West End,20,Design,Standard 2BR
9238,150,,2310 Cornwall Ave,Completed,1982,Melton Court Co-op Housing Association,https://app.vancouver.ca/NonMarketHousing_NET/ProjectDetails.aspx?IndexNum=150,POINT (-123.15780793 49.2723574),Kitsilano,5,Design,Standard 2BR
9239,163,,3520 Euclid Ave,Completed,1979,Metro Vancouver Housing Corporation,https://app.vancouver.ca/NonMarketHousing_NET/ProjectDetails.aspx?IndexNum=163,POINT (-123.02988574 49.2344612),Renfrew-Collingwood,12,Design,Standard 2BR
9241,171,,1856 E Georgia St,Completed,1987,BC Indigenous Housing Society,https://app.vancouver.ca/NonMarketHousing_NET/ProjectDetails.aspx?IndexNum=171,POINT (-123.0664843 49.27815551),Grandview-Woodland,12,Design,Standard 2BR
9242,176,,2775 Cooperative Way,Completed,1992,Kaslo Gardens Co-op Housing Association,https://app.vancouver.ca/NonMarketHousing_NET/ProjectDetails.aspx?IndexNum=176,POINT (-123.04775452 49.25738833),Renfrew-Collingwood,23,Design,Standard 2BR
9243,177,,2730 Cooperative Way,Completed,1992,Still Creek Co-op Housing Association,https://app.vancouver.ca/NonMarketHousing_NET/ProjectDetails.aspx?IndexNum=177,POINT (-123.04889439 49.25732576),Renfrew-Collingwood,20,Design,Standard 2BR
9245,183,,1550 Woodland Dr,Completed,1986,Sitka Co-op Housing Association,https://app.vancouver.ca/NonMarketHousing_NET/ProjectDetails.aspx?IndexNum=183,POINT (-123.07305553 49.27078715),Grandview-Woodland,11,Design,Standard 2BR
9246,184,,1339 Graveley St,Completed,1988,BC Indigenous Housing Society,https://app.vancouver.ca/NonMarketHousing_NET/ProjectDetails.aspx?IndexNum=184,POINT (-123.07637895 49.27082772),Grandview-Woodland,9,Design,Standard 2BR
9249,201,,8828 Hudson St,Completed,1988,Eburne Landing Co-op Housing Association,https://app.vancouver.ca/NonMarketHousing_NET/ProjectDetails.aspx?IndexNum=201,POINT (-123.13433186 49.20534612),Marpole,8,Design,Standard 2BR
9250,206,,705 Jackson Ave,Completed,1965,BC Housing,https://app.vancouver.ca/NonMarketHousing_NET/ProjectDetails.aspx?IndexNum=206,POINT (-123.09530078 49.27849526),Strathcona,18,Design,Standard 2BR
9253,217,,6100 Inverness St,Completed,1969,BC Housing,https://app.vancouver.ca/NonMarketHousing_NET/ProjectDetails.aspx?IndexNum=217,POINT (-123.07858498 49.22835508),Sunset,48,Design,Standard 2BR
9254,220,,1483 Lamey's Mill Rd,Completed,1985,Creekview Co-op Housing Association,https://app.vancouver.ca/NonMarketHousing_NET/ProjectDetails.aspx?IndexNum=220,POINT (-123.1370449 49.26932061),Fairview,38,Design,Standard 2BR
9256,224,,1189 Main St,Completed,1992,Affordable Housing Societies,https://app.vancouver.ca/NonMarketHousing_NET/ProjectDetails.aspx?IndexNum=224,POINT (-123.10049338 49.27408446),Downtown,21,Design,Standard 2BR
9257,225,,1129 Main St,Completed,1992,Affordable Housing Societies,https://app.vancouver.ca/NonMarketHousing_NET/ProjectDetails.aspx?IndexNum=225,POINT (-123.10047839 49.27455606),Downtown,14,Design,Standard 2BR
9258,228,,2680 Blanche St,Completed,1992,Red Door Housing Society,https://app.vancouver.ca/NonMarketHousing_NET/ProjectDetails.aspx?IndexNum=228,POINT (-123.05288401 49.20659423),Killarney,22,Design,Standard 2BR
9261,236,,3410 McIntyre Dr,Completed,1984,Arlington Grove Co-op Housing Association,https://app.vancouver.ca/NonMarketHousing_NET/ProjectDetails.aspx?IndexNum=236,POINT (-123.0314457 49.21961153),Killarney,26,Design,Standard 2BR
9264,240,,711 Millyard,Completed,1977,False Creek Co-op Housing Association,https://app.vancouver.ca/NonMarketHousing_NET/ProjectDetails.aspx?IndexNum=240,POINT (-123.12174954 49.26694875),Fairview,29,Design,Standard 2BR
9265,241,,16 Nanaimo St,Completed,1987,Affordable Housing Societies,https://app.vancouver.ca/NonMarketHousing_NET/ProjectDetails.aspx?IndexNum=241,POINT (-123.05609131 49.28423783),Hastings-Sunrise,9,Design,Standard 2BR
9266,242,,76 N Nanaimo St,Completed,1987,Affordable Housing Societies,https://app.vancouver.ca/NonMarketHousing_NET/ProjectDetails.aspx?IndexNum=242,POINT (-123.0560918 49.28535684),Hastings-Sunrise,14,Design,Standard 2BR
9269,248,,1763 Nelson St,Completed,1983,Sojourn Co-op Housing Association,https://app.vancouver.ca/NonMarketHousing_NET/ProjectDetails.aspx?IndexNum=248,POINT (-123.1377026 49.28912892),West End,13,Design,Standard 2BR
9271,251,,1110 Odlum Dr,Completed,1983,Tidal Flats Co-op Housing Association,https://app.vancouver.ca/NonMarketHousing_NET/ProjectDetails.aspx?IndexNum=251,POINT (-123.07546996 49.27463356),Grandview-Woodland,10,Design,Standard 2BR
9272,253,,128 N Nanaimo St,Completed,1992,Kiwassa Housing Society,https://app.vancouver.ca/NonMarketHousing_NET/ProjectDetails.aspx?IndexNum=253,POINT (-123.0558684 49.28599067),Hastings-Sunrise,14,Design,Standard 2BR
9273,257,,350 E Pender St,Completed,1982,Mau Dan Gardens Co-op Housing Association,https://app.vancouver.ca/NonMarketHousing_NET/ProjectDetails.aspx?IndexNum=257,POINT (-123.0957684 49.27984549),Strathcona,15,Design,Standard 2BR
9275,259,,853 E Pender St,Completed,1982,Rose Garden Co-op Housing Association,https://app.vancouver.ca/NonMarketHousing_NET/ProjectDetails.aspx?IndexNum=259,POINT (-123.0858665 49.28037655),Strathcona,1,Design,Standard 2BR
9277,279,,1725 E Pender St,Completed,1994,BC Indigenous Housing Society,https://app.vancouver.ca/NonMarketHousing_NET/ProjectDetails.aspx?IndexNum=279,POINT (-123.06970069 49.28053613),Grandview-Woodland,6,Design,Standard 2BR
9278,283,,7349 Rebekah Dr,Completed,1984,Affordable Housing Societies,https://app.vancouver.ca/NonMarketHousing_NET/ProjectDetails.aspx?IndexNum=283,POINT (-123.03881384 49.2177027),Killarney,28,Design,Standard 2BR
9280,292,,100 Semlin Dr,Completed,1977,Metro Vancouver Housing Corporation,https://app.vancouver.ca/NonMarketHousing_NET/ProjectDetails.aspx?IndexNum=292,POINT (-123.06334994 49.28365654),Grandview-Woodland,6,Design,Standard 2BR
9281,296,,1873 Spyglass Place,Completed,1984,Metro Vancouver Housing Corporation,https://app.vancouver.ca/NonMarketHousing_NET/ProjectDetails.aspx?IndexNum=296,POINT (-123.11579149 49.26864189),Fairview,70,Design,Standard 2BR
9282,299,,225 N Templeton Dr,Completed,1984,Lu'Ma Native Housing Society,https://app.vancouver.ca/NonMarketHousing_NET/ProjectDetails.aspx?IndexNum=299,POINT (-123.0600295 49.28712107),Grandview-Woodland,15,Design,Standard 2BR
9283,305,,730 Union St,Completed,1975,Strathcona Co-op Housing Association,https://app.vancouver.ca/NonMarketHousing_NET/ProjectDetails.aspx?IndexNum=305,POINT (-123.08921553 49.27720434),Strathcona,3,Design,Standard 2BR
9286,323,,238 Davie St,Completed,1993,Brightside Community Homes Foundation,https://app.vancouver.ca/NonMarketHousing_NET/ProjectDetails.aspx?IndexNum=323,POINT (-123.12370772 49.27375636),Downtown,12,Design,Standard 2BR
9288,338,,2260 W 10th Ave,Completed,1999,Arbutus Co-op Housing Association,https://app.vancouver.ca/NonMarketHousing_NET/ProjectDetails.aspx?IndexNum=338,POINT (-123.15663359 49.26266126),Kitsilano,18,Design,Standard 2BR
9289,345,,671 W 8th Ave,Completed,1998,Affordable Housing Societies,https://app.vancouver.ca/NonMarketHousing_NET/ProjectDetails.aspx?IndexNum=345,POINT (-123.11938593 49.26443301),Fairview,9,Design,Standard 2BR
9290,348,,2588 Nanaimo St,Completed,1998,Brightside Community Homes Foundation,https://app.vancouver.ca/NonMarketHousing_NET/ProjectDetails.aspx?IndexNum=348,POINT (-123.0561524 49.26134544),Renfrew-Collingwood,22,Design,Standard 2BR
9294,359,,837 E 52nd Ave,Completed,1996,New Chelsea Society,https://app.vancouver.ca/NonMarketHousing_NET/ProjectDetails.aspx?IndexNum=359,POINT (-123.08708207 49.22289499),Sunset,25,Design,Standard 2BR
9295,364,,1640 Graveley St,Completed,1998,Lu'Ma Native Housing Society,https://app.vancouver.ca/NonMarketHousing_NET/ProjectDetails.aspx?IndexNum=364,POINT (-123.07051679 49.27026481),Grandview-Woodland,10,Design,Standard 2BR
9298,371,,1600 E 8th Ave,Completed,1998,Kettle Society,https://app.vancouver.ca/NonMarketHousing_NET/ProjectDetails.aspx?IndexNum=371,POINT (-123.0716834 49.26302735),Grandview-Woodland,2,Design,Standard 2BR
9301,380,,201 Alvin Narod Mews,Completed,2001,Affordable Housing Societies,https://app.vancouver.ca/NonMarketHousing_NET/ProjectDetails.aspx?IndexNum=380,POINT (-123.12004247 49.27489914),Downtown,31,Design,Standard 2BR
9303,394,,188 Milross Ave,Completed,2002,City Gate Co-op Hsg Asoc.,https://app.vancouver.ca/NonMarketHousing_NET/ProjectDetails.aspx?IndexNum=394,POINT (-123.10039806 49.27563582),Downtown,53,Design,Standard 2BR
9304,400,,1254 E 8th Ave,Completed,2004,Lu'Ma Native Housing Society,https://app.vancouver.ca/NonMarketHousing_NET/ProjectDetails.aspx?IndexNum=400,POINT (-123.07803227 49.2630781),Mount Pleasant,4,Design,Standard 2BR
9307,411,,761 Prior St,Completed,1986,Affordable Housing Societies,https://app.vancouver.ca/NonMarketHousing_NET/ProjectDetails.aspx?IndexNum=411,POINT (-123.0883026 49.27681412),Strathcona,2,Design,Standard 2BR
9308,417,,1122 Comox St,Completed,2001,Mole Hill Community Housing Society,https://app.vancouver.ca/NonMarketHousing_NET/ProjectDetails.aspx?IndexNum=417,POINT (-123.12999955 49.28201171),West End,2,Design,Standard 2BR
9310,422,,1137 Pendrell St,Completed,2002,Mole Hill Community Housing Society,https://app.vancouver.ca/NonMarketHousing_NET/ProjectDetails.aspx?IndexNum=422,POINT (-123.1306738 49.28181043),West End,1,Design,Standard 2BR
9311,424,,1154 Comox St,Completed,2003,Mole Hill Community Housing Society,https://app.vancouver.ca/NonMarketHousing_NET/ProjectDetails.aspx?IndexNum=424,POINT (-123.13068653 49.2824566),West End,5,Design,Standard 2BR
9312,425,,1160 Comox St,Completed,2003,Mole Hill Community Housing Society,https://app.vancouver.ca/NonMarketHousing_NET/ProjectDetails.aspx?IndexNum=425,POINT (-123.1307847 49.2825202),West End,1,Design,Standard 2BR
9313,426,,1164 Comox St,Completed,2002,Mole Hill Community Housing Society,https://app.vancouver.ca/NonMarketHousing_NET/ProjectDetails.aspx?IndexNum=426,POINT (-123.13093281 49.28261614),West End,1,Design,Standard 2BR
9314,427,,1170 Comox St,Completed,2003,Mole Hill Community Housing Society,https://app.vancouver.ca/NonMarketHousing_NET/ProjectDetails.aspx?IndexNum=427,POINT (-123.13108016 49.2827116),West End,1,Design,Standard 2BR
9315,434,,1157 Pendrell St,Completed,2003,Mole Hill Community Housing Society,https://app.vancouver.ca/NonMarketHousing_NET/ProjectDetails.aspx?IndexNum=434,POINT (-123.1311698 49.28213766),West End,1,Design,Standard 2BR
9317,478,,200 Semlin Dr,Completed,1977,Metro Vancouver Housing Corporation,https://app.vancouver.ca/NonMarketHousing_NET/ProjectDetails.aspx?IndexNum=478,POINT (-123.06336388 49.2827525),Grandview-Woodland,6,Design,Standard 2BR
9320,492,,2864 E 5th Ave,Completed,1983,Access Co-op Housing Association,https://app.vancouver.ca/NonMarketHousing_NET/ProjectDetails.aspx?IndexNum=492,POINT (-123.04557776 49.26540171),Hastings-Sunrise,3,Design,Standard 2BR
9326,634,,2980 Nanaimo,Completed,2012,Lu'Ma Native Housing Society,https://app.vancouver.ca/NonMarketHousing_NET/ProjectDetails.aspx?IndexNum=634,POINT (-123.05614045 49.25719768),Renfrew-Collingwood,5,Design,Standard 2BR
9329,649,,151 W. 1st Ave.,Completed,2010,Co-operative Housing Federation of BC,https://app.vancouver.ca/NonMarketHousing_NET/ProjectDetails.aspx?IndexNum=649,POINT (-123.10861889 49.27064319),Mount Pleasant,60,Design,Standard 2BR
9331,692,,1436 West 71st Avenue,Completed,2008,Tikva Housing Society,https://app.vancouver.ca/NonMarketHousing_NET/ProjectDetails.aspx?IndexNum=692,POINT (-123.13817325 49.20677619),Marpole,1,Design,Standard 2BR
9332,705,,2304 W 8th Av,Completed,2012,Kitsilano Neighbourhood House,https://app.vancouver.ca/NonMarketHousing_NET/ProjectDetails.aspx?IndexNum=705,POINT (-123.15800935 49.26456261),Kitsilano,1,Design,Standard 2BR
9333,708,,618 Commercial Dr,Completed,2010,Coast Mental Health,https://app.vancouver.ca/NonMarketHousing_NET/ProjectDetails.aspx?IndexNum=708,POINT (-123.0701159 49.27910862),Grandview-Woodland,2,Design,Standard 2BR
9342,791,,1495 W 8th Ave,Completed,2021,Vancouver Masonic Centre,https://app.vancouver.ca/NonMarketHousing_NET/ProjectDetails.aspx?IndexNum=791,POINT (-123.13751409 49.26497349),Fairview,34,Design,Standard 2BR
9344,798,,5688 Ash St,Completed,2019,Oakridge Lutheran Church Housing Society,https://app.vancouver.ca/NonMarketHousing_NET/ProjectDetails.aspx?IndexNum=798,POINT (-123.11760049 49.23385582),South Cambie,16,Design,Standard 2BR
9345,800,,500-650 W 57th Ave,Approved,,,,POINT (-123.11780837 49.21835764),Marpole,54,Design,Standard 2BR
9346,802,,124 Dunlevy Ave,Completed,2021,City of Vancouver,https://app.vancouver.ca/NonMarketHousing_NET/ProjectDetails.aspx?IndexNum=802,POINT (-123.0948261 49.28373962),Strathcona,19,Design,Standard 2BR
9347,811,,401 Jackson Ave,Under Construction,,Aboriginal Land Trust Society,https://app.vancouver.ca/NonMarketHousing_NET/ProjectDetails.aspx?IndexNum=811,,Unknown,27,Design,Standard 2BR
9348,814,,177 W Pender St,Under Construction,,Community Land Trust Foundation of BC,,POINT (-123.10920892 49.28166995),Downtown,6,Design,Standard 2BR
9349,815,,75 SW Marine Dr,Completed,2022,New Chelsea Society,https://app.vancouver.ca/NonMarketHousing_NET/ProjectDetails.aspx?IndexNum=815,POINT (-123.10773385 49.21271041),Marpole,19,Design,Standard 2BR
9351,831,,650 W 41st Ave,Under Construction,,Sanford Housing Society,,,Unknown,48,Design,Standard 2BR
9353,849,,625-777 Pacific St,Approved,,More Than A Roof Housing Society,,POINT (-123.12818293 49.27489867),Downtown,58,Design,Standard 2BR
9354,852,,1190 Burrard St,Under Construction,,McLaren Housing Society of BC,,,Unknown,44,Design,Standard 2BR
9356,857,,5250 Ash St,Approved,,,,POINT (-123.1173014 49.2376526),South Cambie,27,Design,Standard 2BR
9357,859,,3279 - 3297 Vanness Ave,Under Construction,,,,,Unknown,26,Design,Standard 2BR
9358,862,,3819 Boundary Rd,Completed,2021,Lu'Ma Native Housing Society,https://app.vancouver.ca/NonMarketHousing_NET/ProjectDetails.aspx?IndexNum=862,POINT (-123.02424893 49.25040035),Renfrew-Collingwood,6,Design,Standard 2BR
9359,866,,3625 Sawmill Crescent,Completed,2021,Catalyst Community Developments Society,https://app.vancouver.ca/NonMarketHousing_NET/ProjectDetails.aspx?IndexNum=866,POINT (-123.02444018 49.20668835),Killarney,42,Design,Standard 2BR
9360,869,,1102 - 1138 E Georgia St,Completed,2024,Anhart Community Housing Society,https://app.vancouver.ca/NonMarketHousing_NET/ProjectDetails.aspx?IndexNum=869,POINT (-123.08077596 49.27797526),Strathcona,5,Design,Standard 2BR
9362,883,,1001 Kingsway,Proposed,,,,POINT (-123.08348134 49.25412044),Kensington-Cedar Cottage,9,Design,Standard 2BR
9363,889,,1885 E Pender St,Proposed,,,,POINT (-123.06602928 49.28048558),Grandview-Woodland,17,Design,Standard 2BR
9364,890,,4949-5255 Heather St & 657 W 37th Ave,Approved,,,,POINT (-123.12185811 49.24025538),South Cambie,162,Design,Standard 2BR
9365,891,,546 W 13th Ave,Under Construction,,Soroptimist Club of Vancouver,,,Unknown,34,Design,Standard 2BR
9366,894,,2929 Commercial Dr,Approved,,,,POINT (-123.07023083 49.25839773),Kensington-Cedar Cottage,6,Design,Standard 2BR
9367,896,,1317 Richard St & 508 Drake St,Under Construction,,,,POINT (-123.12635099 49.27484364),Downtown,10,Design,Standard 2BR
9368,898,,2924 Venables St,Under Construction,,Brightside Community Homes Foundation,https://app.vancouver.ca/NonMarketHousing_NET/ProjectDetails.aspx?IndexNum=898,,Unknown,12,Design,Standard 2BR
9369,901,,4902 James St,Under Construction,,BC Housing,https://app.vancouver.ca/NonMarketHousing_NET/ProjectDetails.aspx?IndexNum=901,,Unknown,30,Design,Standard 2BR
9372,920,,1210 Seymour St,Under Construction,,,https://app.vancouver.ca/NonMarketHousing_NET/ProjectDetails.aspx?IndexNum=920,POINT (-123.125212 49.27614383),Downtown,12,Design,Standard 2BR
9373,935,,949 W 41st Ave and 5469-5507 Willow St,Approved,,,,POINT (-123.12472797 49.23414343),South Cambie,99,Design,Standard 2BR
9374,937,,1810 Alberni St / 1818 Alberni,Under Construction,,,https://app.vancouver.ca/NonMarketHousing_NET/ProjectDetails.aspx?IndexNum=937,,Unknown,5,Design,Standard 2BR
9376,945,,774 W 13th Ave,Approved,,Metro Vancouver Housing Corporation,,,Unknown,79,Design,Standard 2BR
9377,947,,52-92 E Hastings St,Under Construction,,Lu'Ma Native Housing Society,,POINT (-123.10272097 49.28108972),Downtown,25,Design,Standard 2BR
9381,971,,1111 Broughton St,Proposed,,,,POINT (-123.13509264 49.28476615),West End,44,Design,Standard 2BR
9382,984,,388 Slocan,Completed,2024,YWCA Vancouver,https://app.vancouver.ca/NonMarketHousing_NET/ProjectDetails.aspx?IndexNum=984,POINT (-123.04884634 49.28142299),Hastings-Sunrise,23,Design,Standard 2BR
9383,988,,8559 Jack Uppal St,Completed,2025,Sawmill Co-op,https://app.vancouver.ca/NonMarketHousing_NET/ProjectDetails.aspx?IndexNum=988,POINT (-123.03388168 49.20633158),Killarney,3,Design,Standard 2BR
9387,12,,3859 W 2nd Ave,Completed,1980,Metro Vancouver Housing Corporation,https://app.vancouver.ca/NonMarketHousing_NET/ProjectDetails.aspx?IndexNum=12,POINT (-123.19038711 49.27045566),West Point Grey,4,Design,Standard 2BR
9389,17,,1534 E 4th Ave,Completed,1988,Entre Nous Femmes Housing Society,https://app.vancouver.ca/NonMarketHousing_NET/ProjectDetails.aspx?IndexNum=17,POINT (-123.07288057 49.266645),Grandview-Woodland,13,Design,Standard 2BR
9391,27,,5709 Wales St,Completed,1994,Brightside Community Homes Foundation,https://app.vancouver.ca/NonMarketHousing_NET/ProjectDetails.aspx?IndexNum=27,POINT (-123.05213397 49.23246527),Victoria-Fraserview,10,Design,Standard 2BR
9395,37,,730 W 6th Ave,Completed,1992,Stan Stronge Noble House Co-op Housing Association,https://app.vancouver.ca/NonMarketHousing_NET/ProjectDetails.aspx?IndexNum=37,POINT (-123.12056203 49.26564344),Fairview,6,Design,Standard 2BR
9396,41,,775 E 7th Ave,Completed,1984,Jasmine Place Co-op Housing Association,https://app.vancouver.ca/NonMarketHousing_NET/ProjectDetails.aspx?IndexNum=41,POINT (-123.08761087 49.2645604),Mount Pleasant,10,Design,Standard 2BR
9397,43,,430 Dunlevy Ave,Completed,1993,Chinese United Church,https://app.vancouver.ca/NonMarketHousing_NET/ProjectDetails.aspx?IndexNum=43,POINT (-123.09501291 49.28055897),Strathcona,12,Design,Standard 2BR
9399,52,,1330 E 8th Ave,Completed,1985,BC Indigenous Housing Society,https://app.vancouver.ca/NonMarketHousing_NET/ProjectDetails.aspx?IndexNum=52,POINT (-123.07666847 49.263058),Grandview-Woodland,23,Design,Standard 2BR
9400,55,,2053 W 8th Ave,Completed,1986,Maple Creek Co-op Housing Association,https://app.vancouver.ca/NonMarketHousing_NET/ProjectDetails.aspx?IndexNum=55,POINT (-123.15173449 49.26495895),Kitsilano,16,Design,Standard 2BR
9403,65,,1823 E 11th Ave,Completed,1990,Victoria Gardens Co-op Housing Assoc,https://app.vancouver.ca/NonMarketHousing_NET/ProjectDetails.aspx?IndexNum=65,POINT (-123.06745152 49.26070528),Kensington-Cedar Cottage,14,Design,Standard 2BR
9404,68,,2075 E 12th Ave,Completed,1983,Lakewood Terrace Co-op Housing Assoc,https://app.vancouver.ca/NonMarketHousing_NET/ProjectDetails.aspx?IndexNum=68,POINT (-123.06277581 49.25992897),Kensington-Cedar Cottage,18,Design,Standard 2BR
9405,72,,2204 W 13th Ave,Completed,1982,Yew Street Co-op Housing Association,https://app.vancouver.ca/NonMarketHousing_NET/ProjectDetails.aspx?IndexNum=72,POINT (-123.16658529 49.26018775),Kitsilano,3,Design,Standard 2BR
9406,77,,859 W 16th Ave,Completed,1988,Societe d'Habitation La Verendrye,https://app.vancouver.ca/NonMarketHousing_NET/ProjectDetails.aspx?IndexNum=77,POINT (-123.12320747 49.25730073),Fairview,19,Design,Standard 2BR
9408,83,,250 E 36th Ave,Completed,1988,Little Mountain Care & Housing Association,https://app.vancouver.ca/NonMarketHousing_NET/ProjectDetails.aspx?IndexNum=83,POINT (-123.10086016 49.23766925),Riley Park,10,Design,Standard 2BR
9409,85,,404 E 43rd Ave,Completed,1986,Crossroads Co-op Housing Association,https://app.vancouver.ca/NonMarketHousing_NET/ProjectDetails.aspx?IndexNum=85,POINT (-123.09676819 49.23083693),Sunset,12,Design,Standard 2BR
9410,92,,1516 W 71st Ave,Completed,1988,Rishon Co-op Housing Association,https://app.vancouver.ca/NonMarketHousing_NET/ProjectDetails.aspx?IndexNum=92,POINT (-123.14150123 49.20682197),Marpole,7,Design,Standard 2BR
9411,93,,1599 W 71st Ave,Completed,1984,Marine Court Co-op Housing Association,https://app.vancouver.ca/NonMarketHousing_NET/ProjectDetails.aspx?IndexNum=93,POINT (-123.14347965 49.20760295),Marpole,34,Design,Standard 2BR
9413,97,,3501 Naples Way,Completed,1982,Metro Vancouver Housing Corporation,https://app.vancouver.ca/NonMarketHousing_NET/ProjectDetails.aspx?IndexNum=97,POINT (-123.02876322 49.20853311),Killarney,46,Design,Standard 2BR
9415,102,,638 Alexander St,Completed,1985,Alexander Street Co-operative Housing Association,https://app.vancouver.ca/NonMarketHousing_NET/ProjectDetails.aspx?IndexNum=102,POINT (-123.09046001 49.28366031),Strathcona,5,Design,Standard 2BR
9417,113,,3401 E 43rd Ave,Completed,1986,Pacific Park Place Co-op Housing Association,https://app.vancouver.ca/NonMarketHousing_NET/ProjectDetails.aspx?IndexNum=113,POINT (-123.03003447 49.23126023),Killarney,8,Design,Standard 2BR
9419,119,,2616 W Broadway,Completed,1984,Kitsilano Terrace Co-op Housing Association,https://app.vancouver.ca/NonMarketHousing_NET/ProjectDetails.aspx?IndexNum=119,POINT (-123.16523828 49.26376668),Kitsilano,8,Design,Standard 2BR
9422,127,,3637 Cambie St,Completed,1982,Eight Oaks Co-op Housing Association,https://app.vancouver.ca/NonMarketHousing_NET/ProjectDetails.aspx?IndexNum=127,POINT (-123.11584604 49.25295523),South Cambie,25,Design,Standard 2BR
9423,131,,950 Cassiar St,Completed,1978,Adanac Village Co-op Housing Association,https://app.vancouver.ca/NonMarketHousing_NET/ProjectDetails.aspx?IndexNum=131,POINT (-123.02811463 49.2763955),Hastings-Sunrise,56,Design,Standard 2BR
9424,135,,1555 Charles St,Completed,1987,Charles Square Co-op Housing Association,https://app.vancouver.ca/NonMarketHousing_NET/ProjectDetails.aspx?IndexNum=135,POINT (-123.07198632 49.27333302),Grandview-Woodland,8,Design,Standard 2BR
9426,138,,527 Commodore Rd,Completed,1984,Connaught Co-op Housing Association,https://app.vancouver.ca/NonMarketHousing_NET/ProjectDetails.aspx?IndexNum=138,POINT (-123.11596251 49.26801477),Fairview,63,Design,Standard 2BR
9429,152,,8001 Curate Wynd,Completed,1983,Kinross Creek Co-op Housing Association,https://app.vancouver.ca/NonMarketHousing_NET/ProjectDetails.aspx?IndexNum=152,POINT (-123.02878208 49.21247171),Killarney,26,Design,Standard 2BR
9430,153,,2425 Cypress St,Completed,1976,BC Housing,https://app.vancouver.ca/NonMarketHousing_NET/ProjectDetails.aspx?IndexNum=153,POINT (-123.14845684 49.26444467),Kitsilano,29,Design,Standard 2BR
9431,162,,3274 Findlay St,Completed,1988,Trout Lake Co-op Housing Association,https://app.vancouver.ca/NonMarketHousing_NET/ProjectDetails.aspx?IndexNum=162,POINT (-123.06738984 49.25527408),Kensington-Cedar Cottage,24,Design,Standard 2BR
9432,166,,2250 Fraser St,Completed,1984,Emma G. Co-op Housing Association,https://app.vancouver.ca/NonMarketHousing_NET/ProjectDetails.aspx?IndexNum=166,POINT (-123.08876201 49.26456896),Mount Pleasant,8,Design,Standard 2BR
9434,169,,1529 W 71st Ave,Completed,1985,David Wetherow Co-op Housing Association,https://app.vancouver.ca/NonMarketHousing_NET/ProjectDetails.aspx?IndexNum=169,POINT (-123.14167259 49.20734942),Marpole,6,Design,Standard 2BR
9435,170,,1750 E Georgia St,Completed,1985,Lu'Ma Native Housing Society,https://app.vancouver.ca/NonMarketHousing_NET/ProjectDetails.aspx?IndexNum=170,POINT (-123.06934118 49.27818934),Grandview-Woodland,2,Design,Standard 2BR
9436,173,,8450 Portside Dr,Completed,1988,Riverside Landing Co-op Housing Association,https://app.vancouver.ca/NonMarketHousing_NET/ProjectDetails.aspx?IndexNum=173,POINT (-123.06053178 49.2067025),Victoria-Fraserview,12,Design,Standard 2BR
9438,179,,1750 Grant St,Completed,1981,Vancouver East Co-op Housing Association,https://app.vancouver.ca/NonMarketHousing_NET/ProjectDetails.aspx?IndexNum=179,POINT (-123.06848813 49.27102079),Grandview-Woodland,6,Design,Standard 2BR
9440,187,,3608 SE Marine Dr,Completed,1993,City Edge Co-op Housing Association,https://app.vancouver.ca/NonMarketHousing_NET/ProjectDetails.aspx?IndexNum=187,POINT (-123.02479866 49.20740193),Killarney,44,Design,Standard 2BR
9442,194,,2518 E Hastings St,Completed,1992,Entre Nous Femmes Housing Society,https://app.vancouver.ca/NonMarketHousing_NET/ProjectDetails.aspx?IndexNum=194,POINT (-123.05409967 49.28088658),Hastings-Sunrise,14,Design,Standard 2BR
9443,195,,3080 Heather St,Completed,1986,Societe d'Habitation La Verendrye,https://app.vancouver.ca/NonMarketHousing_NET/ProjectDetails.aspx?IndexNum=195,POINT (-123.11942972 49.2576848),Fairview,18,Design,Standard 2BR
9446,204,,4210 Kamloops St,Completed,1990,New Chelsea Society,https://app.vancouver.ca/NonMarketHousing_NET/ProjectDetails.aspx?IndexNum=204,POINT (-123.0536508 49.24692571),Renfrew-Collingwood,20,Design,Standard 2BR
9448,207,,5075 Boundary Rd,Completed,1993,Lu'Ma Native Housing Society,https://app.vancouver.ca/NonMarketHousing_NET/ProjectDetails.aspx?IndexNum=207,POINT (-123.02402887 49.23848485),Renfrew-Collingwood,4,Design,Standard 2BR
9451,212,,2898 Kingsway,Completed,1987,Dundee Court Co-op Housing Association,https://app.vancouver.ca/NonMarketHousing_NET/ProjectDetails.aspx?IndexNum=212,POINT (-123.04678992 49.23580848),Renfrew-Collingwood,22,Design,Standard 2BR
9452,213,,3090 Kingsway,Completed,1987,Synala Co-op Housing Association,https://app.vancouver.ca/NonMarketHousing_NET/ProjectDetails.aspx?IndexNum=213,POINT (-123.04054032 49.23510381),Renfrew-Collingwood,10,Design,Standard 2BR
9454,216,,1475 Kitchener St,Completed,1982,Lu'Ma Native Housing Society,https://app.vancouver.ca/NonMarketHousing_NET/ProjectDetails.aspx?IndexNum=216,POINT (-123.07429154 49.27241953),Grandview-Woodland,6,Design,Standard 2BR
9455,218,,1399 Fountain Way,Completed,1980,Wellington Society,https://app.vancouver.ca/NonMarketHousing_NET/ProjectDetails.aspx?IndexNum=218,POINT (-123.13509226 49.26804963),Fairview,33,Design,Standard 2BR
9456,226,,2229 Maple St,Completed,1976,Shalom Branch #178 Canadian Legion,https://app.vancouver.ca/NonMarketHousing_NET/ProjectDetails.aspx?IndexNum=226,POINT (-123.15077883 49.26595347),Kitsilano,4,Design,Standard 2BR
9457,227,,2424 Maple St,Completed,1984,Phoenix Court Co-op Housing Association,https://app.vancouver.ca/NonMarketHousing_NET/ProjectDetails.aspx?IndexNum=227,POINT (-123.15003674 49.26442777),Kitsilano,19,Design,Standard 2BR
9458,232,,8695 SW Marine Dr,Completed,1986,Marpole Terrace Co-op Housing Association,https://app.vancouver.ca/NonMarketHousing_NET/ProjectDetails.aspx?IndexNum=232,POINT (-123.14269428 49.20753063),Marpole,21,Design,Standard 2BR
9459,238,,1501 Woodland Dr,Completed,1969,BC Housing,https://app.vancouver.ca/NonMarketHousing_NET/ProjectDetails.aspx?IndexNum=238,POINT (-123.07443151 49.27099676),Grandview-Woodland,32,Design,Standard 2BR
9460,246,,1455 Napier St,Completed,1980,Grandview Co-op Housing Association,https://app.vancouver.ca/NonMarketHousing_NET/ProjectDetails.aspx?IndexNum=246,POINT (-123.07485783 49.27517909),Grandview-Woodland,5,Design,Standard 2BR
9461,250,,7601 Bywell Crt,Completed,1979,Metro Vancouver Housing Corporation,https://app.vancouver.ca/NonMarketHousing_NET/ProjectDetails.aspx?IndexNum=250,POINT (-123.02658047 49.21503813),Killarney,35,Design,Standard 2BR
9466,263,,1763 E Pender St,Completed,1985,Leveller's Co-op Housing Association,https://app.vancouver.ca/NonMarketHousing_NET/ProjectDetails.aspx?IndexNum=263,POINT (-123.06880418 49.28051041),Grandview-Woodland,22,Design,Standard 2BR
9467,264,,1823 E Pender St,Completed,1989,BC Indigenous Housing Society,https://app.vancouver.ca/NonMarketHousing_NET/ProjectDetails.aspx?IndexNum=264,POINT (-123.0673884 49.28050551),Grandview-Woodland,22,Design,Standard 2BR
9476,287,,5250 Rupert St,Completed,1987,Alberni Co-op Housing Association,https://app.vancouver.ca/NonMarketHousing_NET/ProjectDetails.aspx?IndexNum=287,POINT (-123.04097739 49.2365991),Renfrew-Collingwood,20,Design,Standard 2BR
9478,310,,2431 Vine St,Completed,1979,Kiwassa Housing Society,https://app.vancouver.ca/NonMarketHousing_NET/ProjectDetails.aspx?IndexNum=310,POINT (-123.15791342 49.26419383),Kitsilano,11,Design,Standard 2BR
9479,311,,2080 Wall St,Completed,1969,BC Housing,https://app.vancouver.ca/NonMarketHousing_NET/ProjectDetails.aspx?IndexNum=311,POINT (-123.06138018 49.28617719),Grandview-Woodland,39,Design,Standard 2BR
9481,324,,3691 Vanness Ave,Completed,1996,New Chelsea Society,https://app.vancouver.ca/NonMarketHousing_NET/ProjectDetails.aspx?IndexNum=324,POINT (-123.02406143 49.23533146),Renfrew-Collingwood,15,Design,Standard 2BR
9484,333,,1975 E 12th Ave,Completed,1995,YWCA Vancouver,https://app.vancouver.ca/NonMarketHousing_NET/ProjectDetails.aspx?IndexNum=333,POINT (-123.06448489 49.25978589),Kensington-Cedar Cottage,17,Design,Standard 2BR
9485,336,,1267 Marinaside Cres,Completed,1998,Roundhouse Co-op Housing Association,https://app.vancouver.ca/NonMarketHousing_NET/ProjectDetails.aspx?IndexNum=336,POINT (-123.12091871 49.27286767),Downtown,74,Design,Standard 2BR
9490,347,,599 Nicola St,Completed,1998,Coal Harbour Co-op Housing Association,https://app.vancouver.ca/NonMarketHousing_NET/ProjectDetails.aspx?IndexNum=347,POINT (-123.12895356 49.29092964),Downtown,52,Design,Standard 2BR
9492,368,,340 E Cordova St,Completed,1999,St. Luke's Home Society,https://app.vancouver.ca/NonMarketHousing_NET/ProjectDetails.aspx?IndexNum=368,POINT (-123.09658287 49.28197811),Strathcona,10,Design,Standard 2BR
9495,375,,1041 Comox St,Completed,1998,Wings Housing Society,https://app.vancouver.ca/NonMarketHousing_NET/ProjectDetails.aspx?IndexNum=375,POINT (-123.12781211 49.28133297),West End,21,Design,Standard 2BR
9496,378,,3278 Vanness  Ave,Completed,2000,Affordable Housing Societies,https://app.vancouver.ca/NonMarketHousing_NET/ProjectDetails.aspx?IndexNum=378,POINT (-123.03529409 49.23940019),Renfrew-Collingwood,13,Design,Standard 2BR
9502,393,,1288 W Cordova St,Completed,2002,Affordable Housing Societies,https://app.vancouver.ca/NonMarketHousing_NET/ProjectDetails.aspx?IndexNum=393,POINT (-123.12376394 49.28954846),Downtown,60,Design,Standard 2BR
9503,395,,3501 Euclid Ave,Completed,2001,Collingwood Village Co-op Housing Association,https://app.vancouver.ca/NonMarketHousing_NET/ProjectDetails.aspx?IndexNum=395,POINT (-123.02973841 49.23530774),Renfrew-Collingwood,34,Design,Standard 2BR
9505,406,,1857 Venables St,Completed,1980,Vancouver East Co-op Housing Association,https://app.vancouver.ca/NonMarketHousing_NET/ProjectDetails.aspx?IndexNum=406,POINT (-123.06689398 49.2768758),Grandview-Woodland,2,Design,Standard 2BR
9506,407,,1142 E Georgia St,Completed,1986,Affordable Housing Societies,https://app.vancouver.ca/NonMarketHousing_NET/ProjectDetails.aspx?IndexNum=407,POINT (-123.08018512 49.27796867),Strathcona,2,Design,Standard 2BR
9507,409,,1020 E Pender St,Completed,1986,Affordable Housing Societies,https://app.vancouver.ca/NonMarketHousing_NET/ProjectDetails.aspx?IndexNum=409,POINT (-123.08186724 49.27980047),Strathcona,2,Design,Standard 2BR
9509,418,,1136 Comox St,Completed,2002,Mole Hill Community Housing Society,https://app.vancouver.ca/NonMarketHousing_NET/ProjectDetails.aspx?IndexNum=418,POINT (-123.13029419 49.28220254),West End,2,Design,Standard 2BR
9510,419,,1140 Comox St,Completed,2001,Mole Hill Community Housing Society,https://app.vancouver.ca/NonMarketHousing_NET/ProjectDetails.aspx?IndexNum=419,POINT (-123.13039241 49.28226616),West End,1,Design,Standard 2BR
9511,421,,1127 Pendrell St,Completed,2002,Mole Hill Community Housing Society,https://app.vancouver.ca/NonMarketHousing_NET/ProjectDetails.aspx?IndexNum=421,POINT (-123.13048215 49.2816923),West End,1,Design,Standard 2BR
9516,435,,1147 Pendrell St,Completed,2003,Mole Hill Community Housing Society,https://app.vancouver.ca/NonMarketHousing_NET/ProjectDetails.aspx?IndexNum=435,POINT (-123.13048215 49.2816923),West End,1,Design,Standard 2BR
9517,436,,1145 Pendrell St,Completed,2003,Mole Hill Community Housing Society,https://app.vancouver.ca/NonMarketHousing_NET/ProjectDetails.aspx?IndexNum=436,POINT (-123.13102235 49.28204219),West End,4,Design,Standard 2BR
9518,437,,1103 Pendrell St,Completed,2003,Mole Hill Community Housing Society,https://app.vancouver.ca/NonMarketHousing_NET/ProjectDetails.aspx?IndexNum=437,POINT (-123.13017846 49.2814957),West End,1,Design,Standard 2BR
9519,439,,1113 Thurlow St,Completed,2003,Mole Hill Community Housing Society,https://app.vancouver.ca/NonMarketHousing_NET/ProjectDetails.aspx?IndexNum=439,POINT (-123.13008838 49.28137398),West End,2,Design,Standard 2BR
9520,453,,1129 Pendrell St,Completed,2002,Mole Hill Community Housing Society,https://app.vancouver.ca/NonMarketHousing_NET/ProjectDetails.aspx?IndexNum=453,POINT (-123.1306738 49.28181043),West End,2,Design,Standard 2BR
9523,462,,907 Lamey's Mill,Completed,1977,False Creek Co-op Housing Association,https://app.vancouver.ca/NonMarketHousing_NET/ProjectDetails.aspx?IndexNum=462,POINT (-123.12771481 49.26695534),Fairview,35,Design,Standard 2BR
9524,463,,401 Keefer St,Completed,1982,Mau Dan Gardens Co-op Housing Association,https://app.vancouver.ca/NonMarketHousing_NET/ProjectDetails.aspx?IndexNum=463,POINT (-123.09455401 49.27966571),Strathcona,12,Design,Standard 2BR
9527,477,,150 Semlin Dr,Completed,1977,Metro Vancouver Housing Corporation,https://app.vancouver.ca/NonMarketHousing_NET/ProjectDetails.aspx?IndexNum=477,POINT (-123.06295686 49.28326456),Grandview-Woodland,6,Design,Standard 2BR
9528,486,,1424 Comox St,Completed,1977,BC Housing,https://app.vancouver.ca/NonMarketHousing_NET/ProjectDetails.aspx?IndexNum=486,POINT (-123.13496572 49.28521426),West End,20,Design,Standard 2BR
9533,526,,230 Jackson Ave,Completed,2007,Jackson Ave Co-op Hsg Assoc,https://app.vancouver.ca/NonMarketHousing_NET/ProjectDetails.aspx?IndexNum=526,POINT (-123.09310787 49.28241323),Strathcona,3,Design,Standard 2BR
9539,594,,1249 Howe St,Completed,2013,McLaren Housing Society of BC,https://app.vancouver.ca/NonMarketHousing_NET/ProjectDetails.aspx?IndexNum=594,POINT (-123.12818713 49.27749639),Downtown,6,Design,Standard 2BR
9547,671,,525 Abbott St,Completed,2011,Atira Women’s Resource Society,https://app.vancouver.ca/NonMarketHousing_NET/ProjectDetails.aspx?IndexNum=671,POINT (-123.1081018 49.28083259),Downtown,12,Design,Standard 2BR
9552,681,,341 Gore Ave,Completed,2007,S.U.C.C.E.S.S.,https://app.vancouver.ca/NonMarketHousing_NET/ProjectDetails.aspx?IndexNum=681,POINT (-123.09778996 49.28159583),Strathcona,3,Design,Standard 2BR
9559,721,,2035 Trafalgar St,Completed,1981,Trafalgar Co-op Housing Association,https://app.vancouver.ca/NonMarketHousing_NET/ProjectDetails.aspx?IndexNum=721,POINT (-123.16483491 49.26767786),Kitsilano,13,Design,Standard 2BR
9567,779,,2833 E KENT AVE N,Completed,2020,Fraserview Housing Co-operative,https://app.vancouver.ca/NonMarketHousing_NET/ProjectDetails.aspx?IndexNum=779,POINT (-123.04977348 49.20687475),Killarney,50,Design,Standard 2BR
9571,793,,1045 Nelson St,Completed,2024,TPM Real Estate Management Ltd,https://app.vancouver.ca/NonMarketHousing_NET/ProjectDetails.aspx?IndexNum=793,POINT (-123.12645824 49.28185115),West End,17,Design,Standard 2BR
9572,796,,187 E 3rd Ave,Completed,2021,221a Artist Housing Society,https://app.vancouver.ca/NonMarketHousing_NET/ProjectDetails.aspx?IndexNum=796,POINT (-123.10119647 49.26884149),Mount Pleasant,8,Design,Standard 2BR
9573,804,,2425 St. Catherines St,Completed,2021,Red Door Housing Society,https://app.vancouver.ca/NonMarketHousing_NET/ProjectDetails.aspx?IndexNum=804,POINT (-123.08566017 49.2631267),Mount Pleasant,7,Design,Standard 2BR
9574,806,,95 E 1st Ave,Completed,2018,Community Land Trust Foundation of BC,https://app.vancouver.ca/NonMarketHousing_NET/ProjectDetails.aspx?IndexNum=806,POINT (-123.10318172 49.27045793),Mount Pleasant,43,Design,Standard 2BR
9575,807,,3185 Riverwalk Ave,Completed,2021,S.U.C.C.E.S.S.,https://app.vancouver.ca/NonMarketHousing_NET/ProjectDetails.aspx?IndexNum=807,POINT (-123.03904061 49.20603626),Killarney,43,Design,Standard 2BR
9576,812,,2221 Main St,Completed,2021,Catalyst Community Developments Society,https://app.vancouver.ca/NonMarketHousing_NET/ProjectDetails.aspx?IndexNum=812,POINT (-123.10137992 49.2651573),Mount Pleasant,43,Design,Standard 2BR
9578,817,,1015 E Hastings St,Under Construction,,Community Land Trust Foundation of BC,,POINT (-123.08179571 49.28130782),Strathcona,39,Design,Standard 2BR
9580,820,,58 W Hastings St,Completed,2024,S.U.C.C.E.S.S.,https://app.vancouver.ca/NonMarketHousing_NET/ProjectDetails.aspx?IndexNum=820,,Unknown,30,Design,Standard 2BR
9581,821,,1766 Frances St,Under Construction,,,,POINT (-123.06892602 49.2790927),Grandview-Woodland,17,Design,Standard 2BR
9588,851,,2009-2037 Stainsbury Ave,Under Construction,,More Than a Roof Housing Society,,,Unknown,35,Design,Standard 2BR
9589,853,,305 Main St,Proposed,,Happy Harvest,,POINT (-123.10007981 49.28202383),Downtown,26,Design,Standard 2BR
9591,858,,418-496 Alexander St,Approved,,Atira Women’s Resource Society,,POINT (-123.09425793 49.28372966),Strathcona,56,Design,Standard 2BR
9592,865,,950 W 41st Ave,Approved,,,,POINT (-123.12599122 49.23344379),Oakridge,90,Design,Standard 2BR
9594,868,,601 Beach Crescent,Approved,,,,POINT (-123.12954822 49.27398575),Downtown,30,Design,Standard 2BR
9599,881,,155 E 37th Ave,Completed,2014,More Than a Roof Housing Society,https://app.vancouver.ca/NonMarketHousing_NET/ProjectDetails.aspx?IndexNum=881,POINT (-123.10260504 49.23763885),Riley Park,6,Design,Standard 2BR
9601,884,,282 W 49th Ave,Approved,,YWCA Vancouver,,POINT (-123.11234239 49.22533108),Oakridge,29,Design,Standard 2BR
9602,887,,1063-1075 Barclay St,Approved,,,,POINT (-123.12635834 49.28319893),West End,47,Design,Standard 2BR
9603,892,,622 SW Marine Dr,Under Construction,,YWCA Vancouver,,,Unknown,19,Design,Standard 2BR
9604,899,,349 E 6th Ave,Completed,2024,Brightside Community Homes Foundation,https://app.vancouver.ca/NonMarketHousing_NET/ProjectDetails.aspx?IndexNum=899,POINT (-123.09724906 49.2656987),Mount Pleasant,14,Design,Standard 2BR
9608,924,,2108-2408 Cassiar St,Approved,,,https://app.vancouver.ca/NonMarketHousing_NET/ProjectDetails.aspx?IndexNum=924,POINT (-123.03033314 49.26414502),Hastings-Sunrise,884,Design,Standard 2BR
9610,929,,998 E 19th Ave,Approved,,,,POINT (-123.08438908 49.25336844),Kensington-Cedar Cottage,26,Design,Standard 2BR
9611,934,,1710-1730 E Pender St,Approved,,Lu'Ma Native Housing Society,,POINT (-123.07002235 49.28001135),Grandview-Woodland,38,Design,Standard 2BR
9615,6,,2137 W 1st Ave,Completed,1984,Helen's Court Co-op Housing Association,https://app.vancouver.ca/NonMarketHousing_NET/ProjectDetails.aspx?IndexNum=6,POINT (-123.1536261 49.27104183),Kitsilano,13,Design,Standard 3BR
9616,7,,1349 E 2nd Ave,Completed,1987,Laura Jamieson Co-op Housing Association,https://app.vancouver.ca/NonMarketHousing_NET/ProjectDetails.aspx?IndexNum=7,POINT (-123.07614157 49.26900321),Grandview-Woodland,18,Design,Standard 3BR
9617,8,,1507 E 2nd Ave,Completed,1984,Westerdale Co-op Housing Association,https://app.vancouver.ca/NonMarketHousing_NET/ProjectDetails.aspx?IndexNum=8,POINT (-123.07304966 49.26896961),Grandview-Woodland,2,Design,Standard 3BR
9618,18,,1560 E 4th Ave,Completed,1989,BC Indigenous Housing Society,https://app.vancouver.ca/NonMarketHousing_NET/ProjectDetails.aspx?IndexNum=18,POINT (-123.0718679 49.2666326),Grandview-Woodland,4,Design,Standard 3BR
9619,20,,675 E 5th Ave,Completed,1985,Northern Way Co-op Housing Association,https://app.vancouver.ca/NonMarketHousing_NET/ProjectDetails.aspx?IndexNum=20,POINT (-123.09065341 49.26639799),Mount Pleasant,19,Design,Standard 3BR
9621,33,,2875 E 6th Ave,Completed,1990,Sch'eyk Housing Society,https://app.vancouver.ca/NonMarketHousing_NET/ProjectDetails.aspx?IndexNum=33,POINT (-123.04515669 49.26502759),Hastings-Sunrise,8,Design,Standard 3BR
9622,34,,756 E 6th Ave,Completed,1986,Lu'Ma Native Housing Society,https://app.vancouver.ca/NonMarketHousing_NET/ProjectDetails.aspx?IndexNum=34,POINT (-123.08812236 49.26495984),Mount Pleasant,2,Design,Standard 3BR
9623,39,,101 E 7th Ave,Completed,1982,Quebec Manor Co-op Housing Association,https://app.vancouver.ca/NonMarketHousing_NET/ProjectDetails.aspx?IndexNum=39,POINT (-123.10244623 49.26487539),Mount Pleasant,10,Design,Standard 3BR
9624,42,,860 E 7th Ave,Completed,1987,BC Indigenous Housing Society,https://app.vancouver.ca/NonMarketHousing_NET/ProjectDetails.aspx?IndexNum=42,POINT (-123.08569338 49.26403654),Mount Pleasant,6,Design,Standard 3BR
9626,51,,1230 E 8th Ave,Completed,1987,China Creek Co-op Housing Association,https://app.vancouver.ca/NonMarketHousing_NET/ProjectDetails.aspx?IndexNum=51,POINT (-123.07922139 49.26307424),Mount Pleasant,5,Design,Standard 3BR
9627,53,,2829 E 8th Ave,Completed,1983,Access Co-op Housing Association,https://app.vancouver.ca/NonMarketHousing_NET/ProjectDetails.aspx?IndexNum=53,POINT (-123.04651609 49.26321325),Hastings-Sunrise,8,Design,Standard 3BR
9628,59,,506 E 10th Ave,Completed,1982,Lu'Ma Native Housing Society,https://app.vancouver.ca/NonMarketHousing_NET/ProjectDetails.aspx?IndexNum=59,POINT (-123.09281748 49.26128682),Mount Pleasant,2,Design,Standard 3BR
9631,76,,420 W 16th Ave,Completed,1976,BC Housing,https://app.vancouver.ca/NonMarketHousing_NET/ProjectDetails.aspx?IndexNum=76,POINT (-123.11276834 49.25663841),Riley Park,8,Design,Standard 3BR
9632,81,,2270 E 25th Ave,Completed,1971,BC Housing,https://app.vancouver.ca/NonMarketHousing_NET/ProjectDetails.aspx?IndexNum=81,POINT (-123.05903401 49.24741422),Kensington-Cedar Cottage,14,Design,Standard 3BR
9633,86,,3545 E 43rd Ave,Completed,1985,HW Flesher Co-op Housing Association,https://app.vancouver.ca/NonMarketHousing_NET/ProjectDetails.aspx?IndexNum=86,POINT (-123.0282517 49.23143252),Killarney,17,Design,Standard 3BR
9635,94,,1530 Adanac St,Completed,1987,Lu'Ma Native Housing Society,https://app.vancouver.ca/NonMarketHousing_NET/ProjectDetails.aspx?IndexNum=94,POINT (-123.0734715 49.27733673),Grandview-Woodland,10,Design,Standard 3BR
9642,115,,3502-98 Bluejay Cr,Completed,1981,Matheson Heights Co-op Housing Association,https://app.vancouver.ca/NonMarketHousing_NET/ProjectDetails.aspx?IndexNum=115,POINT (-123.02641787 49.21275024),Killarney,35,Design,Standard 3BR
9644,120,,2525 Waterloo St,Completed,1984,Broadview Co-op Housing Association,https://app.vancouver.ca/NonMarketHousing_NET/ProjectDetails.aspx?IndexNum=120,POINT (-123.18021442 49.2640035),Kitsilano,6,Design,Standard 3BR
9646,129,,512 Campbell Ave,Completed,1967,BC Housing,https://app.vancouver.ca/NonMarketHousing_NET/ProjectDetails.aspx?IndexNum=129,POINT (-123.08401895 49.27900972),Strathcona,117,Design,Standard 3BR
9647,132,,3400 E 5th Av,Completed,1962,BC Housing,https://app.vancouver.ca/NonMarketHousing_NET/ProjectDetails.aspx?IndexNum=132,POINT (-123.03033314 49.26414502),Hastings-Sunrise,19,Design,Standard 3BR
9649,134,,1515 Charles St,Completed,1986,More Than a Roof Housing Society,https://app.vancouver.ca/NonMarketHousing_NET/ProjectDetails.aspx?IndexNum=134,POINT (-123.07301669 49.27331573),Grandview-Woodland,3,Design,Standard 3BR
9650,140,,3502-3672 Cordiale Dr,Completed,1982,Le Coeur Co-op Housing Association,https://app.vancouver.ca/NonMarketHousing_NET/ProjectDetails.aspx?IndexNum=140,POINT (-123.02601179 49.20962267),Killarney,33,Design,Standard 3BR
9651,145,,430 E Cordova St,Completed,1988,Mavis McMullen Housing Society,https://app.vancouver.ca/NonMarketHousing_NET/ProjectDetails.aspx?IndexNum=145,POINT (-123.09447792 49.28192592),Strathcona,3,Design,Standard 3BR
9652,154,,3564 Dease Lane,Completed,1972,De Cosmos Village Co-op Housing Association,https://app.vancouver.ca/NonMarketHousing_NET/ProjectDetails.aspx?IndexNum=154,POINT (-123.02554929 49.2228022),Killarney,74,Design,Standard 3BR
9653,155,,8430 Aqua Dr,Completed,1985,Affordable Housing Societies,https://app.vancouver.ca/NonMarketHousing_NET/ProjectDetails.aspx?IndexNum=155,POINT (-123.06367471 49.20768611),Victoria-Fraserview,27,Design,Standard 3BR
9656,172,,1877 E Georgia St,Completed,1988,Entre Nous Femmes Housing Society,https://app.vancouver.ca/NonMarketHousing_NET/ProjectDetails.aspx?IndexNum=172,POINT (-123.06617155 49.27866977),Grandview-Woodland,10,Design,Standard 3BR
9657,174,,2535 Grandview Hwy N,Completed,1977,Metro Vancouver Housing Corporation,https://app.vancouver.ca/NonMarketHousing_NET/ProjectDetails.aspx?IndexNum=174,POINT (-123.05390317 49.25849645),Renfrew-Collingwood,13,Design,Standard 3BR
9658,181,,3510 SE Marine Dr,Completed,1992,Entre Nous Femmes Housing Society,https://app.vancouver.ca/NonMarketHousing_NET/ProjectDetails.aspx?IndexNum=181,POINT (-123.02876493 49.20726071),Killarney,16,Design,Standard 3BR
9659,186,,1416 Haro St,Completed,1985,City of Vancouver,https://app.vancouver.ca/NonMarketHousing_NET/ProjectDetails.aspx?IndexNum=186,POINT (-123.13182158 49.28736751),West End,11,Design,Standard 3BR
9662,192,,540 E Hastings St,Completed,1987,Sch'eyk Housing Society,https://app.vancouver.ca/NonMarketHousing_NET/ProjectDetails.aspx?IndexNum=192,POINT (-123.09305566 49.28089739),Strathcona,6,Design,Standard 3BR
9664,196,,3196 Heather St,Completed,1976,"Co-op Demers ""La Bruyere"" Co-op Hsg Assoc.",https://app.vancouver.ca/NonMarketHousing_NET/ProjectDetails.aspx?IndexNum=196,POINT (-123.11963072 49.25726946),Fairview,1,Design,Standard 3BR
9667,202,,350 Keefer St,Completed,1970,BC Housing,https://app.vancouver.ca/NonMarketHousing_NET/ProjectDetails.aspx?IndexNum=202,POINT (-123.09530078 49.27849526),Strathcona,45,Design,Standard 3BR
9668,219,,1415 Lamey's Mill Rd,Completed,1981,Twin Rainbows Co-op Housing Association,https://app.vancouver.ca/NonMarketHousing_NET/ProjectDetails.aspx?IndexNum=219,POINT (-123.13586996 49.26788454),Fairview,10,Design,Standard 3BR
9669,229,,531 SW Marine Dr,Completed,1985,Vera Co-op Housing Association,https://app.vancouver.ca/NonMarketHousing_NET/ProjectDetails.aspx?IndexNum=229,POINT (-123.11952291 49.20965032),Marpole,24,Design,Standard 3BR
9671,231,,1592 SW Marine Dr,Completed,1986,Wits' End Co-op Housing Association,https://app.vancouver.ca/NonMarketHousing_NET/ProjectDetails.aspx?IndexNum=231,POINT (-123.14375724 49.20824039),Marpole,13,Design,Standard 3BR
9672,235,,3381 Marquette Cr,Completed,1982,Cedar Mill Co-op Housing Association,https://app.vancouver.ca/NonMarketHousing_NET/ProjectDetails.aspx?IndexNum=235,POINT (-123.03115912 49.21293165),Killarney,13,Design,Standard 3BR
9673,244,,5701 Nanaimo St,Completed,1959,BC Housing,https://app.vancouver.ca/NonMarketHousing_NET/ProjectDetails.aspx?IndexNum=244,POINT (-123.05939466 49.23115573),Victoria-Fraserview,50,Design,Standard 3BR
9674,245,,1416 Napier St,Completed,1981,Watershed Co-op Housing Association,https://app.vancouver.ca/NonMarketHousing_NET/ProjectDetails.aspx?IndexNum=245,POINT (-123.07496109 49.27451785),Grandview-Woodland,4,Design,Standard 3BR
9675,254,,1019 Pacific St,Completed,1985,Pacific Heights Co-op Housing Association,https://app.vancouver.ca/NonMarketHousing_NET/ProjectDetails.aspx?IndexNum=254,POINT (-123.13276735 49.2776072),West End,23,Design,Standard 3BR
9677,262,,1710 E Pender St,Completed,1986,Lu'Ma Native Housing Society,https://app.vancouver.ca/NonMarketHousing_NET/ProjectDetails.aspx?IndexNum=262,POINT (-123.07002235 49.28001135),Grandview-Woodland,4,Design,Standard 3BR
9679,270,,1515 W 1st Ave,Completed,1986,Harbour Cove Co-op Housing Association,https://app.vancouver.ca/NonMarketHousing_NET/ProjectDetails.aspx?IndexNum=270,POINT (-123.14128903 49.27205665),Fairview,4,Design,Standard 3BR
9680,271,,3890 Point Grey Rd,Completed,1979,Dunbar Village Co-op Housing Association,https://app.vancouver.ca/NonMarketHousing_NET/ProjectDetails.aspx?IndexNum=271,POINT (-123.1908124 49.27094926),West Point Grey,2,Design,Standard 3BR
9682,280,,321 Princess Ave,Completed,1991,Affordable Housing Societies,https://app.vancouver.ca/NonMarketHousing_NET/ProjectDetails.aspx?IndexNum=280,POINT (-123.09196577 49.28187669),Strathcona,19,Design,Standard 3BR
9685,286,,4830 Rupert St,Completed,1971,BC Housing,https://app.vancouver.ca/NonMarketHousing_NET/ProjectDetails.aspx?IndexNum=286,POINT (-123.03639148 49.24060975),Renfrew-Collingwood,6,Design,Standard 3BR
9686,288,,5748 Rupert St,Completed,1991,Brightside Community Homes Foundation,https://app.vancouver.ca/NonMarketHousing_NET/ProjectDetails.aspx?IndexNum=288,POINT (-123.04269371 49.23202084),Killarney,8,Design,Standard 3BR
9687,289,,825 Salsbury Dr,Completed,1986,Grace MacInnis Co-op Housing Association,https://app.vancouver.ca/NonMarketHousing_NET/ProjectDetails.aspx?IndexNum=289,POINT (-123.06888997 49.27729408),Grandview-Woodland,12,Design,Standard 3BR
9689,294,,1256 Shorepine  Walk,Completed,1980,Alder Bay Co-op Housing Association,https://app.vancouver.ca/NonMarketHousing_NET/ProjectDetails.aspx?IndexNum=294,POINT (-123.1340075 49.26771357),Fairview,40,Design,Standard 3BR
9690,295,,3335-45 Sophia St,Completed,1983,Robson Park Co-op Housing Association,https://app.vancouver.ca/NonMarketHousing_NET/ProjectDetails.aspx?IndexNum=295,POINT (-123.09872617 49.25501914),Riley Park,1,Design,Standard 3BR
9691,297,,2832 St George St,Completed,1982,Robson Park Co-op Housing Association,https://app.vancouver.ca/NonMarketHousing_NET/ProjectDetails.aspx?IndexNum=297,POINT (-123.09273013 49.25909002),Mount Pleasant,3,Design,Standard 3BR
9692,298,,7401 Talon Square,Completed,1978,La Petite Maison Co-op Housing Association,https://app.vancouver.ca/NonMarketHousing_NET/ProjectDetails.aspx?IndexNum=298,POINT (-123.02619985 49.21703561),Killarney,38,Design,Standard 3BR
9693,300,,1091 Sitka Square,Completed,1977,New Chelsea Society,https://app.vancouver.ca/NonMarketHousing_NET/ProjectDetails.aspx?IndexNum=300,POINT (-123.13016336 49.26687114),Fairview,20,Design,Standard 3BR
9694,303,,3641 Tuaq Dr,Completed,1982,Alexander Laidlaw Co-op Housing Association,https://app.vancouver.ca/NonMarketHousing_NET/ProjectDetails.aspx?IndexNum=303,POINT (-123.02555612 49.20868184),Killarney,27,Design,Standard 3BR
9695,304,,3450 SE Marine Dr,Completed,1992,Sunbridge Co-op Housing Association,https://app.vancouver.ca/NonMarketHousing_NET/ProjectDetails.aspx?IndexNum=304,POINT (-123.03018455 49.20738444),Killarney,10,Design,Standard 3BR
9696,306,,251 Union St,Completed,1993,S.U.C.C.E.S.S.,https://app.vancouver.ca/NonMarketHousing_NET/ProjectDetails.aspx?IndexNum=306,POINT (-123.0979086 49.27788193),Strathcona,12,Design,Standard 3BR
9697,308,,2033 Ferndale St,Completed,1981,Vancouver East Co-op Housing Association,https://app.vancouver.ca/NonMarketHousing_NET/ProjectDetails.aspx?IndexNum=308,POINT (-123.06279932 49.27992564),Grandview-Woodland,3,Design,Standard 3BR
9698,309,,3548 Victoria Dr,Completed,1991,New Chelsea Society,https://app.vancouver.ca/NonMarketHousing_NET/ProjectDetails.aspx?IndexNum=309,POINT (-123.0656301 49.25319001),Kensington-Cedar Cottage,16,Design,Standard 3BR
9699,312,,1707 Wallace St,Completed,1978,Penta Co-op Housing Association,https://app.vancouver.ca/NonMarketHousing_NET/ProjectDetails.aspx?IndexNum=312,POINT (-123.18996814 49.27107928),West Point Grey,9,Design,Standard 3BR
9702,322,,2390 Grandview Hwy S.,Completed,1994,New Chelsea Society,https://app.vancouver.ca/NonMarketHousing_NET/ProjectDetails.aspx?IndexNum=322,POINT (-123.05716498 49.2575755),Kensington-Cedar Cottage,9,Design,Standard 3BR
9703,325,,1774 E Kent Ave S,Completed,1995,Affordable Housing Societies,https://app.vancouver.ca/NonMarketHousing_NET/ProjectDetails.aspx?IndexNum=325,POINT (-123.06946548 49.20783398),Victoria-Fraserview,20,Design,Standard 3BR
9704,328,,5003 Boundary Rd,Completed,1996,Anita Lewis Co-op Housing Association,https://app.vancouver.ca/NonMarketHousing_NET/ProjectDetails.aspx?IndexNum=328,POINT (-123.02403574 49.23928138),Renfrew-Collingwood,8,Design,Standard 3BR
9705,329,,1810 E Georgia,Completed,1995,Mavis McMullen Housing Society,https://app.vancouver.ca/NonMarketHousing_NET/ProjectDetails.aspx?IndexNum=329,POINT (-123.06779536 49.27818046),Grandview-Woodland,5,Design,Standard 3BR
9710,340,,32 W Pender St,Completed,1998,CBA Housing Society,https://app.vancouver.ca/NonMarketHousing_NET/ProjectDetails.aspx?IndexNum=340,POINT (-123.10540501 49.28030099),Downtown,10,Design,Standard 3BR
9713,349,,1010 Pacific Blvd,Completed,1999,Red Door Housing Society,https://app.vancouver.ca/NonMarketHousing_NET/ProjectDetails.aspx?IndexNum=349,POINT (-123.1155317 49.27357694),Downtown,25,Design,Standard 3BR
9721,377,,2320 Franklin St,Completed,2001,Kiwassa Housing Society,https://app.vancouver.ca/NonMarketHousing_NET/ProjectDetails.aspx?IndexNum=377,POINT (-123.05727353 49.2818226),Grandview-Woodland,10,Design,Standard 3BR
9723,386,,239 E Georgia St,Completed,2002,Lore Krill Co-operative Housing Association,https://app.vancouver.ca/NonMarketHousing_NET/ProjectDetails.aspx?IndexNum=386,POINT (-123.09841302 49.27881639),Strathcona,9,Design,Standard 3BR
9729,404,,1803 Kitchener St,Completed,1981,Vancouver East Co-op Housing Association,https://app.vancouver.ca/NonMarketHousing_NET/ProjectDetails.aspx?IndexNum=404,POINT (-123.06744889 49.27233281),Grandview-Woodland,2,Design,Standard 3BR
9733,416,,1120 Comox St,Completed,2001,Mole Hill Community Housing Society,https://app.vancouver.ca/NonMarketHousing_NET/ProjectDetails.aspx?IndexNum=416,POINT (-123.12990117 49.28194798),West End,1,Design,Standard 3BR
9737,438,,1107 Thurlow St,Completed,2003,Mole Hill Community Housing Society,https://app.vancouver.ca/NonMarketHousing_NET/ProjectDetails.aspx?IndexNum=438,POINT (-123.1299919 49.28143782),West End,1,Design,Standard 3BR
9738,442,,133 Powell St,Completed,1988,Four Sisters Co-op Housing Association,https://app.vancouver.ca/NonMarketHousing_NET/ProjectDetails.aspx?IndexNum=442,POINT (-123.10094244 49.28342665),Downtown,15,Design,Standard 3BR
9740,461,,1465 Lamey's Mill Rd,Completed,1981,Twin Rainbows Co-op Housing Association,https://app.vancouver.ca/NonMarketHousing_NET/ProjectDetails.aspx?IndexNum=461,POINT (-123.13673059 49.26848936),Fairview,10,Design,Standard 3BR
9741,464,,400 E Pender St,Completed,1982,Mau Dan Gardens Co-op Housing Association,https://app.vancouver.ca/NonMarketHousing_NET/ProjectDetails.aspx?IndexNum=464,POINT (-123.09467412 49.27999087),Strathcona,23,Design,Standard 3BR
9742,472,,3390 School Ave,Completed,1984,Chilean Co-op Housing Association,https://app.vancouver.ca/NonMarketHousing_NET/ProjectDetails.aspx?IndexNum=472,POINT (-123.03304017 49.23080241),Killarney,19,Design,Standard 3BR
9745,525,,120 W Cordova St,Completed,2010,Affordable Housing Societies,https://app.vancouver.ca/NonMarketHousing_NET/ProjectDetails.aspx?IndexNum=525,POINT (-123.10776216 49.28274231),Downtown,20,Design,Standard 3BR
9747,542,,2203 Skenna St,Completed,1962,BC Housing,https://app.vancouver.ca/NonMarketHousing_NET/ProjectDetails.aspx?IndexNum=542,POINT (-123.02907422 49.26414271),Hastings-Sunrise,50,Design,Standard 3BR
9760,691,,220 Princess Av,Completed,2015,Raincity Housing and Support Society,https://app.vancouver.ca/NonMarketHousing_NET/ProjectDetails.aspx?IndexNum=691,POINT (-123.09089702 49.2827536),Strathcona,11,Design,Standard 3BR
9770,766,,2610 Victoria,Completed,2016,Immigrant Services Society of BC (ISSofBC),https://app.vancouver.ca/NonMarketHousing_NET/ProjectDetails.aspx?IndexNum=766,POINT (-123.06540833 49.26105906),Kensington-Cedar Cottage,22,Design,Standard 3BR
9771,771,,730 E Hastings St,Completed,2017,YWCA Vancouver,https://app.vancouver.ca/NonMarketHousing_NET/ProjectDetails.aspx?IndexNum=771,POINT (-123.0888949 49.28082218),Strathcona,11,Design,Standard 3BR
9773,773,,3338 Sawmill Crescent,Completed,2025,M'akola Housing Society,https://app.vancouver.ca/NonMarketHousing_NET/ProjectDetails.aspx?IndexNum=773,POINT (-123.03388168 49.20633158),Killarney,69,Design,Standard 3BR
9775,781,,2922 E Kent Ave S,Completed,2019,Community Land Trust Foundation of BC,https://app.vancouver.ca/NonMarketHousing_NET/ProjectDetails.aspx?IndexNum=781,POINT (-123.04688164 49.20585236),Killarney,55,Design,Standard 3BR
9776,783,,3090 E 54th Ave,Completed,2019,YWCA Vancouver,https://app.vancouver.ca/NonMarketHousing_NET/ProjectDetails.aspx?IndexNum=783,POINT (-123.04175081 49.21988385),Killarney,3,Design,Standard 3BR
9777,784,,4105 Artbutus St,Completed,2021,YWCA Vancouver,https://app.vancouver.ca/NonMarketHousing_NET/ProjectDetails.aspx?IndexNum=784,POINT (-123.15398114 49.24854039),Arbutus Ridge,10,Design,Standard 3BR
9778,785,,706 W 13th Ave,Under Construction,,Metro Vancouver Housing Corporation,,,Unknown,13,Design,Standard 3BR
9782,795,,5155 Main St,Completed,2025,More Than A Roof Housing Society,https://app.vancouver.ca/NonMarketHousing_NET/ProjectDetails.aspx?IndexNum=795,POINT (-123.1020273 49.23848276),Riley Park,20,Design,Standard 3BR
9784,799,,1395 Davie St,Completed,2021,BC Indigenous Housing Society,https://app.vancouver.ca/NonMarketHousing_NET/ProjectDetails.aspx?IndexNum=799,POINT (-123.13567833 49.28367795),West End,6,Design,Standard 3BR
9785,801,,808 Nicola St,Completed,2024,City of Vancouver,https://app.vancouver.ca/NonMarketHousing_NET/ProjectDetails.aspx?IndexNum=801,POINT (-123.13082054 49.28809834),West End,16,Design,Standard 3BR
9787,808,,3245 Pierview Crescent,Completed,2021,Kinship Housing Co-operative,https://app.vancouver.ca/NonMarketHousing_NET/ProjectDetails.aspx?IndexNum=808,POINT (-123.03866101 49.20724891),Killarney,12,Design,Standard 3BR
9788,809,,3183 Pierview Crescent,Completed,2020,Kinship Housing Co-operative,https://app.vancouver.ca/NonMarketHousing_NET/ProjectDetails.aspx?IndexNum=809,POINT (-123.03975498 49.20767029),Killarney,25,Design,Standard 3BR
9791,829,,603 W 59th Ave,Completed,2022,S.U.C.C.E.S.S.,https://app.vancouver.ca/NonMarketHousing_NET/ProjectDetails.aspx?IndexNum=829,POINT (-123.11763069 49.21748457),Marpole,28,Design,Standard 3BR
9793,832,,1636 Clark Dr,Under Construction,,S.U.C.C.E.S.S.,https://app.vancouver.ca/NonMarketHousing_NET/ProjectDetails.aspx?IndexNum=832,POINT (-123.07634909 49.26993257),Grandview-Woodland,5,Design,Standard 3BR
9794,833,,1040-1080 Barclay St,Approved,,,,POINT (-123.1268872 49.28278154),West End,18,Design,Standard 3BR
9799,863,,616 E Cordova St,Completed,2022,Union Gospel Mission,https://app.vancouver.ca/NonMarketHousing_NET/ProjectDetails.aspx?IndexNum=863,POINT (-123.09098604 49.2818717),Strathcona,9,Design,Standard 3BR
9800,864,,750 - 772 Pacific Blvd,Approved,,,,POINT (-123.10926942 49.27433899),Downtown,23,Design,Standard 3BR
9804,880,,733 W 14th Ave,Completed,2020,Metro Vancouver Housing Corporation,https://app.vancouver.ca/NonMarketHousing_NET/ProjectDetails.aspx?IndexNum=880,POINT (-123.12117113 49.25887258),Fairview,13,Design,Standard 3BR
9805,886,,8460 Ash St & 8495 Cambie St,Under Construction,,,,POINT (-123.11850904 49.20851404),Marpole,28,Design,Standard 3BR
9806,888,,150 E 36th Ave,Under Construction,,,,,Unknown,11,Design,Standard 3BR
9807,893,,480 Broughton St,Under Construction,,,,POINT (-123.12518254 49.29006102),Downtown,11,Design,Standard 3BR
9808,895,,8725 French St,Completed,2024,Brightside Community Homes Foundation,https://app.vancouver.ca/NonMarketHousing_NET/ProjectDetails.aspx?IndexNum=895,POINT (-123.13964152 49.20669703),Marpole,10,Design,Standard 3BR
9820,932,,95 SW Marine Dr,Completed,2022,New Chelsea Society,https://app.vancouver.ca/NonMarketHousing_NET/ProjectDetails.aspx?IndexNum=932,POINT (-123.10844101 49.21273011),Marpole,10,Design,Standard 3BR
9821,943,,1656 Adanac St,Under Construction,,Entre Nous Femmes Housing Society,https://app.vancouver.ca/NonMarketHousing_NET/ProjectDetails.aspx?IndexNum=943,POINT (-123.0715201 49.27732861),Grandview-Woodland,14,Design,Standard 3BR
9822,949,,528 Powell St,Under Construction,,Lookout Housing and Health Society,,POINT (-123.09249245 49.2828015),Strathcona,10,Design,Standard 3BR
9827,969,,8427-8482 Cambie St,Proposed,,,,POINT (-123.11770046 49.20908476),Marpole,6,Design,Standard 3BR
9829,985,,8820 Cartier St,Completed,2024,Lookout Housing and Health Society,https://app.vancouver.ca/NonMarketHousing_NET/ProjectDetails.aspx?IndexNum=985,POINT (-123.13735164 49.20557857),Marpole,1,Design,Standard 3BR
9835,2,,1590 W 1st Ave,Completed,1983,Marina Co-op Housing Association,https://app.vancouver.ca/NonMarketHousing_NET/ProjectDetails.aspx?IndexNum=2,POINT (-123.14070438 49.2708485),Fairview,15,Design,Standard 3BR
9836,3,,1675 Cypress St,Completed,1986,Inti Co-op Housing Association,https://app.vancouver.ca/NonMarketHousing_NET/ProjectDetails.aspx?IndexNum=3,POINT (-123.14820598 49.27095637),Kitsilano,6,Design,Standard 3BR
9839,11,,1937 W 2nd Ave,Completed,1979,Community Alternatives Co-op Housing Association,https://app.vancouver.ca/NonMarketHousing_NET/ProjectDetails.aspx?IndexNum=11,POINT (-123.14884018 49.27007463),Kitsilano,6,Design,Standard 3BR
9840,14,,1580 E 3rd Ave,Completed,1985,Paloma Co-op Housing Association,https://app.vancouver.ca/NonMarketHousing_NET/ProjectDetails.aspx?IndexNum=14,POINT (-123.07135058 49.26754704),Grandview-Woodland,10,Design,Standard 3BR
9843,21,,1528 E 5th Ave,Completed,1987,Sunrise Co-op Housing Association,https://app.vancouver.ca/NonMarketHousing_NET/ProjectDetails.aspx?IndexNum=21,POINT (-123.07335792 49.26575239),Grandview-Woodland,13,Design,Standard 3BR
9844,22,,1556 E 5th Ave,Completed,1986,Rising Star Co-op Housing Association,https://app.vancouver.ca/NonMarketHousing_NET/ProjectDetails.aspx?IndexNum=22,POINT (-123.0721715 49.26574265),Grandview-Woodland,9,Design,Standard 3BR
9845,23,,1575 E 5th Ave,Completed,1986,BC Indigenous Housing Society,https://app.vancouver.ca/NonMarketHousing_NET/ProjectDetails.aspx?IndexNum=23,POINT (-123.07186116 49.26625345),Grandview-Woodland,2,Design,Standard 3BR
9846,29,,1865 E 10th Ave,Completed,1994,Burlington Heights Co-op Housing Assoc,https://app.vancouver.ca/NonMarketHousing_NET/ProjectDetails.aspx?IndexNum=29,POINT (-123.06687208 49.26161645),Kensington-Cedar Cottage,9,Design,Standard 3BR
9849,38,,960 W 6th Ave,Completed,1987,Charleston Terrace Co-op Housing Association,https://app.vancouver.ca/NonMarketHousing_NET/ProjectDetails.aspx?IndexNum=38,POINT (-123.12571992 49.26572477),Fairview,20,Design,Standard 3BR
9851,45,,1333 E 7th Ave,Completed,1985,BC Indigenous Housing Society,https://app.vancouver.ca/NonMarketHousing_NET/ProjectDetails.aspx?IndexNum=45,POINT (-123.07649546 49.26448248),Grandview-Woodland,4,Design,Standard 3BR
9854,54,,717 W 8th Ave,Completed,1986,Heritage Co-op Housing Association,https://app.vancouver.ca/NonMarketHousing_NET/ProjectDetails.aspx?IndexNum=54,POINT (-123.12042184 49.26446677),Fairview,22,Design,Standard 3BR
9856,63,,2060 W 10th Ave,Completed,1990,Vancouver Resource Society for the Physically Disabled,https://app.vancouver.ca/NonMarketHousing_NET/ProjectDetails.aspx?IndexNum=63,POINT (-123.15208112 49.26268769),Kitsilano,1,Design,Standard 3BR
9860,74,,2950 Heather St,Completed,1986,Domego Co-op Housing Association,https://app.vancouver.ca/NonMarketHousing_NET/ProjectDetails.aspx?IndexNum=74,POINT (-123.11952103 49.25905197),Fairview,13,Design,Standard 3BR
9861,75,,234 E 15th Ave,Completed,1986,Robson Park Co-op Housing Association,https://app.vancouver.ca/NonMarketHousing_NET/ProjectDetails.aspx?IndexNum=75,POINT (-123.09989042 49.26616758),Mount Pleasant,6,Design,Standard 3BR
9862,78,,1411 E 17th Ave,Completed,1984,Metro Vancouver Housing Corporation,https://app.vancouver.ca/NonMarketHousing_NET/ProjectDetails.aspx?IndexNum=78,POINT (-123.07540882 49.25571018),Kensington-Cedar Cottage,7,Design,Standard 3BR
9864,87,,449 E 44th Ave,Completed,1986,Griffin's Walk Co-op Housing Association,https://app.vancouver.ca/NonMarketHousing_NET/ProjectDetails.aspx?IndexNum=87,POINT (-123.09528457 49.23042163),Sunset,11,Design,Standard 3BR
9866,89,,7100 Killarney St,Completed,1989,Killarney Gardens Co-op Housing Association,https://app.vancouver.ca/NonMarketHousing_NET/ProjectDetails.aspx?IndexNum=89,POINT (-123.04367102 49.21915358),Killarney,103,Design,Standard 3BR
9867,90,,3217 E 58th Ave,Completed,1973,BC Housing,https://app.vancouver.ca/NonMarketHousing_NET/ProjectDetails.aspx?IndexNum=90,POINT (-123.03649042 49.21763425),Killarney,19,Design,Standard 3BR
9869,110,,1047 Barclay St,Completed,1985,Amicae Co-op Housing Association,https://app.vancouver.ca/NonMarketHousing_NET/ProjectDetails.aspx?IndexNum=110,POINT (-123.12576855 49.28281722),West End,18,Design,Standard 3BR
9871,114,,7155 Blake St,Completed,1975,Kanata Co-op Housing Association,https://app.vancouver.ca/NonMarketHousing_NET/ProjectDetails.aspx?IndexNum=114,POINT (-123.03056313 49.21811899),Killarney,70,Design,Standard 3BR
9875,139,,1528 Comox St,Completed,1977,BC Housing,https://app.vancouver.ca/NonMarketHousing_NET/ProjectDetails.aspx?IndexNum=139,POINT (-123.13615031 49.28597748),West End,4,Design,Standard 3BR
9880,163,,3520 Euclid Ave,Completed,1979,Metro Vancouver Housing Corporation,https://app.vancouver.ca/NonMarketHousing_NET/ProjectDetails.aspx?IndexNum=163,POINT (-123.02988574 49.2344612),Renfrew-Collingwood,17,Design,Standard 3BR
9882,171,,1856 E Georgia St,Completed,1987,BC Indigenous Housing Society,https://app.vancouver.ca/NonMarketHousing_NET/ProjectDetails.aspx?IndexNum=171,POINT (-123.0664843 49.27815551),Grandview-Woodland,6,Design,Standard 3BR
9883,176,,2775 Cooperative Way,Completed,1992,Kaslo Gardens Co-op Housing Association,https://app.vancouver.ca/NonMarketHousing_NET/ProjectDetails.aspx?IndexNum=176,POINT (-123.04775452 49.25738833),Renfrew-Collingwood,47,Design,Standard 3BR
9884,177,,2730 Cooperative Way,Completed,1992,Still Creek Co-op Housing Association,https://app.vancouver.ca/NonMarketHousing_NET/ProjectDetails.aspx?IndexNum=177,POINT (-123.04889439 49.25732576),Renfrew-Collingwood,34,Design,Standard 3BR
9886,183,,1550 Woodland Dr,Completed,1986,Sitka Co-op Housing Association,https://app.vancouver.ca/NonMarketHousing_NET/ProjectDetails.aspx?IndexNum=183,POINT (-123.07305553 49.27078715),Grandview-Woodland,6,Design,Standard 3BR
9887,184,,1339 Graveley St,Completed,1988,BC Indigenous Housing Society,https://app.vancouver.ca/NonMarketHousing_NET/ProjectDetails.aspx?IndexNum=184,POINT (-123.07637895 49.27082772),Grandview-Woodland,4,Design,Standard 3BR
9890,201,,8828 Hudson St,Completed,1988,Eburne Landing Co-op Housing Association,https://app.vancouver.ca/NonMarketHousing_NET/ProjectDetails.aspx?IndexNum=201,POINT (-123.13433186 49.20534612),Marpole,8,Design,Standard 3BR
9891,206,,705 Jackson Ave,Completed,1965,BC Housing,https://app.vancouver.ca/NonMarketHousing_NET/ProjectDetails.aspx?IndexNum=206,POINT (-123.09530078 49.27849526),Strathcona,13,Design,Standard 3BR
9894,217,,6100 Inverness St,Completed,1969,BC Housing,https://app.vancouver.ca/NonMarketHousing_NET/ProjectDetails.aspx?IndexNum=217,POINT (-123.07858498 49.22835508),Sunset,24,Design,Standard 3BR
9895,220,,1483 Lamey's Mill Rd,Completed,1985,Creekview Co-op Housing Association,https://app.vancouver.ca/NonMarketHousing_NET/ProjectDetails.aspx?IndexNum=220,POINT (-123.1370449 49.26932061),Fairview,27,Design,Standard 3BR
9897,224,,1189 Main St,Completed,1992,Affordable Housing Societies,https://app.vancouver.ca/NonMarketHousing_NET/ProjectDetails.aspx?IndexNum=224,POINT (-123.10049338 49.27408446),Downtown,13,Design,Standard 3BR
9898,225,,1129 Main St,Completed,1992,Affordable Housing Societies,https://app.vancouver.ca/NonMarketHousing_NET/ProjectDetails.aspx?IndexNum=225,POINT (-123.10047839 49.27455606),Downtown,8,Design,Standard 3BR
9899,228,,2680 Blanche St,Completed,1992,Red Door Housing Society,https://app.vancouver.ca/NonMarketHousing_NET/ProjectDetails.aspx?IndexNum=228,POINT (-123.05288401 49.20659423),Killarney,21,Design,Standard 3BR
9902,236,,3410 McIntyre Dr,Completed,1984,Arlington Grove Co-op Housing Association,https://app.vancouver.ca/NonMarketHousing_NET/ProjectDetails.aspx?IndexNum=236,POINT (-123.0314457 49.21961153),Killarney,29,Design,Standard 3BR
9905,240,,711 Millyard,Completed,1977,False Creek Co-op Housing Association,https://app.vancouver.ca/NonMarketHousing_NET/ProjectDetails.aspx?IndexNum=240,POINT (-123.12174954 49.26694875),Fairview,15,Design,Standard 3BR
9906,241,,16 Nanaimo St,Completed,1987,Affordable Housing Societies,https://app.vancouver.ca/NonMarketHousing_NET/ProjectDetails.aspx?IndexNum=241,POINT (-123.05609131 49.28423783),Hastings-Sunrise,17,Design,Standard 3BR
9907,242,,76 N Nanaimo St,Completed,1987,Affordable Housing Societies,https://app.vancouver.ca/NonMarketHousing_NET/ProjectDetails.aspx?IndexNum=242,POINT (-123.0560918 49.28535684),Hastings-Sunrise,6,Design,Standard 3BR
9910,248,,1763 Nelson St,Completed,1983,Sojourn Co-op Housing Association,https://app.vancouver.ca/NonMarketHousing_NET/ProjectDetails.aspx?IndexNum=248,POINT (-123.1377026 49.28912892),West End,2,Design,Standard 3BR
9912,251,,1110 Odlum Dr,Completed,1983,Tidal Flats Co-op Housing Association,https://app.vancouver.ca/NonMarketHousing_NET/ProjectDetails.aspx?IndexNum=251,POINT (-123.07546996 49.27463356),Grandview-Woodland,7,Design,Standard 3BR
9913,253,,128 N Nanaimo St,Completed,1992,Kiwassa Housing Society,https://app.vancouver.ca/NonMarketHousing_NET/ProjectDetails.aspx?IndexNum=253,POINT (-123.0558684 49.28599067),Hastings-Sunrise,8,Design,Standard 3BR
9914,257,,350 E Pender St,Completed,1982,Mau Dan Gardens Co-op Housing Association,https://app.vancouver.ca/NonMarketHousing_NET/ProjectDetails.aspx?IndexNum=257,POINT (-123.0957684 49.27984549),Strathcona,12,Design,Standard 3BR
9916,259,,853 E Pender St,Completed,1982,Rose Garden Co-op Housing Association,https://app.vancouver.ca/NonMarketHousing_NET/ProjectDetails.aspx?IndexNum=259,POINT (-123.0858665 49.28037655),Strathcona,4,Design,Standard 3BR
9918,279,,1725 E Pender St,Completed,1994,BC Indigenous Housing Society,https://app.vancouver.ca/NonMarketHousing_NET/ProjectDetails.aspx?IndexNum=279,POINT (-123.06970069 49.28053613),Grandview-Woodland,17,Design,Standard 3BR
9919,283,,7349 Rebekah Dr,Completed,1984,Affordable Housing Societies,https://app.vancouver.ca/NonMarketHousing_NET/ProjectDetails.aspx?IndexNum=283,POINT (-123.03881384 49.2177027),Killarney,30,Design,Standard 3BR
9921,292,,100 Semlin Dr,Completed,1977,Metro Vancouver Housing Corporation,https://app.vancouver.ca/NonMarketHousing_NET/ProjectDetails.aspx?IndexNum=292,POINT (-123.06334994 49.28365654),Grandview-Woodland,6,Design,Standard 3BR
9922,296,,1873 Spyglass Place,Completed,1984,Metro Vancouver Housing Corporation,https://app.vancouver.ca/NonMarketHousing_NET/ProjectDetails.aspx?IndexNum=296,POINT (-123.11579149 49.26864189),Fairview,6,Design,Standard 3BR
9924,305,,730 Union St,Completed,1975,Strathcona Co-op Housing Association,https://app.vancouver.ca/NonMarketHousing_NET/ProjectDetails.aspx?IndexNum=305,POINT (-123.08921553 49.27720434),Strathcona,3,Design,Standard 3BR
9929,338,,2260 W 10th Ave,Completed,1999,Arbutus Co-op Housing Association,https://app.vancouver.ca/NonMarketHousing_NET/ProjectDetails.aspx?IndexNum=338,POINT (-123.15663359 49.26266126),Kitsilano,6,Design,Standard 3BR
9930,345,,671 W 8th Ave,Completed,1998,Affordable Housing Societies,https://app.vancouver.ca/NonMarketHousing_NET/ProjectDetails.aspx?IndexNum=345,POINT (-123.11938593 49.26443301),Fairview,16,Design,Standard 3BR
9931,348,,2588 Nanaimo St,Completed,1998,Brightside Community Homes Foundation,https://app.vancouver.ca/NonMarketHousing_NET/ProjectDetails.aspx?IndexNum=348,POINT (-123.0561524 49.26134544),Renfrew-Collingwood,6,Design,Standard 3BR
9935,359,,837 E 52nd Ave,Completed,1996,New Chelsea Society,https://app.vancouver.ca/NonMarketHousing_NET/ProjectDetails.aspx?IndexNum=359,POINT (-123.08708207 49.22289499),Sunset,27,Design,Standard 3BR
9936,364,,1640 Graveley St,Completed,1998,Lu'Ma Native Housing Society,https://app.vancouver.ca/NonMarketHousing_NET/ProjectDetails.aspx?IndexNum=364,POINT (-123.07051679 49.27026481),Grandview-Woodland,6,Design,Standard 3BR
9942,380,,201 Alvin Narod Mews,Completed,2001,Affordable Housing Societies,https://app.vancouver.ca/NonMarketHousing_NET/ProjectDetails.aspx?IndexNum=380,POINT (-123.12004247 49.27489914),Downtown,21,Design,Standard 3BR
9944,394,,188 Milross Ave,Completed,2002,City Gate Co-op Hsg Asoc.,https://app.vancouver.ca/NonMarketHousing_NET/ProjectDetails.aspx?IndexNum=394,POINT (-123.10039806 49.27563582),Downtown,25,Design,Standard 3BR
9945,400,,1254 E 8th Ave,Completed,2004,Lu'Ma Native Housing Society,https://app.vancouver.ca/NonMarketHousing_NET/ProjectDetails.aspx?IndexNum=400,POINT (-123.07803227 49.2630781),Mount Pleasant,7,Design,Standard 3BR
9946,402,,2034 E Pender St,Completed,1981,Vancouver East Co-op Housing Association,https://app.vancouver.ca/NonMarketHousing_NET/ProjectDetails.aspx?IndexNum=402,POINT (-123.06279932 49.27992564),Grandview-Woodland,3,Design,Standard 3BR
9950,420,,1146 Comox St,Completed,2001,Mole Hill Community Housing Society,https://app.vancouver.ca/NonMarketHousing_NET/ProjectDetails.aspx?IndexNum=420,POINT (-123.13049068 49.28232982),West End,1,Design,Standard 3BR
9952,424,,1154 Comox St,Completed,2003,Mole Hill Community Housing Society,https://app.vancouver.ca/NonMarketHousing_NET/ProjectDetails.aspx?IndexNum=424,POINT (-123.13068653 49.2824566),West End,1,Design,Standard 3BR
9958,478,,200 Semlin Dr,Completed,1977,Metro Vancouver Housing Corporation,https://app.vancouver.ca/NonMarketHousing_NET/ProjectDetails.aspx?IndexNum=478,POINT (-123.06336388 49.2827525),Grandview-Woodland,6,Design,Standard 3BR
9965,533,,8475 Duff St,Completed,1985,Affordable Housing Societies,https://app.vancouver.ca/NonMarketHousing_NET/ProjectDetails.aspx?IndexNum=533,POINT (-123.06481634 49.20776282),Victoria-Fraserview,19,Design,Standard 3BR
9967,634,,2980 Nanaimo,Completed,2012,Lu'Ma Native Housing Society,https://app.vancouver.ca/NonMarketHousing_NET/ProjectDetails.aspx?IndexNum=634,POINT (-123.05614045 49.25719768),Renfrew-Collingwood,12,Design,Standard 3BR
9970,649,,151 W. 1st Ave.,Completed,2010,Co-operative Housing Federation of BC,https://app.vancouver.ca/NonMarketHousing_NET/ProjectDetails.aspx?IndexNum=649,POINT (-123.10861889 49.27064319),Mount Pleasant,17,Design,Standard 3BR
9983,791,,1495 W 8th Ave,Completed,2021,Vancouver Masonic Centre,https://app.vancouver.ca/NonMarketHousing_NET/ProjectDetails.aspx?IndexNum=791,POINT (-123.13751409 49.26497349),Fairview,2,Design,Standard 3BR
9986,800,,500-650 W 57th Ave,Approved,,,,POINT (-123.11780837 49.21835764),Marpole,36,Design,Standard 3BR
9989,814,,177 W Pender St,Under Construction,,Community Land Trust Foundation of BC,,POINT (-123.10920892 49.28166995),Downtown,1,Design,Standard 3BR
9990,815,,75 SW Marine Dr,Completed,2022,New Chelsea Society,https://app.vancouver.ca/NonMarketHousing_NET/ProjectDetails.aspx?IndexNum=815,POINT (-123.10773385 49.21271041),Marpole,10,Design,Standard 3BR
9992,831,,650 W 41st Ave,Under Construction,,Sanford Housing Society,,,Unknown,27,Design,Standard 3BR
9994,849,,625-777 Pacific St,Approved,,More Than A Roof Housing Society,,POINT (-123.12818293 49.27489867),Downtown,39,Design,Standard 3BR
9995,852,,1190 Burrard St,Under Construction,,McLaren Housing Society of BC,,,Unknown,4,Design,Standard 3BR
9997,857,,5250 Ash St,Approved,,,,POINT (-123.1173014 49.2376526),South Cambie,12,Design,Standard 3BR
9998,859,,3279 - 3297 Vanness Ave,Under Construction,,,,,Unknown,11,Design,Standard 3BR
10000,866,,3625 Sawmill Crescent,Completed,2021,Catalyst Community Developments Society,https://app.vancouver.ca/NonMarketHousing_NET/ProjectDetails.aspx?IndexNum=866,POINT (-123.02444018 49.20668835),Killarney,30,Design,Standard 3BR
10003,883,,1001 Kingsway,Proposed,,,,POINT (-123.08348134 49.25412044),Kensington-Cedar Cottage,5,Design,Standard 3BR
10004,889,,1885 E Pender St,Proposed,,,,POINT (-123.06602928 49.28048558),Grandview-Woodland,10,Design,Standard 3BR
10005,890,,4949-5255 Heather St & 657 W 37th Ave,Approved,,,,POINT (-123.12185811 49.24025538),South Cambie,108,Design,Standard 3BR
10006,891,,546 W 13th Ave,Under Construction,,Soroptimist Club of Vancouver,,,Unknown,13,Design,Standard 3BR
10008,896,,1317 Richard St & 508 Drake St,Under Construction,,,,POINT (-123.12635099 49.27484364),Downtown,10,Design,Standard 3BR
10009,898,,2924 Venables St,Under Construction,,Brightside Community Homes Foundation,https://app.vancouver.ca/NonMarketHousing_NET/ProjectDetails.aspx?IndexNum=898,,Unknown,10,Design,Standard 3BR
10010,901,,4902 James St,Under Construction,,BC Housing,https://app.vancouver.ca/NonMarketHousing_NET/ProjectDetails.aspx?IndexNum=901,,Unknown,29,Design,Standard 3BR
10013,920,,1210 Seymour St,Under Construction,,,https://app.vancouver.ca/NonMarketHousing_NET/ProjectDetails.aspx?IndexNum=920,POINT (-123.125212 49.27614383),Downtown,10,Design,Standard 3BR
10014,935,,949 W 41st Ave and 5469-5507 Willow St,Approved,,,,POINT (-123.12472797 49.23414343),South Cambie,66,Design,Standard 3BR
10015,937,,1810 Alberni St / 1818 Alberni,Under Construction,,,https://app.vancouver.ca/NonMarketHousing_NET/ProjectDetails.aspx?IndexNum=937,,Unknown,5,Design,Standard 3BR
10017,945,,774 W 13th Ave,Approved,,Metro Vancouver Housing Corporation,,,Unknown,20,Design,Standard 3BR
10018,947,,52-92 E Hastings St,Under Construction,,Lu'Ma Native Housing Society,,POINT (-123.10272097 49.28108972),Downtown,3,Design,Standard 3BR
10022,971,,1111 Broughton St,Proposed,,,,POINT (-123.13509264 49.28476615),West End,8,Design,Standard 3BR
10023,984,,388 Slocan,Completed,2024,YWCA Vancouver,https://app.vancouver.ca/NonMarketHousing_NET/ProjectDetails.aspx?IndexNum=984,POINT (-123.04884634 49.28142299),Hastings-Sunrise,3,Design,Standard 3BR
10024,988,,8559 Jack Uppal St,Completed,2025,Sawmill Co-op,https://app.vancouver.ca/NonMarketHousing_NET/ProjectDetails.aspx?IndexNum=988,POINT (-123.03388168 49.20633158),Killarney,20,Design,Standard 3BR
10028,12,,3859 W 2nd Ave,Completed,1980,Metro Vancouver Housing Corporation,https://app.vancouver.ca/NonMarketHousing_NET/ProjectDetails.aspx?IndexNum=12,POINT (-123.19038711 49.27045566),West Point Grey,29,Design,Standard 3BR
10030,17,,1534 E 4th Ave,Completed,1988,Entre Nous Femmes Housing Society,https://app.vancouver.ca/NonMarketHousing_NET/ProjectDetails.aspx?IndexNum=17,POINT (-123.07288057 49.266645),Grandview-Woodland,6,Design,Standard 3BR
10032,27,,5709 Wales St,Completed,1994,Brightside Community Homes Foundation,https://app.vancouver.ca/NonMarketHousing_NET/ProjectDetails.aspx?IndexNum=27,POINT (-123.05213397 49.23246527),Victoria-Fraserview,4,Design,Standard 3BR
10033,28,,2017 W 5th Ave,Completed,1984,Juniper Co-op Housing Association,https://app.vancouver.ca/NonMarketHousing_NET/ProjectDetails.aspx?IndexNum=28,POINT (-123.15092794 49.26749853),Kitsilano,1,Design,Standard 3BR
10036,37,,730 W 6th Ave,Completed,1992,Stan Stronge Noble House Co-op Housing Association,https://app.vancouver.ca/NonMarketHousing_NET/ProjectDetails.aspx?IndexNum=37,POINT (-123.12056203 49.26564344),Fairview,2,Design,Standard 3BR
10037,41,,775 E 7th Ave,Completed,1984,Jasmine Place Co-op Housing Association,https://app.vancouver.ca/NonMarketHousing_NET/ProjectDetails.aspx?IndexNum=41,POINT (-123.08761087 49.2645604),Mount Pleasant,9,Design,Standard 3BR
10040,52,,1330 E 8th Ave,Completed,1985,BC Indigenous Housing Society,https://app.vancouver.ca/NonMarketHousing_NET/ProjectDetails.aspx?IndexNum=52,POINT (-123.07666847 49.263058),Grandview-Woodland,4,Design,Standard 3BR
10041,55,,2053 W 8th Ave,Completed,1986,Maple Creek Co-op Housing Association,https://app.vancouver.ca/NonMarketHousing_NET/ProjectDetails.aspx?IndexNum=55,POINT (-123.15173449 49.26495895),Kitsilano,8,Design,Standard 3BR
10044,65,,1823 E 11th Ave,Completed,1990,Victoria Gardens Co-op Housing Assoc,https://app.vancouver.ca/NonMarketHousing_NET/ProjectDetails.aspx?IndexNum=65,POINT (-123.06745152 49.26070528),Kensington-Cedar Cottage,9,Design,Standard 3BR
10045,68,,2075 E 12th Ave,Completed,1983,Lakewood Terrace Co-op Housing Assoc,https://app.vancouver.ca/NonMarketHousing_NET/ProjectDetails.aspx?IndexNum=68,POINT (-123.06277581 49.25992897),Kensington-Cedar Cottage,18,Design,Standard 3BR
10046,72,,2204 W 13th Ave,Completed,1982,Yew Street Co-op Housing Association,https://app.vancouver.ca/NonMarketHousing_NET/ProjectDetails.aspx?IndexNum=72,POINT (-123.16658529 49.26018775),Kitsilano,3,Design,Standard 3BR
10050,85,,404 E 43rd Ave,Completed,1986,Crossroads Co-op Housing Association,https://app.vancouver.ca/NonMarketHousing_NET/ProjectDetails.aspx?IndexNum=85,POINT (-123.09676819 49.23083693),Sunset,6,Design,Standard 3BR
10051,92,,1516 W 71st Ave,Completed,1988,Rishon Co-op Housing Association,https://app.vancouver.ca/NonMarketHousing_NET/ProjectDetails.aspx?IndexNum=92,POINT (-123.14150123 49.20682197),Marpole,4,Design,Standard 3BR
10052,93,,1599 W 71st Ave,Completed,1984,Marine Court Co-op Housing Association,https://app.vancouver.ca/NonMarketHousing_NET/ProjectDetails.aspx?IndexNum=93,POINT (-123.14347965 49.20760295),Marpole,12,Design,Standard 3BR
10054,97,,3501 Naples Way,Completed,1982,Metro Vancouver Housing Corporation,https://app.vancouver.ca/NonMarketHousing_NET/ProjectDetails.aspx?IndexNum=97,POINT (-123.02876322 49.20853311),Killarney,93,Design,Standard 3BR
10058,113,,3401 E 43rd Ave,Completed,1986,Pacific Park Place Co-op Housing Association,https://app.vancouver.ca/NonMarketHousing_NET/ProjectDetails.aspx?IndexNum=113,POINT (-123.03003447 49.23126023),Killarney,21,Design,Standard 3BR
10060,119,,2616 W Broadway,Completed,1984,Kitsilano Terrace Co-op Housing Association,https://app.vancouver.ca/NonMarketHousing_NET/ProjectDetails.aspx?IndexNum=119,POINT (-123.16523828 49.26376668),Kitsilano,3,Design,Standard 3BR
10063,127,,3637 Cambie St,Completed,1982,Eight Oaks Co-op Housing Association,https://app.vancouver.ca/NonMarketHousing_NET/ProjectDetails.aspx?IndexNum=127,POINT (-123.11584604 49.25295523),South Cambie,4,Design,Standard 3BR
10064,131,,950 Cassiar St,Completed,1978,Adanac Village Co-op Housing Association,https://app.vancouver.ca/NonMarketHousing_NET/ProjectDetails.aspx?IndexNum=131,POINT (-123.02811463 49.2763955),Hastings-Sunrise,51,Design,Standard 3BR
10065,135,,1555 Charles St,Completed,1987,Charles Square Co-op Housing Association,https://app.vancouver.ca/NonMarketHousing_NET/ProjectDetails.aspx?IndexNum=135,POINT (-123.07198632 49.27333302),Grandview-Woodland,8,Design,Standard 3BR
10070,152,,8001 Curate Wynd,Completed,1983,Kinross Creek Co-op Housing Association,https://app.vancouver.ca/NonMarketHousing_NET/ProjectDetails.aspx?IndexNum=152,POINT (-123.02878208 49.21247171),Killarney,26,Design,Standard 3BR
10071,153,,2425 Cypress St,Completed,1976,BC Housing,https://app.vancouver.ca/NonMarketHousing_NET/ProjectDetails.aspx?IndexNum=153,POINT (-123.14845684 49.26444467),Kitsilano,1,Design,Standard 3BR
10072,162,,3274 Findlay St,Completed,1988,Trout Lake Co-op Housing Association,https://app.vancouver.ca/NonMarketHousing_NET/ProjectDetails.aspx?IndexNum=162,POINT (-123.06738984 49.25527408),Kensington-Cedar Cottage,4,Design,Standard 3BR
10073,166,,2250 Fraser St,Completed,1984,Emma G. Co-op Housing Association,https://app.vancouver.ca/NonMarketHousing_NET/ProjectDetails.aspx?IndexNum=166,POINT (-123.08876201 49.26456896),Mount Pleasant,1,Design,Standard 3BR
10075,169,,1529 W 71st Ave,Completed,1985,David Wetherow Co-op Housing Association,https://app.vancouver.ca/NonMarketHousing_NET/ProjectDetails.aspx?IndexNum=169,POINT (-123.14167259 49.20734942),Marpole,17,Design,Standard 3BR
10076,170,,1750 E Georgia St,Completed,1985,Lu'Ma Native Housing Society,https://app.vancouver.ca/NonMarketHousing_NET/ProjectDetails.aspx?IndexNum=170,POINT (-123.06934118 49.27818934),Grandview-Woodland,13,Design,Standard 3BR
10077,173,,8450 Portside Dr,Completed,1988,Riverside Landing Co-op Housing Association,https://app.vancouver.ca/NonMarketHousing_NET/ProjectDetails.aspx?IndexNum=173,POINT (-123.06053178 49.2067025),Victoria-Fraserview,32,Design,Standard 3BR
10081,187,,3608 SE Marine Dr,Completed,1993,City Edge Co-op Housing Association,https://app.vancouver.ca/NonMarketHousing_NET/ProjectDetails.aspx?IndexNum=187,POINT (-123.02479866 49.20740193),Killarney,23,Design,Standard 3BR
10083,194,,2518 E Hastings St,Completed,1992,Entre Nous Femmes Housing Society,https://app.vancouver.ca/NonMarketHousing_NET/ProjectDetails.aspx?IndexNum=194,POINT (-123.05409967 49.28088658),Hastings-Sunrise,2,Design,Standard 3BR
10084,195,,3080 Heather St,Completed,1986,Societe d'Habitation La Verendrye,https://app.vancouver.ca/NonMarketHousing_NET/ProjectDetails.aspx?IndexNum=195,POINT (-123.11942972 49.2576848),Fairview,4,Design,Standard 3BR
10087,204,,4210 Kamloops St,Completed,1990,New Chelsea Society,https://app.vancouver.ca/NonMarketHousing_NET/ProjectDetails.aspx?IndexNum=204,POINT (-123.0536508 49.24692571),Renfrew-Collingwood,9,Design,Standard 3BR
10089,207,,5075 Boundary Rd,Completed,1993,Lu'Ma Native Housing Society,https://app.vancouver.ca/NonMarketHousing_NET/ProjectDetails.aspx?IndexNum=207,POINT (-123.02402887 49.23848485),Renfrew-Collingwood,10,Design,Standard 3BR
10092,212,,2898 Kingsway,Completed,1987,Dundee Court Co-op Housing Association,https://app.vancouver.ca/NonMarketHousing_NET/ProjectDetails.aspx?IndexNum=212,POINT (-123.04678992 49.23580848),Renfrew-Collingwood,29,Design,Standard 3BR
10093,213,,3090 Kingsway,Completed,1987,Synala Co-op Housing Association,https://app.vancouver.ca/NonMarketHousing_NET/ProjectDetails.aspx?IndexNum=213,POINT (-123.04054032 49.23510381),Renfrew-Collingwood,16,Design,Standard 3BR
10095,216,,1475 Kitchener St,Completed,1982,Lu'Ma Native Housing Society,https://app.vancouver.ca/NonMarketHousing_NET/ProjectDetails.aspx?IndexNum=216,POINT (-123.07429154 49.27241953),Grandview-Woodland,9,Design,Standard 3BR
10096,218,,1399 Fountain Way,Completed,1980,Wellington Society,https://app.vancouver.ca/NonMarketHousing_NET/ProjectDetails.aspx?IndexNum=218,POINT (-123.13509226 49.26804963),Fairview,8,Design,Standard 3BR
10099,232,,8695 SW Marine Dr,Completed,1986,Marpole Terrace Co-op Housing Association,https://app.vancouver.ca/NonMarketHousing_NET/ProjectDetails.aspx?IndexNum=232,POINT (-123.14269428 49.20753063),Marpole,4,Design,Standard 3BR
10100,238,,1501 Woodland Dr,Completed,1969,BC Housing,https://app.vancouver.ca/NonMarketHousing_NET/ProjectDetails.aspx?IndexNum=238,POINT (-123.07443151 49.27099676),Grandview-Woodland,10,Design,Standard 3BR
10101,246,,1455 Napier St,Completed,1980,Grandview Co-op Housing Association,https://app.vancouver.ca/NonMarketHousing_NET/ProjectDetails.aspx?IndexNum=246,POINT (-123.07485783 49.27517909),Grandview-Woodland,7,Design,Standard 3BR
10102,250,,7601 Bywell Crt,Completed,1979,Metro Vancouver Housing Corporation,https://app.vancouver.ca/NonMarketHousing_NET/ProjectDetails.aspx?IndexNum=250,POINT (-123.02658047 49.21503813),Killarney,63,Design,Standard 3BR
10107,263,,1763 E Pender St,Completed,1985,Leveller's Co-op Housing Association,https://app.vancouver.ca/NonMarketHousing_NET/ProjectDetails.aspx?IndexNum=263,POINT (-123.06880418 49.28051041),Grandview-Woodland,6,Design,Standard 3BR
10108,264,,1823 E Pender St,Completed,1989,BC Indigenous Housing Society,https://app.vancouver.ca/NonMarketHousing_NET/ProjectDetails.aspx?IndexNum=264,POINT (-123.0673884 49.28050551),Grandview-Woodland,6,Design,Standard 3BR
10109,268,,3306 E 5th Ave / 3350 E 5th Ave,Completed,1992,Hopehill,https://app.vancouver.ca/NonMarketHousing_NET/ProjectDetails.aspx?IndexNum=268,POINT (-123.03206317 49.26534752),Hastings-Sunrise,1,Design,Standard 3BR
10117,287,,5250 Rupert St,Completed,1987,Alberni Co-op Housing Association,https://app.vancouver.ca/NonMarketHousing_NET/ProjectDetails.aspx?IndexNum=287,POINT (-123.04097739 49.2365991),Renfrew-Collingwood,15,Design,Standard 3BR
10119,310,,2431 Vine St,Completed,1979,Kiwassa Housing Society,https://app.vancouver.ca/NonMarketHousing_NET/ProjectDetails.aspx?IndexNum=310,POINT (-123.15791342 49.26419383),Kitsilano,5,Design,Standard 3BR
10122,324,,3691 Vanness Ave,Completed,1996,New Chelsea Society,https://app.vancouver.ca/NonMarketHousing_NET/ProjectDetails.aspx?IndexNum=324,POINT (-123.02406143 49.23533146),Renfrew-Collingwood,11,Design,Standard 3BR
10125,333,,1975 E 12th Ave,Completed,1995,YWCA Vancouver,https://app.vancouver.ca/NonMarketHousing_NET/ProjectDetails.aspx?IndexNum=333,POINT (-123.06448489 49.25978589),Kensington-Cedar Cottage,8,Design,Standard 3BR
10126,336,,1267 Marinaside Cres,Completed,1998,Roundhouse Co-op Housing Association,https://app.vancouver.ca/NonMarketHousing_NET/ProjectDetails.aspx?IndexNum=336,POINT (-123.12091871 49.27286767),Downtown,34,Design,Standard 3BR
10131,347,,599 Nicola St,Completed,1998,Coal Harbour Co-op Housing Association,https://app.vancouver.ca/NonMarketHousing_NET/ProjectDetails.aspx?IndexNum=347,POINT (-123.12895356 49.29092964),Downtown,26,Design,Standard 3BR
10136,375,,1041 Comox St,Completed,1998,Wings Housing Society,https://app.vancouver.ca/NonMarketHousing_NET/ProjectDetails.aspx?IndexNum=375,POINT (-123.12781211 49.28133297),West End,3,Design,Standard 3BR
10137,378,,3278 Vanness  Ave,Completed,2000,Affordable Housing Societies,https://app.vancouver.ca/NonMarketHousing_NET/ProjectDetails.aspx?IndexNum=378,POINT (-123.03529409 49.23940019),Renfrew-Collingwood,4,Design,Standard 3BR
10142,392,,1114 Comox St,Completed,2001,Mole Hill Community Housing Society,https://app.vancouver.ca/NonMarketHousing_NET/ProjectDetails.aspx?IndexNum=392,POINT (-123.12980301 49.28188437),West End,1,Design,Standard 3BR
10143,393,,1288 W Cordova St,Completed,2002,Affordable Housing Societies,https://app.vancouver.ca/NonMarketHousing_NET/ProjectDetails.aspx?IndexNum=393,POINT (-123.12376394 49.28954846),Downtown,38,Design,Standard 3BR
10144,395,,3501 Euclid Ave,Completed,2001,Collingwood Village Co-op Housing Association,https://app.vancouver.ca/NonMarketHousing_NET/ProjectDetails.aspx?IndexNum=395,POINT (-123.02973841 49.23530774),Renfrew-Collingwood,27,Design,Standard 3BR
10146,406,,1857 Venables St,Completed,1980,Vancouver East Co-op Housing Association,https://app.vancouver.ca/NonMarketHousing_NET/ProjectDetails.aspx?IndexNum=406,POINT (-123.06689398 49.2768758),Grandview-Woodland,1,Design,Standard 3BR
10151,419,,1140 Comox St,Completed,2001,Mole Hill Community Housing Society,https://app.vancouver.ca/NonMarketHousing_NET/ProjectDetails.aspx?IndexNum=419,POINT (-123.13039241 49.28226616),West End,1,Design,Standard 3BR
10153,428,,1110 Bute St,Completed,2003,Mole Hill Community Housing Society,https://app.vancouver.ca/NonMarketHousing_NET/ProjectDetails.aspx?IndexNum=428,POINT (-123.1316637 49.28264692),West End,1,Design,Standard 3BR
10154,429,,1122 Bute St,Completed,2003,Mole Hill Community Housing Society,https://app.vancouver.ca/NonMarketHousing_NET/ProjectDetails.aspx?IndexNum=429,POINT (-123.1318566 49.28251929),West End,1,Design,Standard 3BR
10164,462,,907 Lamey's Mill,Completed,1977,False Creek Co-op Housing Association,https://app.vancouver.ca/NonMarketHousing_NET/ProjectDetails.aspx?IndexNum=462,POINT (-123.12771481 49.26695534),Fairview,25,Design,Standard 3BR
10165,463,,401 Keefer St,Completed,1982,Mau Dan Gardens Co-op Housing Association,https://app.vancouver.ca/NonMarketHousing_NET/ProjectDetails.aspx?IndexNum=463,POINT (-123.09455401 49.27966571),Strathcona,26,Design,Standard 3BR
10168,477,,150 Semlin Dr,Completed,1977,Metro Vancouver Housing Corporation,https://app.vancouver.ca/NonMarketHousing_NET/ProjectDetails.aspx?IndexNum=477,POINT (-123.06295686 49.28326456),Grandview-Woodland,6,Design,Standard 3BR
10169,486,,1424 Comox St,Completed,1977,BC Housing,https://app.vancouver.ca/NonMarketHousing_NET/ProjectDetails.aspx?IndexNum=486,POINT (-123.13496572 49.28521426),West End,3,Design,Standard 3BR
10200,721,,2035 Trafalgar St,Completed,1981,Trafalgar Co-op Housing Association,https://app.vancouver.ca/NonMarketHousing_NET/ProjectDetails.aspx?IndexNum=721,POINT (-123.16483491 49.26767786),Kitsilano,7,Design,Standard 3BR
10208,779,,2833 E KENT AVE N,Completed,2020,Fraserview Housing Co-operative,https://app.vancouver.ca/NonMarketHousing_NET/ProjectDetails.aspx?IndexNum=779,POINT (-123.04977348 49.20687475),Killarney,10,Design,Standard 3BR
10209,780,,2777 E KENT AVE N,Completed,2020,Tikva Housing Society,https://app.vancouver.ca/NonMarketHousing_NET/ProjectDetails.aspx?IndexNum=780,POINT (-123.04977348 49.20687475),Killarney,32,Design,Standard 3BR
10212,793,,1045 Nelson St,Completed,2024,TPM Real Estate Management Ltd,https://app.vancouver.ca/NonMarketHousing_NET/ProjectDetails.aspx?IndexNum=793,POINT (-123.12645824 49.28185115),West End,5,Design,Standard 3BR
10214,804,,2425 St. Catherines St,Completed,2021,Red Door Housing Society,https://app.vancouver.ca/NonMarketHousing_NET/ProjectDetails.aspx?IndexNum=804,POINT (-123.08566017 49.2631267),Mount Pleasant,24,Design,Standard 3BR
10215,806,,95 E 1st Ave,Completed,2018,Community Land Trust Foundation of BC,https://app.vancouver.ca/NonMarketHousing_NET/ProjectDetails.aspx?IndexNum=806,POINT (-123.10318172 49.27045793),Mount Pleasant,28,Design,Standard 3BR
10216,807,,3185 Riverwalk Ave,Completed,2021,S.U.C.C.E.S.S.,https://app.vancouver.ca/NonMarketHousing_NET/ProjectDetails.aspx?IndexNum=807,POINT (-123.03904061 49.20603626),Killarney,24,Design,Standard 3BR
10217,812,,2221 Main St,Completed,2021,Catalyst Community Developments Society,https://app.vancouver.ca/NonMarketHousing_NET/ProjectDetails.aspx?IndexNum=812,POINT (-123.10137992 49.2651573),Mount Pleasant,30,Design,Standard 3BR
10219,817,,1015 E Hastings St,Under Construction,,Community Land Trust Foundation of BC,,POINT (-123.08179571 49.28130782),Strathcona,10,Design,Standard 3BR
10222,821,,1766 Frances St,Under Construction,,,,POINT (-123.06892602 49.2790927),Grandview-Woodland,5,Design,Standard 3BR
10229,851,,2009-2037 Stainsbury Ave,Under Construction,,More Than a Roof Housing Society,,,Unknown,16,Design,Standard 3BR
10230,853,,305 Main St,Proposed,,Happy Harvest,,POINT (-123.10007981 49.28202383),Downtown,6,Design,Standard 3BR
10232,858,,418-496 Alexander St,Approved,,Atira Women’s Resource Society,,POINT (-123.09425793 49.28372966),Strathcona,23,Design,Standard 3BR
10233,865,,950 W 41st Ave,Approved,,,,POINT (-123.12599122 49.23344379),Oakridge,59,Design,Standard 3BR
10235,868,,601 Beach Crescent,Approved,,,,POINT (-123.12954822 49.27398575),Downtown,25,Design,Standard 3BR
10242,884,,282 W 49th Ave,Approved,,YWCA Vancouver,,POINT (-123.11234239 49.22533108),Oakridge,17,Design,Standard 3BR
10243,887,,1063-1075 Barclay St,Approved,,,,POINT (-123.12635834 49.28319893),West End,22,Design,Standard 3BR
10244,892,,622 SW Marine Dr,Under Construction,,YWCA Vancouver,,,Unknown,9,Design,Standard 3BR
10245,899,,349 E 6th Ave,Completed,2024,Brightside Community Homes Foundation,https://app.vancouver.ca/NonMarketHousing_NET/ProjectDetails.aspx?IndexNum=899,POINT (-123.09724906 49.2656987),Mount Pleasant,4,Design,Standard 3BR
10249,924,,2108-2408 Cassiar St,Approved,,,https://app.vancouver.ca/NonMarketHousing_NET/ProjectDetails.aspx?IndexNum=924,POINT (-123.03033314 49.26414502),Hastings-Sunrise,237,Design,Standard 3BR
10251,929,,998 E 19th Ave,Approved,,,,POINT (-123.08438908 49.25336844),Kensington-Cedar Cottage,12,Design,Standard 3BR
10252,934,,1710-1730 E Pender St,Approved,,Lu'Ma Native Housing Society,,POINT (-123.07002235 49.28001135),Grandview-Woodland,28,Design,Standard 3BR
10259,18,,1560 E 4th Ave,Completed,1989,BC Indigenous Housing Society,https://app.vancouver.ca/NonMarketHousing_NET/ProjectDetails.aspx?IndexNum=18,POINT (-123.0718679 49.2666326),Grandview-Woodland,5,Design,Standard 4BR
10260,20,,675 E 5th Ave,Completed,1985,Northern Way Co-op Housing Association,https://app.vancouver.ca/NonMarketHousing_NET/ProjectDetails.aspx?IndexNum=20,POINT (-123.09065341 49.26639799),Mount Pleasant,1,Design,Standard 4BR
10262,33,,2875 E 6th Ave,Completed,1990,Sch'eyk Housing Society,https://app.vancouver.ca/NonMarketHousing_NET/ProjectDetails.aspx?IndexNum=33,POINT (-123.04515669 49.26502759),Hastings-Sunrise,3,Design,Standard 4BR
10267,51,,1230 E 8th Ave,Completed,1987,China Creek Co-op Housing Association,https://app.vancouver.ca/NonMarketHousing_NET/ProjectDetails.aspx?IndexNum=51,POINT (-123.07922139 49.26307424),Mount Pleasant,1,Design,Standard 4BR
10273,81,,2270 E 25th Ave,Completed,1971,BC Housing,https://app.vancouver.ca/NonMarketHousing_NET/ProjectDetails.aspx?IndexNum=81,POINT (-123.05903401 49.24741422),Kensington-Cedar Cottage,6,Design,Standard 4BR
10274,86,,3545 E 43rd Ave,Completed,1985,HW Flesher Co-op Housing Association,https://app.vancouver.ca/NonMarketHousing_NET/ProjectDetails.aspx?IndexNum=86,POINT (-123.0282517 49.23143252),Killarney,2,Design,Standard 4BR
10283,115,,3502-98 Bluejay Cr,Completed,1981,Matheson Heights Co-op Housing Association,https://app.vancouver.ca/NonMarketHousing_NET/ProjectDetails.aspx?IndexNum=115,POINT (-123.02641787 49.21275024),Killarney,10,Design,Standard 4BR
10287,129,,512 Campbell Ave,Completed,1967,BC Housing,https://app.vancouver.ca/NonMarketHousing_NET/ProjectDetails.aspx?IndexNum=129,POINT (-123.08401895 49.27900972),Strathcona,20,Design,Standard 4BR
10288,132,,3400 E 5th Av,Completed,1962,BC Housing,https://app.vancouver.ca/NonMarketHousing_NET/ProjectDetails.aspx?IndexNum=132,POINT (-123.03033314 49.26414502),Hastings-Sunrise,20,Design,Standard 4BR
10291,140,,3502-3672 Cordiale Dr,Completed,1982,Le Coeur Co-op Housing Association,https://app.vancouver.ca/NonMarketHousing_NET/ProjectDetails.aspx?IndexNum=140,POINT (-123.02601179 49.20962267),Killarney,4,Design,Standard 4BR
10293,154,,3564 Dease Lane,Completed,1972,De Cosmos Village Co-op Housing Association,https://app.vancouver.ca/NonMarketHousing_NET/ProjectDetails.aspx?IndexNum=154,POINT (-123.02554929 49.2228022),Killarney,5,Design,Standard 4BR
10298,174,,2535 Grandview Hwy N,Completed,1977,Metro Vancouver Housing Corporation,https://app.vancouver.ca/NonMarketHousing_NET/ProjectDetails.aspx?IndexNum=174,POINT (-123.05390317 49.25849645),Renfrew-Collingwood,7,Design,Standard 4BR
10308,202,,350 Keefer St,Completed,1970,BC Housing,https://app.vancouver.ca/NonMarketHousing_NET/ProjectDetails.aspx?IndexNum=202,POINT (-123.09530078 49.27849526),Strathcona,22,Design,Standard 4BR
10312,231,,1592 SW Marine Dr,Completed,1986,Wits' End Co-op Housing Association,https://app.vancouver.ca/NonMarketHousing_NET/ProjectDetails.aspx?IndexNum=231,POINT (-123.14375724 49.20824039),Marpole,5,Design,Standard 4BR
10313,235,,3381 Marquette Cr,Completed,1982,Cedar Mill Co-op Housing Association,https://app.vancouver.ca/NonMarketHousing_NET/ProjectDetails.aspx?IndexNum=235,POINT (-123.03115912 49.21293165),Killarney,5,Design,Standard 4BR
10314,244,,5701 Nanaimo St,Completed,1959,BC Housing,https://app.vancouver.ca/NonMarketHousing_NET/ProjectDetails.aspx?IndexNum=244,POINT (-123.05939466 49.23115573),Victoria-Fraserview,3,Design,Standard 4BR
10315,245,,1416 Napier St,Completed,1981,Watershed Co-op Housing Association,https://app.vancouver.ca/NonMarketHousing_NET/ProjectDetails.aspx?IndexNum=245,POINT (-123.07496109 49.27451785),Grandview-Woodland,2,Design,Standard 4BR
10326,286,,4830 Rupert St,Completed,1971,BC Housing,https://app.vancouver.ca/NonMarketHousing_NET/ProjectDetails.aspx?IndexNum=286,POINT (-123.03639148 49.24060975),Renfrew-Collingwood,3,Design,Standard 4BR
10327,288,,5748 Rupert St,Completed,1991,Brightside Community Homes Foundation,https://app.vancouver.ca/NonMarketHousing_NET/ProjectDetails.aspx?IndexNum=288,POINT (-123.04269371 49.23202084),Killarney,2,Design,Standard 4BR
10332,297,,2832 St George St,Completed,1982,Robson Park Co-op Housing Association,https://app.vancouver.ca/NonMarketHousing_NET/ProjectDetails.aspx?IndexNum=297,POINT (-123.09273013 49.25909002),Mount Pleasant,1,Design,Standard 4BR
10333,298,,7401 Talon Square,Completed,1978,La Petite Maison Co-op Housing Association,https://app.vancouver.ca/NonMarketHousing_NET/ProjectDetails.aspx?IndexNum=298,POINT (-123.02619985 49.21703561),Killarney,4,Design,Standard 4BR
10334,300,,1091 Sitka Square,Completed,1977,New Chelsea Society,https://app.vancouver.ca/NonMarketHousing_NET/ProjectDetails.aspx?IndexNum=300,POINT (-123.13016336 49.26687114),Fairview,12,Design,Standard 4BR
10335,303,,3641 Tuaq Dr,Completed,1982,Alexander Laidlaw Co-op Housing Association,https://app.vancouver.ca/NonMarketHousing_NET/ProjectDetails.aspx?IndexNum=303,POINT (-123.02555612 49.20868184),Killarney,8,Design,Standard 4BR
10338,308,,2033 Ferndale St,Completed,1981,Vancouver East Co-op Housing Association,https://app.vancouver.ca/NonMarketHousing_NET/ProjectDetails.aspx?IndexNum=308,POINT (-123.06279932 49.27992564),Grandview-Woodland,1,Design,Standard 4BR
10339,309,,3548 Victoria Dr,Completed,1991,New Chelsea Society,https://app.vancouver.ca/NonMarketHousing_NET/ProjectDetails.aspx?IndexNum=309,POINT (-123.0656301 49.25319001),Kensington-Cedar Cottage,2,Design,Standard 4BR
10343,322,,2390 Grandview Hwy S.,Completed,1994,New Chelsea Society,https://app.vancouver.ca/NonMarketHousing_NET/ProjectDetails.aspx?IndexNum=322,POINT (-123.05716498 49.2575755),Kensington-Cedar Cottage,3,Design,Standard 4BR
10344,325,,1774 E Kent Ave S,Completed,1995,Affordable Housing Societies,https://app.vancouver.ca/NonMarketHousing_NET/ProjectDetails.aspx?IndexNum=325,POINT (-123.06946548 49.20783398),Victoria-Fraserview,4,Design,Standard 4BR
10354,349,,1010 Pacific Blvd,Completed,1999,Red Door Housing Society,https://app.vancouver.ca/NonMarketHousing_NET/ProjectDetails.aspx?IndexNum=349,POINT (-123.1155317 49.27357694),Downtown,10,Design,Standard 4BR
10362,377,,2320 Franklin St,Completed,2001,Kiwassa Housing Society,https://app.vancouver.ca/NonMarketHousing_NET/ProjectDetails.aspx?IndexNum=377,POINT (-123.05727353 49.2818226),Grandview-Woodland,3,Design,Standard 4BR
10364,386,,239 E Georgia St,Completed,2002,Lore Krill Co-operative Housing Association,https://app.vancouver.ca/NonMarketHousing_NET/ProjectDetails.aspx?IndexNum=386,POINT (-123.09841302 49.27881639),Strathcona,10,Design,Standard 4BR
10382,464,,400 E Pender St,Completed,1982,Mau Dan Gardens Co-op Housing Association,https://app.vancouver.ca/NonMarketHousing_NET/ProjectDetails.aspx?IndexNum=464,POINT (-123.09467412 49.27999087),Strathcona,4,Design,Standard 4BR
10383,472,,3390 School Ave,Completed,1984,Chilean Co-op Housing Association,https://app.vancouver.ca/NonMarketHousing_NET/ProjectDetails.aspx?IndexNum=472,POINT (-123.03304017 49.23080241),Killarney,8,Design,Standard 4BR
10388,542,,2203 Skenna St,Completed,1962,BC Housing,https://app.vancouver.ca/NonMarketHousing_NET/ProjectDetails.aspx?IndexNum=542,POINT (-123.02907422 49.26414271),Hastings-Sunrise,4,Design,Standard 4BR
10446,886,,8460 Ash St & 8495 Cambie St,Under Construction,,,,POINT (-123.11850904 49.20851404),Marpole,2,Design,Standard 4BR
10462,943,,1656 Adanac St,Under Construction,,Entre Nous Femmes Housing Society,https://app.vancouver.ca/NonMarketHousing_NET/ProjectDetails.aspx?IndexNum=943,POINT (-123.0715201 49.27732861),Grandview-Woodland,2,Design,Standard 4BR
10477,3,,1675 Cypress St,Completed,1986,Inti Co-op Housing Association,https://app.vancouver.ca/NonMarketHousing_NET/ProjectDetails.aspx?IndexNum=3,POINT (-123.14820598 49.27095637),Kitsilano,2,Design,Standard 4BR
10480,11,,1937 W 2nd Ave,Completed,1979,Community Alternatives Co-op Housing Association,https://app.vancouver.ca/NonMarketHousing_NET/ProjectDetails.aspx?IndexNum=11,POINT (-123.14884018 49.27007463),Kitsilano,3,Design,Standard 4BR
10486,23,,1575 E 5th Ave,Completed,1986,BC Indigenous Housing Society,https://app.vancouver.ca/NonMarketHousing_NET/ProjectDetails.aspx?IndexNum=23,POINT (-123.07186116 49.26625345),Grandview-Woodland,5,Design,Standard 4BR
10487,29,,1865 E 10th Ave,Completed,1994,Burlington Heights Co-op Housing Assoc,https://app.vancouver.ca/NonMarketHousing_NET/ProjectDetails.aspx?IndexNum=29,POINT (-123.06687208 49.26161645),Kensington-Cedar Cottage,1,Design,Standard 4BR
10508,90,,3217 E 58th Ave,Completed,1973,BC Housing,https://app.vancouver.ca/NonMarketHousing_NET/ProjectDetails.aspx?IndexNum=90,POINT (-123.03649042 49.21763425),Killarney,8,Design,Standard 4BR
10512,114,,7155 Blake St,Completed,1975,Kanata Co-op Housing Association,https://app.vancouver.ca/NonMarketHousing_NET/ProjectDetails.aspx?IndexNum=114,POINT (-123.03056313 49.21811899),Killarney,20,Design,Standard 4BR
10523,171,,1856 E Georgia St,Completed,1987,BC Indigenous Housing Society,https://app.vancouver.ca/NonMarketHousing_NET/ProjectDetails.aspx?IndexNum=171,POINT (-123.0664843 49.27815551),Grandview-Woodland,6,Design,Standard 4BR
10527,183,,1550 Woodland Dr,Completed,1986,Sitka Co-op Housing Association,https://app.vancouver.ca/NonMarketHousing_NET/ProjectDetails.aspx?IndexNum=183,POINT (-123.07305553 49.27078715),Grandview-Woodland,1,Design,Standard 4BR
10528,184,,1339 Graveley St,Completed,1988,BC Indigenous Housing Society,https://app.vancouver.ca/NonMarketHousing_NET/ProjectDetails.aspx?IndexNum=184,POINT (-123.07637895 49.27082772),Grandview-Woodland,9,Design,Standard 4BR
10532,206,,705 Jackson Ave,Completed,1965,BC Housing,https://app.vancouver.ca/NonMarketHousing_NET/ProjectDetails.aspx?IndexNum=206,POINT (-123.09530078 49.27849526),Strathcona,7,Design,Standard 4BR
10535,217,,6100 Inverness St,Completed,1969,BC Housing,https://app.vancouver.ca/NonMarketHousing_NET/ProjectDetails.aspx?IndexNum=217,POINT (-123.07858498 49.22835508),Sunset,16,Design,Standard 4BR
10543,236,,3410 McIntyre Dr,Completed,1984,Arlington Grove Co-op Housing Association,https://app.vancouver.ca/NonMarketHousing_NET/ProjectDetails.aspx?IndexNum=236,POINT (-123.0314457 49.21961153),Killarney,2,Design,Standard 4BR
10546,240,,711 Millyard,Completed,1977,False Creek Co-op Housing Association,https://app.vancouver.ca/NonMarketHousing_NET/ProjectDetails.aspx?IndexNum=240,POINT (-123.12174954 49.26694875),Fairview,22,Design,Standard 4BR
10547,241,,16 Nanaimo St,Completed,1987,Affordable Housing Societies,https://app.vancouver.ca/NonMarketHousing_NET/ProjectDetails.aspx?IndexNum=241,POINT (-123.05609131 49.28423783),Hastings-Sunrise,1,Design,Standard 4BR
10559,279,,1725 E Pender St,Completed,1994,BC Indigenous Housing Society,https://app.vancouver.ca/NonMarketHousing_NET/ProjectDetails.aspx?IndexNum=279,POINT (-123.06970069 49.28053613),Grandview-Woodland,8,Design,Standard 4BR
10565,305,,730 Union St,Completed,1975,Strathcona Co-op Housing Association,https://app.vancouver.ca/NonMarketHousing_NET/ProjectDetails.aspx?IndexNum=305,POINT (-123.08921553 49.27720434),Strathcona,1,Design,Standard 4BR
10570,338,,2260 W 10th Ave,Completed,1999,Arbutus Co-op Housing Association,https://app.vancouver.ca/NonMarketHousing_NET/ProjectDetails.aspx?IndexNum=338,POINT (-123.15663359 49.26266126),Kitsilano,5,Design,Standard 4BR
10571,345,,671 W 8th Ave,Completed,1998,Affordable Housing Societies,https://app.vancouver.ca/NonMarketHousing_NET/ProjectDetails.aspx?IndexNum=345,POINT (-123.11938593 49.26443301),Fairview,1,Design,Standard 4BR
10572,348,,2588 Nanaimo St,Completed,1998,Brightside Community Homes Foundation,https://app.vancouver.ca/NonMarketHousing_NET/ProjectDetails.aspx?IndexNum=348,POINT (-123.0561524 49.26134544),Renfrew-Collingwood,2,Design,Standard 4BR
10576,359,,837 E 52nd Ave,Completed,1996,New Chelsea Society,https://app.vancouver.ca/NonMarketHousing_NET/ProjectDetails.aspx?IndexNum=359,POINT (-123.08708207 49.22289499),Sunset,3,Design,Standard 4BR
10585,394,,188 Milross Ave,Completed,2002,City Gate Co-op Hsg Asoc.,https://app.vancouver.ca/NonMarketHousing_NET/ProjectDetails.aspx?IndexNum=394,POINT (-123.10039806 49.27563582),Downtown,14,Design,Standard 4BR
10586,400,,1254 E 8th Ave,Completed,2004,Lu'Ma Native Housing Society,https://app.vancouver.ca/NonMarketHousing_NET/ProjectDetails.aspx?IndexNum=400,POINT (-123.07803227 49.2630781),Mount Pleasant,1,Design,Standard 4BR
10587,402,,2034 E Pender St,Completed,1981,Vancouver East Co-op Housing Association,https://app.vancouver.ca/NonMarketHousing_NET/ProjectDetails.aspx?IndexNum=402,POINT (-123.06279932 49.27992564),Grandview-Woodland,1,Design,Standard 4BR
10608,634,,2980 Nanaimo,Completed,2012,Lu'Ma Native Housing Society,https://app.vancouver.ca/NonMarketHousing_NET/ProjectDetails.aspx?IndexNum=634,POINT (-123.05614045 49.25719768),Renfrew-Collingwood,1,Design,Standard 4BR
10651,901,,4902 James St,Under Construction,,BC Housing,https://app.vancouver.ca/NonMarketHousing_NET/ProjectDetails.aspx?IndexNum=901,,Unknown,10,Design,Standard 4BR
10671,17,,1534 E 4th Ave,Completed,1988,Entre Nous Femmes Housing Society,https://app.vancouver.ca/NonMarketHousing_NET/ProjectDetails.aspx?IndexNum=17,POINT (-123.07288057 49.266645),Grandview-Woodland,2,Design,Standard 4BR
10673,27,,5709 Wales St,Completed,1994,Brightside Community Homes Foundation,https://app.vancouver.ca/NonMarketHousing_NET/ProjectDetails.aspx?IndexNum=27,POINT (-123.05213397 49.23246527),Victoria-Fraserview,3,Design,Standard 4BR
10674,28,,2017 W 5th Ave,Completed,1984,Juniper Co-op Housing Association,https://app.vancouver.ca/NonMarketHousing_NET/ProjectDetails.aspx?IndexNum=28,POINT (-123.15092794 49.26749853),Kitsilano,5,Design,Standard 4BR
10691,85,,404 E 43rd Ave,Completed,1986,Crossroads Co-op Housing Association,https://app.vancouver.ca/NonMarketHousing_NET/ProjectDetails.aspx?IndexNum=85,POINT (-123.09676819 49.23083693),Sunset,2,Design,Standard 4BR
10705,131,,950 Cassiar St,Completed,1978,Adanac Village Co-op Housing Association,https://app.vancouver.ca/NonMarketHousing_NET/ProjectDetails.aspx?IndexNum=131,POINT (-123.02811463 49.2763955),Hastings-Sunrise,31,Design,Standard 4BR
10711,152,,8001 Curate Wynd,Completed,1983,Kinross Creek Co-op Housing Association,https://app.vancouver.ca/NonMarketHousing_NET/ProjectDetails.aspx?IndexNum=152,POINT (-123.02878208 49.21247171),Killarney,4,Design,Standard 4BR
10713,162,,3274 Findlay St,Completed,1988,Trout Lake Co-op Housing Association,https://app.vancouver.ca/NonMarketHousing_NET/ProjectDetails.aspx?IndexNum=162,POINT (-123.06738984 49.25527408),Kensington-Cedar Cottage,2,Design,Standard 4BR
10716,169,,1529 W 71st Ave,Completed,1985,David Wetherow Co-op Housing Association,https://app.vancouver.ca/NonMarketHousing_NET/ProjectDetails.aspx?IndexNum=169,POINT (-123.14167259 49.20734942),Marpole,2,Design,Standard 4BR
10717,170,,1750 E Georgia St,Completed,1985,Lu'Ma Native Housing Society,https://app.vancouver.ca/NonMarketHousing_NET/ProjectDetails.aspx?IndexNum=170,POINT (-123.06934118 49.27818934),Grandview-Woodland,6,Design,Standard 4BR
10718,173,,8450 Portside Dr,Completed,1988,Riverside Landing Co-op Housing Association,https://app.vancouver.ca/NonMarketHousing_NET/ProjectDetails.aspx?IndexNum=173,POINT (-123.06053178 49.2067025),Victoria-Fraserview,7,Design,Standard 4BR
10733,212,,2898 Kingsway,Completed,1987,Dundee Court Co-op Housing Association,https://app.vancouver.ca/NonMarketHousing_NET/ProjectDetails.aspx?IndexNum=212,POINT (-123.04678992 49.23580848),Renfrew-Collingwood,18,Design,Standard 4BR
10734,213,,3090 Kingsway,Completed,1987,Synala Co-op Housing Association,https://app.vancouver.ca/NonMarketHousing_NET/ProjectDetails.aspx?IndexNum=213,POINT (-123.04054032 49.23510381),Renfrew-Collingwood,8,Design,Standard 4BR
10741,238,,1501 Woodland Dr,Completed,1969,BC Housing,https://app.vancouver.ca/NonMarketHousing_NET/ProjectDetails.aspx?IndexNum=238,POINT (-123.07443151 49.27099676),Grandview-Woodland,12,Design,Standard 4BR
10763,324,,3691 Vanness Ave,Completed,1996,New Chelsea Society,https://app.vancouver.ca/NonMarketHousing_NET/ProjectDetails.aspx?IndexNum=324,POINT (-123.02406143 49.23533146),Renfrew-Collingwood,3,Design,Standard 4BR
10767,336,,1267 Marinaside Cres,Completed,1998,Roundhouse Co-op Housing Association,https://app.vancouver.ca/NonMarketHousing_NET/ProjectDetails.aspx?IndexNum=336,POINT (-123.12091871 49.27286767),Downtown,9,Design,Standard 4BR
10772,347,,599 Nicola St,Completed,1998,Coal Harbour Co-op Housing Association,https://app.vancouver.ca/NonMarketHousing_NET/ProjectDetails.aspx?IndexNum=347,POINT (-123.12895356 49.29092964),Downtown,3,Design,Standard 4BR
10778,378,,3278 Vanness  Ave,Completed,2000,Affordable Housing Societies,https://app.vancouver.ca/NonMarketHousing_NET/ProjectDetails.aspx?IndexNum=378,POINT (-123.03529409 49.23940019),Renfrew-Collingwood,2,Design,Standard 4BR
10784,393,,1288 W Cordova St,Completed,2002,Affordable Housing Societies,https://app.vancouver.ca/NonMarketHousing_NET/ProjectDetails.aspx?IndexNum=393,POINT (-123.12376394 49.28954846),Downtown,6,Design,Standard 4BR
10785,395,,3501 Euclid Ave,Completed,2001,Collingwood Village Co-op Housing Association,https://app.vancouver.ca/NonMarketHousing_NET/ProjectDetails.aspx?IndexNum=395,POINT (-123.02973841 49.23530774),Renfrew-Collingwood,9,Design,Standard 4BR
10790,415,,2286 W 5th Ave,Completed,1984,Juniper Co-op Housing Association,https://app.vancouver.ca/NonMarketHousing_NET/ProjectDetails.aspx?IndexNum=415,POINT (-123.15710659 49.26707432),Kitsilano,6,Design,Standard 4BR
10805,462,,907 Lamey's Mill,Completed,1977,False Creek Co-op Housing Association,https://app.vancouver.ca/NonMarketHousing_NET/ProjectDetails.aspx?IndexNum=462,POINT (-123.12771481 49.26695534),Fairview,28,Design,Standard 4BR
10815,526,,230 Jackson Ave,Completed,2007,Jackson Ave Co-op Hsg Assoc,https://app.vancouver.ca/NonMarketHousing_NET/ProjectDetails.aspx?IndexNum=526,POINT (-123.09310787 49.28241323),Strathcona,1,Design,Standard 4BR
10863,821,,1766 Frances St,Under Construction,,,,POINT (-123.06892602 49.2790927),Grandview-Woodland,10,Design,Standard 4BR
10870,851,,2009-2037 Stainsbury Ave,Under Construction,,More Than a Roof Housing Society,,,Unknown,6,Design,Standard 4BR
10890,924,,2108-2408 Cassiar St,Approved,,,https://app.vancouver.ca/NonMarketHousing_NET/ProjectDetails.aspx?IndexNum=924,POINT (-123.03033314 49.26414502),Hastings-Sunrise,25,Design,Standard 4BR
10893,934,,1710-1730 E Pender St,Approved,,Lu'Ma Native Housing Society,,POINT (-123.07002235 49.28001135),Grandview-Woodland,5,Design,Standard 4BR
10902,25,,1040 E 7th Ave,Completed,1974,BC Housing,https://app.vancouver.ca/NonMarketHousing_NET/ProjectDetails.aspx?IndexNum=25,POINT (-123.08252037 49.26400829),Mount Pleasant,1,Design,Standard Studio
10911,61,,375 W 10th Ave,Completed,1977,Lutheran Manor Society of Vancouver,https://app.vancouver.ca/NonMarketHousing_NET/ProjectDetails.aspx?IndexNum=61,POINT (-123.11246693 49.26246017),Mount Pleasant,36,Design,Standard Studio
10912,73,,1435 E 14th Ave,Completed,1977,Coast Mental Health,https://app.vancouver.ca/NonMarketHousing_NET/ProjectDetails.aspx?IndexNum=73,POINT (-123.07481742 49.25804597),Kensington-Cedar Cottage,14,Design,Standard Studio
10917,94,,1530 Adanac St,Completed,1987,Lu'Ma Native Housing Society,https://app.vancouver.ca/NonMarketHousing_NET/ProjectDetails.aspx?IndexNum=94,POINT (-123.0734715 49.27733673),Grandview-Woodland,1,Design,Standard Studio
10918,98,,6545 Alberta St,Completed,1978,South Vancouver Foundation,https://app.vancouver.ca/NonMarketHousing_NET/ProjectDetails.aspx?IndexNum=98,POINT (-123.11362118 49.22542244),Oakridge,84,Design,Standard Studio
10919,104,,118 Alexander St,Completed,1987,Four Sisters Co-op Housing Association,https://app.vancouver.ca/NonMarketHousing_NET/ProjectDetails.aspx?IndexNum=104,POINT (-123.10153493 49.28370049),Downtown,9,Design,Standard Studio
10920,105,,3111 Ash St,Completed,1975,St. Mary's Ukrainian Senior Citizens' Society,https://app.vancouver.ca/NonMarketHousing_NET/ProjectDetails.aspx?IndexNum=105,POINT (-123.11839952 49.25789384),Fairview,44,Design,Standard Studio
10921,107,,7008 Balmoral St,Completed,1973,South Amherst Housing Society,https://app.vancouver.ca/NonMarketHousing_NET/ProjectDetails.aspx?IndexNum=107,POINT (-123.06809358 49.21977498),Victoria-Fraserview,11,Design,Standard Studio
10922,108,,2330 Balsam St,Completed,1967,Brightside Community Homes Foundation,https://app.vancouver.ca/NonMarketHousing_NET/ProjectDetails.aspx?IndexNum=108,POINT (-123.15956116 49.26508927),Kitsilano,14,Design,Standard Studio
10923,111,,1630 Barclay St,Completed,1970,Brightside Community Homes Foundation,https://app.vancouver.ca/NonMarketHousing_NET/ProjectDetails.aspx?IndexNum=111,POINT (-123.1353019 49.28821106),West End,34,Design,Standard Studio
10928,129,,512 Campbell Ave,Completed,1967,BC Housing,https://app.vancouver.ca/NonMarketHousing_NET/ProjectDetails.aspx?IndexNum=129,POINT (-123.08401895 49.27900972),Strathcona,92,Design,Standard Studio
10929,132,,3400 E 5th Av,Completed,1962,BC Housing,https://app.vancouver.ca/NonMarketHousing_NET/ProjectDetails.aspx?IndexNum=132,POINT (-123.03033314 49.26414502),Hastings-Sunrise,21,Design,Standard Studio
10933,145,,430 E Cordova St,Completed,1988,Mavis McMullen Housing Society,https://app.vancouver.ca/NonMarketHousing_NET/ProjectDetails.aspx?IndexNum=145,POINT (-123.09447792 49.28192592),Strathcona,16,Design,Standard Studio
10936,158,,6620 Elliott St,Completed,1966,BC Housing,https://app.vancouver.ca/NonMarketHousing_NET/ProjectDetails.aspx?IndexNum=158,POINT (-123.05403611 49.22319619),Victoria-Fraserview,84,Design,Standard Studio
10942,189,,375 Main St,Completed,1985,Affordable Housing Societies,https://app.vancouver.ca/NonMarketHousing_NET/ProjectDetails.aspx?IndexNum=189,POINT (-123.10009785 49.28160293),Downtown,69,Design,Standard Studio
10943,190,,501 E Hastings St,Completed,1984,Sch'eyk Housing Society,https://app.vancouver.ca/NonMarketHousing_NET/ProjectDetails.aspx?IndexNum=190,POINT (-123.09283543 49.28150447),Strathcona,24,Design,Standard Studio
10944,192,,540 E Hastings St,Completed,1987,Sch'eyk Housing Society,https://app.vancouver.ca/NonMarketHousing_NET/ProjectDetails.aspx?IndexNum=192,POINT (-123.09305566 49.28089739),Strathcona,37,Design,Standard Studio
10947,198,,540 Helmcken St,Completed,1989,The 127 Society for Housing,https://app.vancouver.ca/NonMarketHousing_NET/ProjectDetails.aspx?IndexNum=198,POINT (-123.12347769 49.2772737),Downtown,70,Design,Standard Studio
10949,202,,350 Keefer St,Completed,1970,BC Housing,https://app.vancouver.ca/NonMarketHousing_NET/ProjectDetails.aspx?IndexNum=202,POINT (-123.09530078 49.27849526),Strathcona,91,Design,Standard Studio
10955,244,,5701 Nanaimo St,Completed,1959,BC Housing,https://app.vancouver.ca/NonMarketHousing_NET/ProjectDetails.aspx?IndexNum=244,POINT (-123.05939466 49.23115573),Victoria-Fraserview,14,Design,Standard Studio
10958,256,,300 E Pender St,Completed,1971,Christ Church of China,https://app.vancouver.ca/NonMarketHousing_NET/ProjectDetails.aspx?IndexNum=256,POINT (-123.09649954 49.28003018),Strathcona,3,Design,Standard Studio
10959,262,,1710 E Pender St,Completed,1986,Lu'Ma Native Housing Society,https://app.vancouver.ca/NonMarketHousing_NET/ProjectDetails.aspx?IndexNum=262,POINT (-123.07002235 49.28001135),Grandview-Woodland,4,Design,Standard Studio
10963,275,,315 Powell St,Completed,1986,The Bloom Group,https://app.vancouver.ca/NonMarketHousing_NET/ProjectDetails.aspx?IndexNum=275,POINT (-123.09728984 49.2833943),Strathcona,8,Design,Standard Studio
10970,290,,1420 E 2nd Ave,Completed,1974,Baptist Housing Society of B.C.,https://app.vancouver.ca/NonMarketHousing_NET/ProjectDetails.aspx?IndexNum=290,POINT (-123.07464212 49.26829628),Grandview-Woodland,45,Design,Standard Studio
10975,300,,1091 Sitka Square,Completed,1977,New Chelsea Society,https://app.vancouver.ca/NonMarketHousing_NET/ProjectDetails.aspx?IndexNum=300,POINT (-123.13016336 49.26687114),Fairview,24,Design,Standard Studio
10982,313,,1985 Wallace St,Completed,1975,BC Housing,https://app.vancouver.ca/NonMarketHousing_NET/ProjectDetails.aspx?IndexNum=313,POINT (-123.19139629 49.26946318),West Point Grey,44,Design,Standard Studio
10990,335,,5657 Harold St,Completed,1978,Brightside Community Homes Foundation,https://app.vancouver.ca/NonMarketHousing_NET/ProjectDetails.aspx?IndexNum=335,POINT (-123.03625358 49.23266161),Killarney,66,Design,Standard Studio
10994,346,,1188 Pendrell St,Completed,1997,Coast Mental Health,https://app.vancouver.ca/NonMarketHousing_NET/ProjectDetails.aspx?IndexNum=346,POINT (-123.1321936 49.28216748),West End,7,Design,Standard Studio
10996,355,,2756 Victoria Dr,Completed,1994,Coast Mental Health,https://app.vancouver.ca/NonMarketHousing_NET/ProjectDetails.aspx?IndexNum=355,POINT (-123.06556434 49.25982107),Kensington-Cedar Cottage,1,Design,Standard Studio
10998,361,,27 W Pender St,Completed,2000,BC Indigenous Housing Society,https://app.vancouver.ca/NonMarketHousing_NET/ProjectDetails.aspx?IndexNum=361,POINT (-123.10573543 49.28104614),Downtown,77,Design,Standard Studio
10999,362,,1221 Seymour St,Completed,2000,Affordable Housing Societies,https://app.vancouver.ca/NonMarketHousing_NET/ProjectDetails.aspx?IndexNum=362,POINT (-123.12591112 49.27641924),Downtown,117,Design,Standard Studio
11002,376,,40 E Hastings St,Completed,2000,Neighbourhood Housing Society,https://app.vancouver.ca/NonMarketHousing_NET/ProjectDetails.aspx?IndexNum=376,POINT (-123.10334863 49.28110142),Downtown,83,Design,Standard Studio
11004,382,,65 W Cordova St,Completed,2002,Lore Krill Co-operative Housing Association,https://app.vancouver.ca/NonMarketHousing_NET/ProjectDetails.aspx?IndexNum=382,POINT (-123.10598488 49.28306444),Downtown,14,Design,Standard Studio
11006,389,,2626 Watson St,Completed,2001,BC Indigenous Housing Society,https://app.vancouver.ca/NonMarketHousing_NET/ProjectDetails.aspx?IndexNum=389,POINT (-123.10014836 49.26173676),Mount Pleasant,38,Design,Standard Studio
11007,391,,668 Powell St,Completed,2001,Neighbourhood Housing Society,https://app.vancouver.ca/NonMarketHousing_NET/ProjectDetails.aspx?IndexNum=391,POINT (-123.09001295 49.28274762),Strathcona,60,Design,Standard Studio
11008,397,,2088 Yukon St,Completed,2002,Lookout Housing and Health Society,https://app.vancouver.ca/NonMarketHousing_NET/ProjectDetails.aspx?IndexNum=397,POINT (-123.11236726 49.26689088),Mount Pleasant,30,Design,Standard Studio
11015,416,,1120 Comox St,Completed,2001,Mole Hill Community Housing Society,https://app.vancouver.ca/NonMarketHousing_NET/ProjectDetails.aspx?IndexNum=416,POINT (-123.12990117 49.28194798),West End,1,Design,Standard Studio
11017,431,,1169 Pendrell St,Completed,2003,Mole Hill Community Housing Society,https://app.vancouver.ca/NonMarketHousing_NET/ProjectDetails.aspx?IndexNum=431,POINT (-123.13146455 49.28232847),West End,2,Design,Standard Studio
11018,432,,1163 Pendrell St,Completed,2003,Mole Hill Community Housing Society,https://app.vancouver.ca/NonMarketHousing_NET/ProjectDetails.aspx?IndexNum=432,POINT (-123.13136625 49.28226482),West End,2,Design,Standard Studio
11020,442,,133 Powell St,Completed,1988,Four Sisters Co-op Housing Association,https://app.vancouver.ca/NonMarketHousing_NET/ProjectDetails.aspx?IndexNum=442,POINT (-123.10094244 49.28342665),Downtown,18,Design,Standard Studio
11021,443,,1650 Haro St,Completed,1975,BC Housing,https://app.vancouver.ca/NonMarketHousing_NET/ProjectDetails.aspx?IndexNum=443,POINT (-123.13484649 49.28866855),West End,185,Design,Standard Studio
11026,494,,3640 Victoria Dr,Completed,2004,New Chelsea Society,https://app.vancouver.ca/NonMarketHousing_NET/ProjectDetails.aspx?IndexNum=494,POINT (-123.0650132 49.25314806),Kensington-Cedar Cottage,28,Design,Standard Studio
11030,593,,3595 W 17th Av,Completed,2011,Coast Mental Health,https://app.vancouver.ca/NonMarketHousing_NET/ProjectDetails.aspx?IndexNum=593,POINT (-123.18469709 49.25758303),Dunbar-Southlands,47,Design,Standard Studio
11031,596,,215 W 2nd Av,Completed,2013,Sanford Housing Society,https://app.vancouver.ca/NonMarketHousing_NET/ProjectDetails.aspx?IndexNum=596,POINT (-123.11062365 49.26909722),Mount Pleasant,147,Design,Standard Studio
11034,662,,337 W Pender St,Completed,2011,Coast Mental Health,https://app.vancouver.ca/NonMarketHousing_NET/ProjectDetails.aspx?IndexNum=662,POINT (-123.11130569 49.28269827),Downtown,96,Design,Standard Studio
11037,680,,1321 Richards St,Completed,2009,More Than a Roof Housing Society,https://app.vancouver.ca/NonMarketHousing_NET/ProjectDetails.aspx?IndexNum=680,POINT (-123.12663394 49.27468456),Downtown,87,Design,Standard Studio
11038,682,,111 Princess Av,Completed,2014,PHS Community Services Society,https://app.vancouver.ca/NonMarketHousing_NET/ProjectDetails.aspx?IndexNum=682,POINT (-123.09179574 49.28368398),Strathcona,127,Design,Standard Studio
11039,687,,596 E Hastings St,Completed,2007,Salvation Army,https://app.vancouver.ca/NonMarketHousing_NET/ProjectDetails.aspx?IndexNum=687,POINT (-123.09190356 49.28088944),Strathcona,85,Design,Standard Studio
11041,689,,2465 Fraser St,Completed,2014,BC Indigenous Housing Society,https://app.vancouver.ca/NonMarketHousing_NET/ProjectDetails.aspx?IndexNum=689,POINT (-123.08970693 49.26277669),Mount Pleasant,95,Design,Standard Studio
11042,691,,220 Princess Av,Completed,2015,Raincity Housing and Support Society,https://app.vancouver.ca/NonMarketHousing_NET/ProjectDetails.aspx?IndexNum=691,POINT (-123.09089702 49.2827536),Strathcona,100,Design,Standard Studio
11046,715,,250 Powell St,Completed,2015,The Bloom Group,https://app.vancouver.ca/NonMarketHousing_NET/ProjectDetails.aspx?IndexNum=715,POINT (-123.09858031 49.28271871),Strathcona,82,Design,Standard Studio
11051,764,,626 Alexander,Completed,2015,Community Builders Group,https://app.vancouver.ca/NonMarketHousing_NET/ProjectDetails.aspx?IndexNum=764,POINT (-123.09066952 49.28366473),Strathcona,5,Design,Standard Studio
11054,772,,1105 Seymour St,Completed,2017,City of Vancouver,https://app.vancouver.ca/NonMarketHousing_NET/ProjectDetails.aspx?IndexNum=772,POINT (-123.12412411 49.27759099),Downtown,18,Design,Standard Studio
11055,773,,3338 Sawmill Crescent,Completed,2025,M'akola Housing Society,https://app.vancouver.ca/NonMarketHousing_NET/ProjectDetails.aspx?IndexNum=773,POINT (-123.03388168 49.20633158),Killarney,128,Design,Standard Studio
11056,776,,1106 Pendrell St,Completed,2018,CentralPC Housing Society,https://app.vancouver.ca/NonMarketHousing_NET/ProjectDetails.aspx?IndexNum=776,POINT (-123.13071805 49.28108568),West End,26,Design,Standard Studio
11059,784,,4105 Artbutus St,Completed,2021,YWCA Vancouver,https://app.vancouver.ca/NonMarketHousing_NET/ProjectDetails.aspx?IndexNum=784,POINT (-123.15398114 49.24854039),Arbutus Ridge,19,Design,Standard Studio
11060,785,,706 W 13th Ave,Under Construction,,Metro Vancouver Housing Corporation,,,Unknown,19,Design,Standard Studio
11061,787,,1171 Jervis St,Completed,2018,BC Indigenous Housing Society,https://app.vancouver.ca/NonMarketHousing_NET/ProjectDetails.aspx?IndexNum=787,POINT (-123.13510209 49.2831831),West End,9,Design,Standard Studio
11062,790,,420 Hawks Ave,Approved,,,,POINT (-123.08693581 49.28070574),Strathcona,7,Design,Standard Studio
11065,797,,6465 Vivian St,Completed,2020,Fair Haven Homes Society,https://app.vancouver.ca/NonMarketHousing_NET/ProjectDetails.aspx?IndexNum=797,POINT (-123.05069803 49.2253565),Victoria-Fraserview,114,Design,Standard Studio
11066,799,,1395 Davie St,Completed,2021,BC Indigenous Housing Society,https://app.vancouver.ca/NonMarketHousing_NET/ProjectDetails.aspx?IndexNum=799,POINT (-123.13567833 49.28367795),West End,27,Design,Standard Studio
11067,801,,808 Nicola St,Completed,2024,City of Vancouver,https://app.vancouver.ca/NonMarketHousing_NET/ProjectDetails.aspx?IndexNum=801,POINT (-123.13082054 49.28809834),West End,17,Design,Standard Studio
11068,803,,7430 & 7460 Heather St,Completed,2018,Community Builders Group,https://app.vancouver.ca/NonMarketHousing_NET/ProjectDetails.aspx?IndexNum=803,POINT (-123.12130369 49.21814688),Marpole,64,Design,Standard Studio
11069,808,,3245 Pierview Crescent,Completed,2021,Kinship Housing Co-operative,https://app.vancouver.ca/NonMarketHousing_NET/ProjectDetails.aspx?IndexNum=808,POINT (-123.03866101 49.20724891),Killarney,7,Design,Standard Studio
11070,809,,3183 Pierview Crescent,Completed,2020,Kinship Housing Co-operative,https://app.vancouver.ca/NonMarketHousing_NET/ProjectDetails.aspx?IndexNum=809,POINT (-123.03975498 49.20767029),Killarney,9,Design,Standard Studio
11071,810,,2200 - 2300 W 45th Ave,Approved,,Fair Haven Homes Society,,POINT (-123.15944769 49.23115707),Kerrisdale,13,Design,Standard Studio
11072,813,,124 Powell St,Completed,,MPA Society,https://app.vancouver.ca/NonMarketHousing_NET/ProjectDetails.aspx?IndexNum=813,POINT (-123.10139469 49.28296884),Downtown,46,Design,Standard Studio
11073,829,,603 W 59th Ave,Completed,2022,S.U.C.C.E.S.S.,https://app.vancouver.ca/NonMarketHousing_NET/ProjectDetails.aspx?IndexNum=829,POINT (-123.11763069 49.21748457),Marpole,34,Design,Standard Studio
11074,830,,947 E Hastings St,Completed,2018,Lookout Housing and Health Society,https://app.vancouver.ca/NonMarketHousing_NET/ProjectDetails.aspx?IndexNum=830,POINT (-123.08403266 49.28133997),Strathcona,24,Design,Standard Studio
11075,832,,1636 Clark Dr,Under Construction,,S.U.C.C.E.S.S.,https://app.vancouver.ca/NonMarketHousing_NET/ProjectDetails.aspx?IndexNum=832,POINT (-123.07634909 49.26993257),Grandview-Woodland,13,Design,Standard Studio
11076,833,,1040-1080 Barclay St,Approved,,,,POINT (-123.1268872 49.28278154),West End,18,Design,Standard Studio
11077,844,,4480 Kaslo St,Completed,2018,Atira Property Management Inc.,https://app.vancouver.ca/NonMarketHousing_NET/ProjectDetails.aspx?IndexNum=844,POINT (-123.04676468 49.24496553),Renfrew-Collingwood,46,Design,Standard Studio
11078,846,,5077 and 5095 Heather St,Completed,2019,Lu'Ma Native Housing Society,https://app.vancouver.ca/NonMarketHousing_NET/ProjectDetails.aspx?IndexNum=846,POINT (-123.12185811 49.24025538),South Cambie,86,Design,Standard Studio
11079,855,,1406-1410 E King Edward Ave,Approved,,BC Indigenous Housing Society,,POINT (-123.07577498 49.24827208),Kensington-Cedar Cottage,109,Design,Standard Studio
11080,861,,258 Union St,Completed,2019,Atira Property Management Inc.,https://app.vancouver.ca/NonMarketHousing_NET/ProjectDetails.aspx?IndexNum=861,POINT (-123.09935941 49.27751701),Strathcona,46,Design,Standard Studio
11081,863,,616 E Cordova St,Completed,2022,Union Gospel Mission,https://app.vancouver.ca/NonMarketHousing_NET/ProjectDetails.aspx?IndexNum=863,POINT (-123.09098604 49.2818717),Strathcona,26,Design,Standard Studio
11082,864,,750 - 772 Pacific Blvd,Approved,,,,POINT (-123.10926942 49.27433899),Downtown,71,Design,Standard Studio
11085,877,,928 Main Street,Completed,2020,BC Housing,https://app.vancouver.ca/NonMarketHousing_NET/ProjectDetails.aspx?IndexNum=877,POINT (-123.09947676 49.27628169),Strathcona,38,Design,Standard Studio
11086,880,,733 W 14th Ave,Completed,2020,Metro Vancouver Housing Corporation,https://app.vancouver.ca/NonMarketHousing_NET/ProjectDetails.aspx?IndexNum=880,POINT (-123.12117113 49.25887258),Fairview,10,Design,Standard Studio
11087,886,,8460 Ash St & 8495 Cambie St,Under Construction,,,,POINT (-123.11850904 49.20851404),Marpole,6,Design,Standard Studio
11088,888,,150 E 36th Ave,Under Construction,,,,,Unknown,12,Design,Standard Studio
11089,893,,480 Broughton St,Under Construction,,,,POINT (-123.12518254 49.29006102),Downtown,7,Design,Standard Studio
11090,895,,8725 French St,Completed,2024,Brightside Community Homes Foundation,https://app.vancouver.ca/NonMarketHousing_NET/ProjectDetails.aspx?IndexNum=895,POINT (-123.13964152 49.20669703),Marpole,29,Design,Standard Studio
11091,897,,1425 & 1451 E 12th Ave,Completed,2024,Brightside Community Homes Foundation,https://app.vancouver.ca/NonMarketHousing_NET/ProjectDetails.aspx?IndexNum=897,POINT (-123.07489881 49.25989171),Kensington-Cedar Cottage,99,Design,Standard Studio
11092,902,,1580 Vernon Drive,Completed,2021,Community Builders Group,https://app.vancouver.ca/NonMarketHousing_NET/ProjectDetails.aspx?IndexNum=902,POINT (-123.07812141 49.27036968),Strathcona,86,Design,Standard Studio
11094,909,,18 W Hastings St,Completed,2021,Atira Women’s Resource Society,https://app.vancouver.ca/NonMarketHousing_NET/ProjectDetails.aspx?IndexNum=909,POINT (-123.10520873 49.28140831),Downtown,30,Design,Standard Studio
11099,927,,8-36 West Cordova St,Proposed,,BC Indigenous Housing Society,,POINT (-123.1053223 49.28236754),Downtown,75,Design,Standard Studio
11100,930,,2518-2540 Grandview Hwy S,Approved,,Community Builders Group,,POINT (-123.05428665 49.25722967),Renfrew-Collingwood,64,Design,Standard Studio
11101,931,,1925 SE Marine Dr,Under Construction,,Kettle Society,https://app.vancouver.ca/NonMarketHousing_NET/ProjectDetails.aspx?IndexNum=931,,Unknown,72,Design,Standard Studio
11103,943,,1656 Adanac St,Under Construction,,Entre Nous Femmes Housing Society,https://app.vancouver.ca/NonMarketHousing_NET/ProjectDetails.aspx?IndexNum=943,POINT (-123.0715201 49.27732861),Grandview-Woodland,6,Design,Standard Studio
11104,949,,528 Powell St,Under Construction,,Lookout Housing and Health Society,,POINT (-123.09249245 49.2828015),Strathcona,74,Design,Standard Studio
11109,969,,8427-8482 Cambie St,Proposed,,,,POINT (-123.11770046 49.20908476),Marpole,9,Design,Standard Studio
11120,10,,1880 W 2nd Ave,Completed,1975,BC Housing,https://app.vancouver.ca/NonMarketHousing_NET/ProjectDetails.aspx?IndexNum=10,POINT (-123.1475091 49.26956174),Kitsilano,21,Design,Standard Studio
11123,15,,1650 E 3rd Ave,Completed,1980,Coast Mental Health,https://app.vancouver.ca/NonMarketHousing_NET/ProjectDetails.aspx?IndexNum=15,POINT (-123.07052101 49.26754083),Grandview-Woodland,24,Design,Standard Studio
11124,16,,2495 W 3rd Ave,Completed,1974,Brightside Community Homes Foundation,https://app.vancouver.ca/NonMarketHousing_NET/ProjectDetails.aspx?IndexNum=16,POINT (-123.16187563 49.26939934),Kitsilano,20,Design,Standard Studio
11130,35,,1620 E 6th Ave,Completed,1965,Brightside Community Homes Foundation,https://app.vancouver.ca/NonMarketHousing_NET/ProjectDetails.aspx?IndexNum=35,POINT (-123.0713509 49.26471876),Grandview-Woodland,41,Design,Standard Studio
11132,40,,745 W 7th Ave,Completed,1982,MPA Society,https://app.vancouver.ca/NonMarketHousing_NET/ProjectDetails.aspx?IndexNum=40,POINT (-123.1208978 49.26530307),Fairview,9,Design,Standard Studio
11133,45,,1333 E 7th Ave,Completed,1985,BC Indigenous Housing Society,https://app.vancouver.ca/NonMarketHousing_NET/ProjectDetails.aspx?IndexNum=45,POINT (-123.07649546 49.26448248),Grandview-Woodland,4,Design,Standard Studio
11134,46,,1987 W 7th Ave,Completed,1975,BC Housing,https://app.vancouver.ca/NonMarketHousing_NET/ProjectDetails.aspx?IndexNum=46,POINT (-123.14999063 49.26575732),Kitsilano,31,Design,Standard Studio
11135,50,,1219 E 8th Ave,Completed,1984,Lu'Ma Native Housing Society,https://app.vancouver.ca/NonMarketHousing_NET/ProjectDetails.aspx?IndexNum=50,POINT (-123.07898388 49.26358712),Mount Pleasant,4,Design,Standard Studio
11136,54,,717 W 8th Ave,Completed,1986,Heritage Co-op Housing Association,https://app.vancouver.ca/NonMarketHousing_NET/ProjectDetails.aspx?IndexNum=54,POINT (-123.12042184 49.26446677),Fairview,1,Design,Standard Studio
11137,60,,12 W 10th Ave,Completed,1981,View Court Co-op Housing Association,https://app.vancouver.ca/NonMarketHousing_NET/ProjectDetails.aspx?IndexNum=60,POINT (-123.10540528 49.26184174),Mount Pleasant,6,Design,Standard Studio
11139,64,,1400 E 11th Ave,Completed,1973,Brightside Community Homes Foundation,https://app.vancouver.ca/NonMarketHousing_NET/ProjectDetails.aspx?IndexNum=64,POINT (-123.07498181 49.26029268),Kensington-Cedar Cottage,21,Design,Standard Studio
11140,69,,1444 E 13th Ave,Completed,1972,Brightside Community Homes Foundation,https://app.vancouver.ca/NonMarketHousing_NET/ProjectDetails.aspx?IndexNum=69,POINT (-123.0747595 49.25843782),Kensington-Cedar Cottage,19,Design,Standard Studio
11141,70,,546 W 13th Ave,Completed,1960,Soroptimist Club of Vancouver,https://app.vancouver.ca/NonMarketHousing_NET/ProjectDetails.aspx?IndexNum=70,,Unknown,11,Design,Standard Studio
11145,84,,1750 E 41st Ave,Completed,1974,Mennonite Senior Citizens' Society of B.C.,https://app.vancouver.ca/NonMarketHousing_NET/ProjectDetails.aspx?IndexNum=84,POINT (-123.07016628 49.23144219),Victoria-Fraserview,128,Design,Standard Studio
11152,112,,1655 Barclay,Completed,1975,BC Housing,https://app.vancouver.ca/NonMarketHousing_NET/ProjectDetails.aspx?IndexNum=112,POINT (-123.13484649 49.28866855),West End,177,Design,Standard Studio
11155,123,,1030 Burnaby St,Completed,1972,Society for Christian Care of the Elderly,https://app.vancouver.ca/NonMarketHousing_NET/ProjectDetails.aspx?IndexNum=123,POINT (-123.13146057 49.27877594),West End,187,Design,Standard Studio
11156,130,,830 Campbell Ave,Completed,1978,Vancouver Chinatown Housing Society,https://app.vancouver.ca/NonMarketHousing_NET/ProjectDetails.aspx?IndexNum=130,POINT (-123.08442743 49.27694361),Strathcona,56,Design,Standard Studio
11158,142,,129 E Cordova St,Completed,1987,Salvation Army,https://app.vancouver.ca/NonMarketHousing_NET/ProjectDetails.aspx?IndexNum=142,POINT (-123.10098812 49.28256711),Downtown,39,Design,Standard Studio
11159,143,,145 E Cordova St,Completed,1985,Harry Lin Chin Foundation,https://app.vancouver.ca/NonMarketHousing_NET/ProjectDetails.aspx?IndexNum=143,POINT (-123.10045916 49.28255723),Downtown,53,Design,Standard Studio
11161,150,,2310 Cornwall Ave,Completed,1982,Melton Court Co-op Housing Association,https://app.vancouver.ca/NonMarketHousing_NET/ProjectDetails.aspx?IndexNum=150,POINT (-123.15780793 49.2723574),Kitsilano,10,Design,Standard Studio
11170,185,,845 Bute St,Completed,1978,Haro Park Center Society,https://app.vancouver.ca/NonMarketHousing_NET/ProjectDetails.aspx?IndexNum=185,POINT (-123.12796978 49.28560414),West End,44,Design,Standard Studio
11171,188,,16 E Hastings St,Completed,1988,PHS Community Services Society,https://app.vancouver.ca/NonMarketHousing_NET/ProjectDetails.aspx?IndexNum=188,POINT (-123.1039242 49.28111217),Downtown,54,Design,Standard Studio
11173,206,,705 Jackson Ave,Completed,1965,BC Housing,https://app.vancouver.ca/NonMarketHousing_NET/ProjectDetails.aspx?IndexNum=206,POINT (-123.09530078 49.27849526),Strathcona,67,Design,Standard Studio
11174,208,,7007 Kerr St,Completed,1970,Ukrainian Senior Citizens Association,https://app.vancouver.ca/NonMarketHousing_NET/ProjectDetails.aspx?IndexNum=208,POINT (-123.04186443 49.21945024),Killarney,27,Design,Standard Studio
11175,210,,2740 W King Edward Ave,Completed,1964,Calling Ministries,https://app.vancouver.ca/NonMarketHousing_NET/ProjectDetails.aspx?IndexNum=210,POINT (-123.16606118 49.247574),Arbutus Ridge,52,Design,Standard Studio
11176,217,,6100 Inverness St,Completed,1969,BC Housing,https://app.vancouver.ca/NonMarketHousing_NET/ProjectDetails.aspx?IndexNum=217,POINT (-123.07858498 49.22835508),Sunset,20,Design,Standard Studio
11178,223,,102 Main St,Completed,1989,Vancouver Chinatown Housing Society,https://app.vancouver.ca/NonMarketHousing_NET/ProjectDetails.aspx?IndexNum=223,POINT (-123.09909816 49.28382811),Strathcona,6,Design,Standard Studio
11182,233,,8790 SW Marine Dr,Completed,1970,Vancouver Kiwanis Senior Citizens Housing Society,https://app.vancouver.ca/NonMarketHousing_NET/ProjectDetails.aspx?IndexNum=233,POINT (-123.14167031 49.20576794),Marpole,42,Design,Standard Studio
11185,237,,800 McLean Dr,Completed,1976,BC Housing,https://app.vancouver.ca/NonMarketHousing_NET/ProjectDetails.aspx?IndexNum=237,POINT (-123.07393952 49.27734561),Grandview-Woodland,4,Design,Standard Studio
11186,239,,1885 McLean Dr,Completed,1986,Coast Mental Health,https://app.vancouver.ca/NonMarketHousing_NET/ProjectDetails.aspx?IndexNum=239,POINT (-123.07596571 49.26809347),Grandview-Woodland,20,Design,Standard Studio
11187,240,,711 Millyard,Completed,1977,False Creek Co-op Housing Association,https://app.vancouver.ca/NonMarketHousing_NET/ProjectDetails.aspx?IndexNum=240,POINT (-123.12174954 49.26694875),Fairview,4,Design,Standard Studio
11190,243,,3075 Nanaimo St,Completed,1962,New Chelsea Society,https://app.vancouver.ca/NonMarketHousing_NET/ProjectDetails.aspx?IndexNum=243,POINT (-123.05714229 49.25707726),Kensington-Cedar Cottage,49,Design,Standard Studio
11191,247,,1115 Nelson St,Completed,1969,The Bloom Group,https://app.vancouver.ca/NonMarketHousing_NET/ProjectDetails.aspx?IndexNum=247,POINT (-123.12867658 49.28327763),West End,187,Design,Standard Studio
11197,258,,827 E Pender St,Completed,1988,Lesya Ukrainka Housing Society,https://app.vancouver.ca/NonMarketHousing_NET/ProjectDetails.aspx?IndexNum=258,POINT (-123.08649623 49.28038687),Strathcona,5,Design,Standard Studio
11198,259,,853 E Pender St,Completed,1982,Rose Garden Co-op Housing Association,https://app.vancouver.ca/NonMarketHousing_NET/ProjectDetails.aspx?IndexNum=259,POINT (-123.0858665 49.28037655),Strathcona,6,Design,Standard Studio
11202,291,,2050 Rupert St,Completed,1965,Hopehill,https://app.vancouver.ca/NonMarketHousing_NET/ProjectDetails.aspx?IndexNum=291,POINT (-123.03326161 49.26621497),Hastings-Sunrise,48,Design,Standard Studio
11207,319,,8080 Yukon St,Completed,1976,Vancouver Kiwanis Housing Society,https://app.vancouver.ca/NonMarketHousing_NET/ProjectDetails.aspx?IndexNum=319,POINT (-123.11404507 49.21174063),Marpole,67,Design,Standard Studio
11215,357,,144 Heatley Ave,Completed,1993,Raincity Housing and Support Society,https://app.vancouver.ca/NonMarketHousing_NET/ProjectDetails.aspx?IndexNum=357,POINT (-123.08914065 49.28325701),Strathcona,27,Design,Standard Studio
11216,358,,380 Main St,Completed,1998,Neighbourhood Housing Society,https://app.vancouver.ca/NonMarketHousing_NET/ProjectDetails.aspx?IndexNum=358,POINT (-123.09917453 49.28168215),Strathcona,32,Design,Standard Studio
11219,366,,561 E 16th Ave,Completed,2000,Sanford Housing Society,https://app.vancouver.ca/NonMarketHousing_NET/ProjectDetails.aspx?IndexNum=366,POINT (-123.09238571 49.25672665),Mount Pleasant,17,Design,Standard Studio
11220,367,,275 Alexander St,Completed,1999,The Core Artists Co-op,https://app.vancouver.ca/NonMarketHousing_NET/ProjectDetails.aspx?IndexNum=367,POINT (-123.09842997 49.28443077),Strathcona,30,Design,Standard Studio
11221,371,,1600 E 8th Ave,Completed,1998,Kettle Society,https://app.vancouver.ca/NonMarketHousing_NET/ProjectDetails.aspx?IndexNum=371,POINT (-123.0716834 49.26302735),Grandview-Woodland,15,Design,Standard Studio
11223,379,,65 E Hastings St,Completed,2009,Raincity Housing and Support Society,https://app.vancouver.ca/NonMarketHousing_NET/ProjectDetails.aspx?IndexNum=379,POINT (-123.10290041 49.28169883),Downtown,83,Design,Standard Studio
11225,383,,146 W Hastings St,Completed,2000,PHS Community Services Society,https://app.vancouver.ca/NonMarketHousing_NET/ProjectDetails.aspx?IndexNum=383,POINT (-123.10880758 49.28198916),Downtown,40,Design,Standard Studio
11227,400,,1254 E 8th Ave,Completed,2004,Lu'Ma Native Housing Society,https://app.vancouver.ca/NonMarketHousing_NET/ProjectDetails.aspx?IndexNum=400,POINT (-123.07803227 49.2630781),Mount Pleasant,1,Design,Standard Studio
11229,405,,1220 Salsbury Dr,Completed,1981,Vancouver East Co-op Housing Association,https://app.vancouver.ca/NonMarketHousing_NET/ProjectDetails.aspx?IndexNum=405,POINT (-123.06726741 49.27352487),Grandview-Woodland,4,Design,Standard Studio
11231,417,,1122 Comox St,Completed,2001,Mole Hill Community Housing Society,https://app.vancouver.ca/NonMarketHousing_NET/ProjectDetails.aspx?IndexNum=417,POINT (-123.12999955 49.28201171),West End,1,Design,Standard Studio
11233,422,,1137 Pendrell St,Completed,2002,Mole Hill Community Housing Society,https://app.vancouver.ca/NonMarketHousing_NET/ProjectDetails.aspx?IndexNum=422,POINT (-123.1306738 49.28181043),West End,2,Design,Standard Studio
11234,424,,1154 Comox St,Completed,2003,Mole Hill Community Housing Society,https://app.vancouver.ca/NonMarketHousing_NET/ProjectDetails.aspx?IndexNum=424,POINT (-123.13068653 49.2824566),West End,1,Design,Standard Studio
11235,425,,1160 Comox St,Completed,2003,Mole Hill Community Housing Society,https://app.vancouver.ca/NonMarketHousing_NET/ProjectDetails.aspx?IndexNum=425,POINT (-123.1307847 49.2825202),West End,3,Design,Standard Studio
11237,427,,1170 Comox St,Completed,2003,Mole Hill Community Housing Society,https://app.vancouver.ca/NonMarketHousing_NET/ProjectDetails.aspx?IndexNum=427,POINT (-123.13108016 49.2827116),West End,1,Design,Standard Studio
11238,434,,1157 Pendrell St,Completed,2003,Mole Hill Community Housing Society,https://app.vancouver.ca/NonMarketHousing_NET/ProjectDetails.aspx?IndexNum=434,POINT (-123.1311698 49.28213766),West End,1,Design,Standard Studio
11239,440,,1119 Thurlow St,Completed,2003,Mole Hill Community Housing Society,https://app.vancouver.ca/NonMarketHousing_NET/ProjectDetails.aspx?IndexNum=440,POINT (-123.13018469 49.28131028),West End,1,Design,Standard Studio
11241,483,,131 W Hastings St,Completed,2010,PHS Community Services Society,https://app.vancouver.ca/NonMarketHousing_NET/ProjectDetails.aspx?IndexNum=483,POINT (-123.10776232 49.28276526),Downtown,120,Design,Standard Studio
11243,492,,2864 E 5th Ave,Completed,1983,Access Co-op Housing Association,https://app.vancouver.ca/NonMarketHousing_NET/ProjectDetails.aspx?IndexNum=492,POINT (-123.04557776 49.26540171),Hastings-Sunrise,1,Design,Standard Studio
11245,503,,3355 E 4th Avenue,Completed,2006,Hopehill,https://app.vancouver.ca/NonMarketHousing_NET/ProjectDetails.aspx?IndexNum=503,POINT (-123.03143236 49.26621509),Hastings-Sunrise,13,Design,Standard Studio
11248,597,,1601 W 7th Av,Completed,2012,Sanford Housing Society,https://app.vancouver.ca/NonMarketHousing_NET/ProjectDetails.aspx?IndexNum=597,POINT (-123.14131128 49.26563829),Fairview,62,Design,Standard Studio
11249,634,,2980 Nanaimo,Completed,2012,Lu'Ma Native Housing Society,https://app.vancouver.ca/NonMarketHousing_NET/ProjectDetails.aspx?IndexNum=634,POINT (-123.05614045 49.25719768),Renfrew-Collingwood,3,Design,Standard Studio
11254,692,,1436 West 71st Avenue,Completed,2008,Tikva Housing Society,https://app.vancouver.ca/NonMarketHousing_NET/ProjectDetails.aspx?IndexNum=692,POINT (-123.13817325 49.20677619),Marpole,1,Design,Standard Studio
11255,705,,2304 W 8th Av,Completed,2012,Kitsilano Neighbourhood House,https://app.vancouver.ca/NonMarketHousing_NET/ProjectDetails.aspx?IndexNum=705,POINT (-123.15800935 49.26456261),Kitsilano,1,Design,Standard Studio
11257,710,,728 W 8th Ave,Completed,2012,Heritage Co-op Housing Association,https://app.vancouver.ca/NonMarketHousing_NET/ProjectDetails.aspx?IndexNum=710,POINT (-123.12046637 49.2639696),Fairview,1,Design,Standard Studio
11259,723,,3484 Kingsway,Completed,2014,City of Vancouver,https://app.vancouver.ca/NonMarketHousing_NET/ProjectDetails.aspx?IndexNum=723,POINT (-123.03124616 49.23140021),Killarney,55,Design,Standard Studio
11261,727,,333 E Pender St,Completed,2021,S.U.C.C.E.S.S.,https://app.vancouver.ca/NonMarketHousing_NET/ProjectDetails.aspx?IndexNum=727,POINT (-123.09633964 49.28058017),Strathcona,62,Design,Standard Studio
11262,760,,557 E Cordova St,Completed,2015,MPA Society,https://app.vancouver.ca/NonMarketHousing_NET/ProjectDetails.aspx?IndexNum=760,POINT (-123.09214537 49.28239934),Strathcona,5,Design,Standard Studio
11264,786,,41 E Hastings St,Completed,2018,Atira Women’s Resource Society,https://app.vancouver.ca/NonMarketHousing_NET/ProjectDetails.aspx?IndexNum=786,POINT (-123.10334078 49.28172425),Downtown,120,Design,Standard Studio
11265,791,,1495 W 8th Ave,Completed,2021,Vancouver Masonic Centre,https://app.vancouver.ca/NonMarketHousing_NET/ProjectDetails.aspx?IndexNum=791,POINT (-123.13751409 49.26497349),Fairview,65,Design,Standard Studio
11266,792,,946 - 950 Main St,Completed,2021,Lu'Ma Native Housing Society,https://app.vancouver.ca/NonMarketHousing_NET/ProjectDetails.aspx?IndexNum=792,POINT (-123.09948504 49.27598238),Strathcona,22,Design,Standard Studio
11267,798,,5688 Ash St,Completed,2019,Oakridge Lutheran Church Housing Society,https://app.vancouver.ca/NonMarketHousing_NET/ProjectDetails.aspx?IndexNum=798,POINT (-123.11760049 49.23385582),South Cambie,15,Design,Standard Studio
11268,800,,500-650 W 57th Ave,Approved,,,,POINT (-123.11780837 49.21835764),Marpole,45,Design,Standard Studio
11269,802,,124 Dunlevy Ave,Completed,2021,City of Vancouver,https://app.vancouver.ca/NonMarketHousing_NET/ProjectDetails.aspx?IndexNum=802,POINT (-123.0948261 49.28373962),Strathcona,165,Design,Standard Studio
11270,811,,401 Jackson Ave,Under Construction,,Aboriginal Land Trust Society,https://app.vancouver.ca/NonMarketHousing_NET/ProjectDetails.aspx?IndexNum=811,,Unknown,108,Design,Standard Studio
11271,814,,177 W Pender St,Under Construction,,Community Land Trust Foundation of BC,,POINT (-123.10920892 49.28166995),Downtown,63,Design,Standard Studio
11272,815,,75 SW Marine Dr,Completed,2022,New Chelsea Society,https://app.vancouver.ca/NonMarketHousing_NET/ProjectDetails.aspx?IndexNum=815,POINT (-123.10773385 49.21271041),Marpole,10,Design,Standard Studio
11273,819,,320 E Hastings St,Under Construction,,,,POINT (-123.09704179 49.28098552),Strathcona,56,Design,Standard Studio
11274,831,,650 W 41st Ave,Under Construction,,Sanford Housing Society,,,Unknown,52,Design,Standard Studio
11275,839,,220 Terminal Ave,Completed,2017,City of Vancouver,https://app.vancouver.ca/NonMarketHousing_NET/ProjectDetails.aspx?IndexNum=839,POINT (-123.09968569 49.27237498),Strathcona,36,Design,Standard Studio
11276,849,,625-777 Pacific St,Approved,,More Than A Roof Housing Society,,POINT (-123.12818293 49.27489867),Downtown,39,Design,Standard Studio
11277,852,,1190 Burrard St,Under Construction,,McLaren Housing Society of BC,,,Unknown,87,Design,Standard Studio
11278,854,,2050 Rupert St,Under Construction,,Hopehill,,POINT (-123.03326161 49.26621497),Hastings-Sunrise,38,Design,Standard Studio
11279,857,,5250 Ash St,Approved,,,,POINT (-123.1173014 49.2376526),South Cambie,16,Design,Standard Studio
11280,859,,3279 - 3297 Vanness Ave,Under Construction,,,,,Unknown,52,Design,Standard Studio
11281,862,,3819 Boundary Rd,Completed,2021,Lu'Ma Native Housing Society,https://app.vancouver.ca/NonMarketHousing_NET/ProjectDetails.aspx?IndexNum=862,POINT (-123.02424893 49.25040035),Renfrew-Collingwood,1,Design,Standard Studio
11282,866,,3625 Sawmill Crescent,Completed,2021,Catalyst Community Developments Society,https://app.vancouver.ca/NonMarketHousing_NET/ProjectDetails.aspx?IndexNum=866,POINT (-123.02444018 49.20668835),Killarney,9,Design,Standard Studio
11284,871,,1325 Burnaby St,Completed,2000,Brightside Community Homes Foundation,https://app.vancouver.ca/NonMarketHousing_NET/ProjectDetails.aspx?IndexNum=871,POINT (-123.13613725 49.28256925),West End,4,Design,Standard Studio
11285,883,,1001 Kingsway,Proposed,,,,POINT (-123.08348134 49.25412044),Kensington-Cedar Cottage,35,Design,Standard Studio
11286,889,,1885 E Pender St,Proposed,,,,POINT (-123.06602928 49.28048558),Grandview-Woodland,24,Design,Standard Studio
11287,890,,4949-5255 Heather St & 657 W 37th Ave,Approved,,,,POINT (-123.12185811 49.24025538),South Cambie,109,Design,Standard Studio
11288,891,,546 W 13th Ave,Under Construction,,Soroptimist Club of Vancouver,,,Unknown,51,Design,Standard Studio
11290,896,,1317 Richard St & 508 Drake St,Under Construction,,,,POINT (-123.12635099 49.27484364),Downtown,89,Design,Standard Studio
11291,898,,2924 Venables St,Under Construction,,Brightside Community Homes Foundation,https://app.vancouver.ca/NonMarketHousing_NET/ProjectDetails.aspx?IndexNum=898,,Unknown,39,Design,Standard Studio
11295,920,,1210 Seymour St,Under Construction,,,https://app.vancouver.ca/NonMarketHousing_NET/ProjectDetails.aspx?IndexNum=920,POINT (-123.125212 49.27614383),Downtown,78,Design,Standard Studio
11296,935,,949 W 41st Ave and 5469-5507 Willow St,Approved,,,,POINT (-123.12472797 49.23414343),South Cambie,66,Design,Standard Studio
11297,937,,1810 Alberni St / 1818 Alberni,Under Construction,,,https://app.vancouver.ca/NonMarketHousing_NET/ProjectDetails.aspx?IndexNum=937,,Unknown,4,Design,Standard Studio
11298,942,,1325-1333 E Georgia St,Approved,,Lu'Ma Native Housing Society,,POINT (-123.07653322 49.27882739),Grandview-Woodland,29,Design,Standard Studio
11299,945,,774 W 13th Ave,Approved,,Metro Vancouver Housing Corporation,,,Unknown,51,Design,Standard Studio
11300,947,,52-92 E Hastings St,Under Construction,,Lu'Ma Native Housing Society,,POINT (-123.10272097 49.28108972),Downtown,63,Design,Standard Studio
11301,950,,128 - 138 E Cordova St,Under Construction,,Salvation Army,,POINT (-123.10109474 49.28205621),Downtown,46,Design,Standard Studio
11303,953,,2075 Kingsway,Completed,2023,Connective Supportive Society,https://app.vancouver.ca/NonMarketHousing_NET/ProjectDetails.aspx?IndexNum=953,POINT (-123.06367433 49.2450181),Kensington-Cedar Cottage,65,Design,Standard Studio
11305,984,,388 Slocan,Completed,2024,YWCA Vancouver,https://app.vancouver.ca/NonMarketHousing_NET/ProjectDetails.aspx?IndexNum=984,POINT (-123.04884634 49.28142299),Hastings-Sunrise,9,Design,Standard Studio
11306,988,,8559 Jack Uppal St,Completed,2025,Sawmill Co-op,https://app.vancouver.ca/NonMarketHousing_NET/ProjectDetails.aspx?IndexNum=988,POINT (-123.03388168 49.20633158),Killarney,56,Design,Standard Studio
11311,13,,1455 E 3rd Ave,Completed,1973,Baptist Housing Society of B.C.,https://app.vancouver.ca/NonMarketHousing_NET/ProjectDetails.aspx?IndexNum=13,POINT (-123.07464212 49.26829628),Grandview-Woodland,144,Design,Standard Studio
11313,24,,1800 E 5th Ave,Completed,1976,BC Housing,https://app.vancouver.ca/NonMarketHousing_NET/ProjectDetails.aspx?IndexNum=24,POINT (-123.06799095 49.26555761),Grandview-Woodland,23,Design,Standard Studio
11316,30,,325 E 6th Ave,Completed,1969,Brightside Community Homes Foundation,https://app.vancouver.ca/NonMarketHousing_NET/ProjectDetails.aspx?IndexNum=30,POINT (-123.09776676 49.26570816),Mount Pleasant,34,Design,Standard Studio
11317,31,,330 E 6th Ave,Completed,1975,New Chelsea Society,https://app.vancouver.ca/NonMarketHousing_NET/ProjectDetails.aspx?IndexNum=31,POINT (-123.09804729 49.26518737),Mount Pleasant,40,Design,Standard Studio
11321,44,,1216 E 7th Ave,Completed,1981,Coast Mental Health,https://app.vancouver.ca/NonMarketHousing_NET/ProjectDetails.aspx?IndexNum=44,POINT (-123.07890671 49.26397621),Mount Pleasant,23,Design,Standard Studio
11324,57,,951 E 8th Ave,Completed,1978,Anavets Senior Citizens Housing Society,https://app.vancouver.ca/NonMarketHousing_NET/ProjectDetails.aspx?IndexNum=57,POINT (-123.08405019 49.26362938),Mount Pleasant,52,Design,Standard Studio
11330,80,,2898 E 22nd Ave,Completed,1982,Three Links Care Society,https://app.vancouver.ca/NonMarketHousing_NET/ProjectDetails.aspx?IndexNum=80,POINT (-123.04445764 49.25031447),Renfrew-Collingwood,34,Design,Standard Studio
11335,96,,1717 Adanac St,Completed,1979,Vancouver East Lion's Housing Foundation,https://app.vancouver.ca/NonMarketHousing_NET/ProjectDetails.aspx?IndexNum=96,POINT (-123.07006467 49.27782127),Grandview-Woodland,92,Design,Standard Studio
11337,100,,310 Alexander St,Completed,1986,Veterans' Memorial Housing Society,https://app.vancouver.ca/NonMarketHousing_NET/ProjectDetails.aspx?IndexNum=100,POINT (-123.0973628 49.28378914),Strathcona,75,Design,Standard Studio
11338,102,,638 Alexander St,Completed,1985,Alexander Street Co-operative Housing Association,https://app.vancouver.ca/NonMarketHousing_NET/ProjectDetails.aspx?IndexNum=102,POINT (-123.09046001 49.28366031),Strathcona,33,Design,Standard Studio
11341,118,,2633 E Broadway,Completed,1975,Broadway Pentecostal Benevolent Association,https://app.vancouver.ca/NonMarketHousing_NET/ProjectDetails.aspx?IndexNum=118,POINT (-123.05120171 49.2623094),Hastings-Sunrise,69,Design,Standard Studio
11343,121,,633 Bucketwheel,Completed,1977,Uptown Kiwanis Club,https://app.vancouver.ca/NonMarketHousing_NET/ProjectDetails.aspx?IndexNum=121,POINT (-123.11823439 49.26800345),Fairview,40,Design,Standard Studio
11344,122,,650 Bucketwheel,Completed,1977,Vancouver Broadway Housing Society,https://app.vancouver.ca/NonMarketHousing_NET/ProjectDetails.aspx?IndexNum=122,POINT (-123.11818965 49.26769092),Fairview,22,Design,Standard Studio
11345,127,,3637 Cambie St,Completed,1982,Eight Oaks Co-op Housing Association,https://app.vancouver.ca/NonMarketHousing_NET/ProjectDetails.aspx?IndexNum=127,POINT (-123.11584604 49.25295523),South Cambie,4,Design,Standard Studio
11348,137,,740 Commercial Dr,Completed,1958,Vancouver East Lion's Housing Foundation,https://app.vancouver.ca/NonMarketHousing_NET/ProjectDetails.aspx?IndexNum=137,POINT (-123.07022885 49.27820526),Grandview-Woodland,12,Design,Standard Studio
11353,153,,2425 Cypress St,Completed,1976,BC Housing,https://app.vancouver.ca/NonMarketHousing_NET/ProjectDetails.aspx?IndexNum=153,POINT (-123.14845684 49.26444467),Kitsilano,2,Design,Standard Studio
11356,167,,551 E Georgia St,Completed,1979,Vancouver Chinese Kung Kao Foundation,https://app.vancouver.ca/NonMarketHousing_NET/ProjectDetails.aspx?IndexNum=167,POINT (-123.09201049 49.27867931),Strathcona,25,Design,Standard Studio
11361,179,,1750 Grant St,Completed,1981,Vancouver East Co-op Housing Association,https://app.vancouver.ca/NonMarketHousing_NET/ProjectDetails.aspx?IndexNum=179,POINT (-123.06848813 49.27102079),Grandview-Woodland,2,Design,Standard Studio
11362,180,,1090 Granville St,Completed,1991,McLaren Housing Society of BC,https://app.vancouver.ca/NonMarketHousing_NET/ProjectDetails.aspx?IndexNum=180,POINT (-123.1241591 49.27810547),Downtown,16,Design,Standard Studio
11364,191,,1661 Frances St,Completed,1989,Coast Mental Health,https://app.vancouver.ca/NonMarketHousing_NET/ProjectDetails.aspx?IndexNum=191,POINT (-123.07120717 49.27964586),Grandview-Woodland,12,Design,Standard Studio
11367,197,,1099 Richards Street,Completed,2016,The 127 Society for Housing,https://app.vancouver.ca/NonMarketHousing_NET/ProjectDetails.aspx?IndexNum=197,POINT (-123.12269367 49.27725478),Downtown,109,Design,Standard Studio
11368,203,,5233 Joyce St,Completed,1970,Columbus Charities,https://app.vancouver.ca/NonMarketHousing_NET/ProjectDetails.aspx?IndexNum=203,POINT (-123.03307907 49.23748176),Renfrew-Collingwood,82,Design,Standard Studio
11370,205,,325 Keefer St,Completed,1972,Chau Luen Kon Sol Society of Vancouver,https://app.vancouver.ca/NonMarketHousing_NET/ProjectDetails.aspx?IndexNum=205,POINT (-123.09648989 49.27966994),Strathcona,73,Design,Standard Studio
11372,209,,7101 Kerr St,Completed,1969,Vancouver Kiwanis Senior Citizens Housing Society,https://app.vancouver.ca/NonMarketHousing_NET/ProjectDetails.aspx?IndexNum=209,POINT (-123.041933 49.21887003),Killarney,30,Design,Standard Studio
11373,211,,2751 W King Edward,Completed,1963,Anglican Homes,https://app.vancouver.ca/NonMarketHousing_NET/ProjectDetails.aspx?IndexNum=211,POINT (-123.16653193 49.24842742),Arbutus Ridge,50,Design,Standard Studio
11377,216,,1475 Kitchener St,Completed,1982,Lu'Ma Native Housing Society,https://app.vancouver.ca/NonMarketHousing_NET/ProjectDetails.aspx?IndexNum=216,POINT (-123.07429154 49.27241953),Grandview-Woodland,1,Design,Standard Studio
11379,226,,2229 Maple St,Completed,1976,Shalom Branch #178 Canadian Legion,https://app.vancouver.ca/NonMarketHousing_NET/ProjectDetails.aspx?IndexNum=226,POINT (-123.15077883 49.26595347),Kitsilano,16,Design,Standard Studio
11382,238,,1501 Woodland Dr,Completed,1969,BC Housing,https://app.vancouver.ca/NonMarketHousing_NET/ProjectDetails.aspx?IndexNum=238,POINT (-123.07443151 49.27099676),Grandview-Woodland,71,Design,Standard Studio
11383,246,,1455 Napier St,Completed,1980,Grandview Co-op Housing Association,https://app.vancouver.ca/NonMarketHousing_NET/ProjectDetails.aspx?IndexNum=246,POINT (-123.07485783 49.27517909),Grandview-Woodland,2,Design,Standard Studio
11385,252,,2122 Oxford St,Completed,1965,Vancouver East Lion's Housing Foundation,https://app.vancouver.ca/NonMarketHousing_NET/ProjectDetails.aspx?IndexNum=252,POINT (-123.06137361 49.28545308),Grandview-Woodland,31,Design,Standard Studio
11386,255,,490 Columbia St,Completed,1981,Chinese Freemasons of Canada,https://app.vancouver.ca/NonMarketHousing_NET/ProjectDetails.aspx?IndexNum=255,POINT (-123.10190211 49.28067369),Downtown,32,Design,Standard Studio
11388,261,,830 Campbell Ave,Completed,1984,Vancouver Chinatown Housing Society,https://app.vancouver.ca/NonMarketHousing_NET/ProjectDetails.aspx?IndexNum=261,POINT (-123.08442743 49.27694361),Strathcona,14,Design,Standard Studio
11392,269,,1254 Pendrell St,Completed,1973,Parish of St.Paul-Pendrellis Society,https://app.vancouver.ca/NonMarketHousing_NET/ProjectDetails.aspx?IndexNum=269,POINT (-123.13344925 49.28280452),West End,78,Design,Standard Studio
11393,272,,43 Powell St,Completed,1983,Affordable Housing Societies,https://app.vancouver.ca/NonMarketHousing_NET/ProjectDetails.aspx?IndexNum=272,POINT (-123.10320433 49.28340214),Downtown,25,Design,Standard Studio
11394,273,,101 Powell St,Completed,1986,Affordable Housing Societies,https://app.vancouver.ca/NonMarketHousing_NET/ProjectDetails.aspx?IndexNum=273,POINT (-123.10189962 49.28346017),Downtown,69,Design,Standard Studio
11396,277,,333 Powell St,Completed,1990,The Bloom Group,https://app.vancouver.ca/NonMarketHousing_NET/ProjectDetails.aspx?IndexNum=277,POINT (-123.09696743 49.28339069),Strathcona,24,Design,Standard Studio
11398,284,,3433 Renfrew St,Completed,1976,East Enders Amherst Lions Society,https://app.vancouver.ca/NonMarketHousing_NET/ProjectDetails.aspx?IndexNum=284,POINT (-123.0448255 49.25359041),Renfrew-Collingwood,20,Design,Standard Studio
11400,293,,1067 Seymour St,Completed,1992,City of Vancouver,https://app.vancouver.ca/NonMarketHousing_NET/ProjectDetails.aspx?IndexNum=293,POINT (-123.12355177 49.27796805),Downtown,53,Design,Standard Studio
11411,343,,1538 E 22nd Ave,Completed,1995,Coast Mental Health,https://app.vancouver.ca/NonMarketHousing_NET/ProjectDetails.aspx?IndexNum=343,POINT (-123.07283614 49.25015825),Kensington-Cedar Cottage,1,Design,Standard Studio
11412,344,,377 Powell  St,Completed,2002,The Bloom Group,https://app.vancouver.ca/NonMarketHousing_NET/ProjectDetails.aspx?IndexNum=344,POINT (-123.09593061 49.2833689),Strathcona,29,Design,Standard Studio
11419,378,,3278 Vanness  Ave,Completed,2000,Affordable Housing Societies,https://app.vancouver.ca/NonMarketHousing_NET/ProjectDetails.aspx?IndexNum=378,POINT (-123.03529409 49.23940019),Renfrew-Collingwood,1,Design,Standard Studio
11421,387,,520 W 7th Ave,Completed,2001,Brightside Community Homes Foundation,https://app.vancouver.ca/NonMarketHousing_NET/ProjectDetails.aspx?IndexNum=387,POINT (-123.11567548 49.26473908),Fairview,48,Design,Standard Studio
11422,388,,361 Heatley Ave,Completed,2002,Union Gospel Mission,https://app.vancouver.ca/NonMarketHousing_NET/ProjectDetails.aspx?IndexNum=388,POINT (-123.08987395 49.28146285),Strathcona,75,Design,Standard Studio
11423,390,,1265 Granville St,Completed,2002,More Than a Roof Housing Society,https://app.vancouver.ca/NonMarketHousing_NET/ProjectDetails.aspx?IndexNum=390,POINT (-123.12765023 49.27658027),Downtown,56,Design,Standard Studio
11424,392,,1114 Comox St,Completed,2001,Mole Hill Community Housing Society,https://app.vancouver.ca/NonMarketHousing_NET/ProjectDetails.aspx?IndexNum=392,POINT (-123.12980301 49.28188437),West End,3,Design,Standard Studio
11427,396,,2111 Triumph St,Completed,2001,Sanford Housing Society,https://app.vancouver.ca/NonMarketHousing_NET/ProjectDetails.aspx?IndexNum=396,POINT (-123.06142628 49.28415864),Grandview-Woodland,15,Design,Standard Studio
11432,418,,1136 Comox St,Completed,2002,Mole Hill Community Housing Society,https://app.vancouver.ca/NonMarketHousing_NET/ProjectDetails.aspx?IndexNum=418,POINT (-123.13029419 49.28220254),West End,2,Design,Standard Studio
11433,419,,1140 Comox St,Completed,2001,Mole Hill Community Housing Society,https://app.vancouver.ca/NonMarketHousing_NET/ProjectDetails.aspx?IndexNum=419,POINT (-123.13039241 49.28226616),West End,2,Design,Standard Studio
11434,421,,1127 Pendrell St,Completed,2002,Mole Hill Community Housing Society,https://app.vancouver.ca/NonMarketHousing_NET/ProjectDetails.aspx?IndexNum=421,POINT (-123.13048215 49.2816923),West End,2,Design,Standard Studio
11435,428,,1110 Bute St,Completed,2003,Mole Hill Community Housing Society,https://app.vancouver.ca/NonMarketHousing_NET/ProjectDetails.aspx?IndexNum=428,POINT (-123.1316637 49.28264692),West End,3,Design,Standard Studio
11436,429,,1122 Bute St,Completed,2003,Mole Hill Community Housing Society,https://app.vancouver.ca/NonMarketHousing_NET/ProjectDetails.aspx?IndexNum=429,POINT (-123.1318566 49.28251929),West End,3,Design,Standard Studio
11437,430,,1173 Pendrell St,Completed,2003,Mole Hill Community Housing Society,https://app.vancouver.ca/NonMarketHousing_NET/ProjectDetails.aspx?IndexNum=430,POINT (-123.13102235 49.28204219),West End,4,Design,Standard Studio
11438,433,,1159 Pendrell St,Completed,2003,Mole Hill Community Housing Society,https://app.vancouver.ca/NonMarketHousing_NET/ProjectDetails.aspx?IndexNum=433,POINT (-123.13126811 49.2822013),West End,2,Design,Standard Studio
11439,435,,1147 Pendrell St,Completed,2003,Mole Hill Community Housing Society,https://app.vancouver.ca/NonMarketHousing_NET/ProjectDetails.aspx?IndexNum=435,POINT (-123.13048215 49.2816923),West End,2,Design,Standard Studio
11440,436,,1145 Pendrell St,Completed,2003,Mole Hill Community Housing Society,https://app.vancouver.ca/NonMarketHousing_NET/ProjectDetails.aspx?IndexNum=436,POINT (-123.13102235 49.28204219),West End,4,Design,Standard Studio
11441,437,,1103 Pendrell St,Completed,2003,Mole Hill Community Housing Society,https://app.vancouver.ca/NonMarketHousing_NET/ProjectDetails.aspx?IndexNum=437,POINT (-123.13017846 49.2814957),West End,3,Design,Standard Studio
11443,453,,1129 Pendrell St,Completed,2002,Mole Hill Community Housing Society,https://app.vancouver.ca/NonMarketHousing_NET/ProjectDetails.aspx?IndexNum=453,POINT (-123.1306738 49.28181043),West End,3,Design,Standard Studio
11445,457,,1005 Station St,Completed,2010,PHS Community Services Society,https://app.vancouver.ca/NonMarketHousing_NET/ProjectDetails.aspx?IndexNum=457,POINT (-123.09948683 49.2756775),Strathcona,70,Design,Standard Studio
11448,465,,412 Carrall St,Completed,2008,PHS Community Services Society,https://app.vancouver.ca/NonMarketHousing_NET/ProjectDetails.aspx?IndexNum=465,POINT (-123.10415244 49.28111646),Downtown,44,Design,Standard Studio
11452,489,,1962 W 1st Ave,Completed,2002,Coast Mental Health,https://app.vancouver.ca/NonMarketHousing_NET/ProjectDetails.aspx?IndexNum=489,POINT (-123.1493369 49.27045637),Kitsilano,18,Design,Standard Studio
11453,495,,788 Richards St,Completed,2008,Coast Mental Health,https://app.vancouver.ca/NonMarketHousing_NET/ProjectDetails.aspx?IndexNum=495,POINT (-123.11719475 49.28033403),Downtown,45,Design,Standard Studio
11462,594,,1249 Howe St,Completed,2013,McLaren Housing Society of BC,https://app.vancouver.ca/NonMarketHousing_NET/ProjectDetails.aspx?IndexNum=594,POINT (-123.12818713 49.27749639),Downtown,96,Design,Standard Studio
11464,639,,31 W Pender St,Completed,2012,BC Indigenous Housing Society,https://app.vancouver.ca/NonMarketHousing_NET/ProjectDetails.aspx?IndexNum=639,POINT (-123.10604961 49.28108145),Downtown,21,Design,Standard Studio
11467,646,,1134 Burrard St,Completed,2014,Kettle Society,https://app.vancouver.ca/NonMarketHousing_NET/ProjectDetails.aspx?IndexNum=646,POINT (-123.12780362 49.27956687),Downtown,141,Design,Standard Studio
11469,658,,601 E Hastings St,Completed,2011,Union Gospel Mission,https://app.vancouver.ca/NonMarketHousing_NET/ProjectDetails.aspx?IndexNum=658,POINT (-123.09108 49.28147049),Strathcona,37,Design,Standard Studio
11470,671,,525 Abbott St,Completed,2011,Atira Women’s Resource Society,https://app.vancouver.ca/NonMarketHousing_NET/ProjectDetails.aspx?IndexNum=671,POINT (-123.1081018 49.28083259),Downtown,96,Design,Standard Studio
11473,676,,1338 Seymour St,Completed,2011,More Than a Roof Housing Society,https://app.vancouver.ca/NonMarketHousing_NET/ProjectDetails.aspx?IndexNum=676,POINT (-123.12699714 49.27495648),Downtown,100,Design,Standard Studio
11474,677,,1475 - 1495 Kingsway,Completed,2007,Helping Spirit Lodge Society,https://app.vancouver.ca/NonMarketHousing_NET/ProjectDetails.aspx?IndexNum=677,POINT (-123.07371806 49.24966055),Kensington-Cedar Cottage,6,Design,Standard Studio
11475,681,,341 Gore Ave,Completed,2007,S.U.C.C.E.S.S.,https://app.vancouver.ca/NonMarketHousing_NET/ProjectDetails.aspx?IndexNum=681,POINT (-123.09778996 49.28159583),Strathcona,7,Design,Standard Studio
11480,711,,188 E 1st Ave,Completed,2012,Lookout Housing and Health Society,https://app.vancouver.ca/NonMarketHousing_NET/ProjectDetails.aspx?IndexNum=711,POINT (-123.1011091 49.26985484),Mount Pleasant,100,Design,Standard Studio
11486,767,,188 Keefer,Completed,2016,S.U.C.C.E.S.S.,https://app.vancouver.ca/NonMarketHousing_NET/ProjectDetails.aspx?IndexNum=767,POINT (-123.10033058 49.27911983),Downtown,22,Design,Standard Studio
11487,770,,311 E 6th Ave,Completed,2017,Vancouver Resource Society for the Physically Disabled,https://app.vancouver.ca/NonMarketHousing_NET/ProjectDetails.aspx?IndexNum=770,POINT (-123.09852282 49.26560655),Mount Pleasant,14,Design,Standard Studio
11488,777,,179 Main Street,Completed,2019,Anhart Community Housing Society,https://app.vancouver.ca/NonMarketHousing_NET/ProjectDetails.aspx?IndexNum=777,POINT (-123.10002332 49.28362092),Downtown,9,Design,Standard Studio
11489,778,,1723 Victoria Drive,Completed,2018,Salsbury Community Society,https://app.vancouver.ca/NonMarketHousing_NET/ProjectDetails.aspx?IndexNum=778,POINT (-123.06615515 49.26927219),Grandview-Woodland,20,Design,Standard Studio
11492,788,,288 E Hastings St,Completed,2018,Atira Property Management Inc.,https://app.vancouver.ca/NonMarketHousing_NET/ProjectDetails.aspx?IndexNum=788,POINT (-123.09785846 49.28092965),Strathcona,104,Design,Standard Studio
11494,793,,1045 Nelson St,Completed,2024,TPM Real Estate Management Ltd,https://app.vancouver.ca/NonMarketHousing_NET/ProjectDetails.aspx?IndexNum=793,POINT (-123.12645824 49.28185115),West End,14,Design,Standard Studio
11495,796,,187 E 3rd Ave,Completed,2021,221a Artist Housing Society,https://app.vancouver.ca/NonMarketHousing_NET/ProjectDetails.aspx?IndexNum=796,POINT (-123.10119647 49.26884149),Mount Pleasant,12,Design,Standard Studio
11496,804,,2425 St. Catherines St,Completed,2021,Red Door Housing Society,https://app.vancouver.ca/NonMarketHousing_NET/ProjectDetails.aspx?IndexNum=804,POINT (-123.08566017 49.2631267),Mount Pleasant,1,Design,Standard Studio
11497,806,,95 E 1st Ave,Completed,2018,Community Land Trust Foundation of BC,https://app.vancouver.ca/NonMarketHousing_NET/ProjectDetails.aspx?IndexNum=806,POINT (-123.10318172 49.27045793),Mount Pleasant,35,Design,Standard Studio
11498,807,,3185 Riverwalk Ave,Completed,2021,S.U.C.C.E.S.S.,https://app.vancouver.ca/NonMarketHousing_NET/ProjectDetails.aspx?IndexNum=807,POINT (-123.03904061 49.20603626),Killarney,7,Design,Standard Studio
11499,812,,2221 Main St,Completed,2021,Catalyst Community Developments Society,https://app.vancouver.ca/NonMarketHousing_NET/ProjectDetails.aspx?IndexNum=812,POINT (-123.10137992 49.2651573),Mount Pleasant,29,Design,Standard Studio
11500,816,,2930 Renfrew St,Approved,,Lu'Ma Native Housing Society,https://app.vancouver.ca/NonMarketHousing_NET/ProjectDetails.aspx?IndexNum=816,POINT (-123.04384756 49.25770435),Renfrew-Collingwood,76,Design,Standard Studio
11501,817,,1015 E Hastings St,Under Construction,,Community Land Trust Foundation of BC,,POINT (-123.08179571 49.28130782),Strathcona,35,Design,Standard Studio
11502,818,,53 W Cordova St,Completed,2022,PHS Community Services Society,https://app.vancouver.ca/NonMarketHousing_NET/ProjectDetails.aspx?IndexNum=818,,Unknown,62,Design,Standard Studio
11503,820,,58 W Hastings St,Completed,2024,S.U.C.C.E.S.S.,https://app.vancouver.ca/NonMarketHousing_NET/ProjectDetails.aspx?IndexNum=820,,Unknown,101,Design,Standard Studio
11504,821,,1766 Frances St,Under Construction,,,,POINT (-123.06892602 49.2790927),Grandview-Woodland,41,Design,Standard Studio
11505,824,,710 E 19th Ave,Completed,2023,North Arm Housing Co-op,https://app.vancouver.ca/NonMarketHousing_NET/ProjectDetails.aspx?IndexNum=824,POINT (-123.08952659 49.25345583),Kensington-Cedar Cottage,21,Design,Standard Studio
11507,837,,265 W 1st Ave,Completed,2019,PHS Community Services Society,https://app.vancouver.ca/NonMarketHousing_NET/ProjectDetails.aspx?IndexNum=837,POINT (-123.11113923 49.27071415),Mount Pleasant,46,Design,Standard Studio
11508,840,,3598 Copley St,Completed,2020,Community Builders Group,https://app.vancouver.ca/NonMarketHousing_NET/ProjectDetails.aspx?IndexNum=840,POINT (-123.05840305 49.24966647),Kensington-Cedar Cottage,52,Design,Standard Studio
11509,842,,1131 Franklin St,Completed,2018,PHS Community Services Society,https://app.vancouver.ca/NonMarketHousing_NET/ProjectDetails.aspx?IndexNum=842,POINT (-123.0805724 49.28257659),Strathcona,32,Design,Standard Studio
11510,845,,2132 Ash St,Completed,2018,PHS Community Services Society,https://app.vancouver.ca/NonMarketHousing_NET/ProjectDetails.aspx?IndexNum=845,POINT (-123.11595666 49.26682692),Fairview,46,Design,Standard Studio
11511,851,,2009-2037 Stainsbury Ave,Under Construction,,More Than a Roof Housing Society,,,Unknown,29,Design,Standard Studio
11512,853,,305 Main St,Proposed,,Happy Harvest,,POINT (-123.10007981 49.28202383),Downtown,57,Design,Standard Studio
11513,856,,2086-2098 W 7th Ave,Approved,,MPA Society,,,Unknown,129,Design,Standard Studio
11514,858,,418-496 Alexander St,Approved,,Atira Women’s Resource Society,,POINT (-123.09425793 49.28372966),Strathcona,15,Design,Standard Studio
11515,865,,950 W 41st Ave,Approved,,,,POINT (-123.12599122 49.23344379),Oakridge,60,Design,Standard Studio
11516,867,,835 - 837 E Hastings St,Approved,,Lee's Benevolent Adssociation of Canada,,POINT (-123.08641094 49.28138463),Strathcona,40,Design,Standard Studio
11517,868,,601 Beach Crescent,Approved,,,,POINT (-123.12954822 49.27398575),Downtown,20,Design,Standard Studio
11518,872,,1222 Harwood St,Completed,1999,Brightside Community Homes Foundation,https://app.vancouver.ca/NonMarketHousing_NET/ProjectDetails.aspx?IndexNum=872,POINT (-123.13636545 49.28054963),West End,16,Design,Standard Studio
11524,884,,282 W 49th Ave,Approved,,YWCA Vancouver,,POINT (-123.11234239 49.22533108),Oakridge,18,Design,Standard Studio
11527,899,,349 E 6th Ave,Completed,2024,Brightside Community Homes Foundation,https://app.vancouver.ca/NonMarketHousing_NET/ProjectDetails.aspx?IndexNum=899,POINT (-123.09724906 49.2656987),Mount Pleasant,35,Design,Standard Studio
11528,900,,162 Main St,Completed,2023,MPA Society,https://app.vancouver.ca/NonMarketHousing_NET/ProjectDetails.aspx?IndexNum=900,POINT (-123.09911107 49.28349233),Strathcona,68,Design,Standard Studio
11530,916,,502 Alexander St,Completed,2013,Atira Women’s Resource Society,https://app.vancouver.ca/NonMarketHousing_NET/ProjectDetails.aspx?IndexNum=916,POINT (-123.09308337 49.28370817),Strathcona,12,Design,Standard Studio
11531,924,,2108-2408 Cassiar St,Approved,,,https://app.vancouver.ca/NonMarketHousing_NET/ProjectDetails.aspx?IndexNum=924,POINT (-123.03033314 49.26414502),Hastings-Sunrise,32,Design,Standard Studio
11533,929,,998 E 19th Ave,Approved,,,,POINT (-123.08438908 49.25336844),Kensington-Cedar Cottage,30,Design,Standard Studio
11535,948,,545 E Cordova,Completed,2024,Lookout Housing and Health Society,https://app.vancouver.ca/NonMarketHousing_NET/ProjectDetails.aspx?IndexNum=948,POINT (-123.0923813 49.28240033),Strathcona,20,Design,Standard Studio
11599,256,,300 E Pender St,Completed,1971,Christ Church of China,https://app.vancouver.ca/NonMarketHousing_NET/ProjectDetails.aspx?IndexNum=256,POINT (-123.09649954 49.28003018),Strathcona,47,Design,Standard Room
11642,372,,101 E Hastings St,Completed,1999,PHS Community Services Society,https://app.vancouver.ca/NonMarketHousing_NET/ProjectDetails.aspx?IndexNum=372,POINT (-123.10200044 49.28168281),Downtown,48,Design,Standard Room
11666,476,,396 Powell St,Completed,2008,Lookout Housing and Health Society,https://app.vancouver.ca/NonMarketHousing_NET/ProjectDetails.aspx?IndexNum=476,POINT (-123.0956261 49.28285515),Strathcona,109,Design,Standard Room
11673,602,,258 E Hastings St,Completed,2009,MPA Society,https://app.vancouver.ca/NonMarketHousing_NET/ProjectDetails.aspx?IndexNum=602,POINT (-123.09821929 49.2809366),Strathcona,25,Design,Standard Room
11674,631,,2019 Dundas St,Completed,2011,Lu'Ma Native Housing Society,https://app.vancouver.ca/NonMarketHousing_NET/ProjectDetails.aspx?IndexNum=631,POINT (-123.06282257 49.28507629),Grandview-Woodland,16,Design,Standard Room
11677,666,,1161 Granville St,Completed,2007,Coast Mental Health,https://app.vancouver.ca/NonMarketHousing_NET/ProjectDetails.aspx?IndexNum=666,POINT (-123.12594954 49.27771178),Downtown,86,Design,Standard Room
11681,688,,456 E Hastings St,Completed,2009,BC Indigenous Housing Society,https://app.vancouver.ca/NonMarketHousing_NET/ProjectDetails.aspx?IndexNum=688,POINT (-123.09416143 49.28093028),Strathcona,55,Design,Standard Room
11684,695,,566 Powell St,Completed,2009,Atira Property Management Inc.,https://app.vancouver.ca/NonMarketHousing_NET/ProjectDetails.aspx?IndexNum=695,POINT (-123.09191702 49.28279086),Strathcona,12,Design,Standard Room
11685,697,,210 Abbott St,Completed,2009,Atira Property Management Inc.,https://app.vancouver.ca/NonMarketHousing_NET/ProjectDetails.aspx?IndexNum=697,POINT (-123.10628594 49.28355627),Downtown,63,Design,Standard Room
11686,698,,344 E Hastings St,Completed,2009,MPA Society,https://app.vancouver.ca/NonMarketHousing_NET/ProjectDetails.aspx?IndexNum=698,POINT (-123.09637148 49.28097337),Strathcona,107,Design,Standard Room
11688,720,,25 E Hastings St,Completed,2013,Anhart Community Housing Society,https://app.vancouver.ca/NonMarketHousing_NET/ProjectDetails.aspx?IndexNum=720,POINT (-123.10361324 49.28170077),Downtown,70,Design,Standard Room
11689,724,,3475 E Hastings St,Completed,2014,Community Builders Group,https://app.vancouver.ca/NonMarketHousing_NET/ProjectDetails.aspx?IndexNum=724,POINT (-123.02933128 49.28142124),Hastings-Sunrise,57,Design,Standard Room
11690,732,,1300 Granville St,Completed,2014,Community Builders Group,https://app.vancouver.ca/NonMarketHousing_NET/ProjectDetails.aspx?IndexNum=732,POINT (-123.12766812 49.2757853),Downtown,43,Design,Standard Room
11704,794,,313 Alexander St,Completed,2019,Atira Women’s Resource Society,https://app.vancouver.ca/NonMarketHousing_NET/ProjectDetails.aspx?IndexNum=794,POINT (-123.09734372 49.28422588),Strathcona,24,Design,Standard Room
11734,907,,103 E Hastings St,Completed,2021,PHS Community Services Society,https://app.vancouver.ca/NonMarketHousing_NET/ProjectDetails.aspx?IndexNum=907,POINT (-123.10184433 49.28168053),Downtown,8,Design,Standard Room
11736,910,,1012 Main St,Completed,2021,BC Housing,https://app.vancouver.ca/NonMarketHousing_NET/ProjectDetails.aspx?IndexNum=910,POINT (-123.09952168 49.27545949),Strathcona,31,Design,Standard Room
11737,911,,205 Kingsway,Completed,2021,Coast Mental Health,https://app.vancouver.ca/NonMarketHousing_NET/ProjectDetails.aspx?IndexNum=911,POINT (-123.09796745 49.26178772),Mount Pleasant,68,Design,Standard Room
11738,914,,403 E Hastings St,Completed,2021,Atira Property Management Inc.,https://app.vancouver.ca/NonMarketHousing_NET/ProjectDetails.aspx?IndexNum=914,POINT (-123.09499268 49.28154319),Strathcona,145,Design,Standard Room
11739,915,,558 Keefer St,Completed,2020,Lookout Housing and Health Society,https://app.vancouver.ca/NonMarketHousing_NET/ProjectDetails.aspx?IndexNum=915,POINT (-123.09220455 49.2790753),Strathcona,15,Design,Standard Room
11746,954,,303 Columbia St,Completed,,Atira Property Management Inc.,https://app.vancouver.ca/NonMarketHousing_NET/ProjectDetails.aspx?IndexNum=954,POINT (-123.1025442 49.28207009),Downtown,78,Design,Standard Room
11747,955,,796 Main St,Completed,,Hogan's Alley Society,https://app.vancouver.ca/NonMarketHousing_NET/ProjectDetails.aspx?IndexNum=955,POINT (-123.09933634 49.27790004),Strathcona,27,Design,Standard Room
11748,956,,84 W Hastings St,Completed,1999,Central City Foundation,https://app.vancouver.ca/NonMarketHousing_NET/ProjectDetails.aspx?IndexNum=956,POINT (-123.10713559 49.2816849),Downtown,70,Design,Standard Room
11749,968,,29 W Hastings St,Completed,2003,Central City Foundation,https://app.vancouver.ca/NonMarketHousing_NET/ProjectDetails.aspx?IndexNum=968,POINT (-123.10560541 49.28199128),Downtown,42,Design,Standard Room
11751,983,,1450 W 12th Ave,Completed,2024,Connective Supportive Society,https://app.vancouver.ca/NonMarketHousing_NET/ProjectDetails.aspx?IndexNum=983,POINT (-123.1374842 49.26048852),Fairview,114,Design,Standard Room
11753,987,,204 Carrall St,Completed,2024,BC Housing,https://app.vancouver.ca/NonMarketHousing_NET/ProjectDetails.aspx?IndexNum=987,POINT (-123.10393424 49.28298921),Downtown,41,Design,Standard Room
11754,990,,122 Water St,Completed,2014,Atira Property Management Inc.,https://app.vancouver.ca/NonMarketHousing_NET/ProjectDetails.aspx?IndexNum=990,POINT (-123.10703834 49.28369274),Downtown,140,Design,Standard Room
11755,992,,1516 Powell St,Completed,2014,Atira Property Management Inc.,https://app.vancouver.ca/NonMarketHousing_NET/ProjectDetails.aspx?IndexNum=992,POINT (-123.07335302 49.28298396),Grandview-Woodland,101,Design,Standard Room
11756,994,,362 Alexander St,Completed,2013,Atira Women’s Resource Society,https://app.vancouver.ca/NonMarketHousing_NET/ProjectDetails.aspx?IndexNum=994,POINT (-123.09569679 49.28375815),Strathcona,32,Design,Standard Room
11757,995,,485 Dunlevy Ave,Completed,1984,Atira Women’s Resource Society,https://app.vancouver.ca/NonMarketHousing_NET/ProjectDetails.aspx?IndexNum=995,POINT (-123.09570768 49.28056884),Strathcona,32,Design,Standard Room
11801,146,,450 E Cordova St,Completed,1974,City of Vancouver,https://app.vancouver.ca/NonMarketHousing_NET/ProjectDetails.aspx?IndexNum=146,POINT (-123.09391899 49.28191513),Strathcona,147,Design,Standard Room
11804,165,,1721 Franklin St,Completed,1982,BC Indigenous Housing Society,https://app.vancouver.ca/NonMarketHousing_NET/ProjectDetails.aspx?IndexNum=165,POINT (-123.06979076 49.28242758),Grandview-Woodland,30,Design,Standard Room
11839,259,,853 E Pender St,Completed,1982,Rose Garden Co-op Housing Association,https://app.vancouver.ca/NonMarketHousing_NET/ProjectDetails.aspx?IndexNum=259,POINT (-123.0858665 49.28037655),Strathcona,36,Design,Standard Room
11855,356,,20 W  Hastings St,Completed,2000,PHS Community Services Society,https://app.vancouver.ca/NonMarketHousing_NET/ProjectDetails.aspx?IndexNum=356,POINT (-123.10547529 49.28138819),Downtown,60,Design,Standard Room
11863,373,,177 E Hastings St,Completed,1999,PHS Community Services Society,https://app.vancouver.ca/NonMarketHousing_NET/ProjectDetails.aspx?IndexNum=373,POINT (-123.10048315 49.28165538),Downtown,81,Design,Standard Room
11883,485,,42 E Cordova St,Completed,2003,City of Vancouver,https://app.vancouver.ca/NonMarketHousing_NET/ProjectDetails.aspx?IndexNum=485,POINT (-123.10326481 49.28208473),Downtown,60,Design,Standard Room
11885,493,,1261 Granville St,Completed,2005,City of Vancouver,https://app.vancouver.ca/NonMarketHousing_NET/ProjectDetails.aspx?IndexNum=493,POINT (-123.12746742 49.27669007),Downtown,83,Design,Standard Room
11894,668,,404 Hawks Ave,Completed,2007,Atira Women’s Resource Society,https://app.vancouver.ca/NonMarketHousing_NET/ProjectDetails.aspx?IndexNum=668,POINT (-123.08690641 49.28086915),Strathcona,38,Design,Standard Room
11900,723,,3484 Kingsway,Completed,2014,City of Vancouver,https://app.vancouver.ca/NonMarketHousing_NET/ProjectDetails.aspx?IndexNum=723,POINT (-123.03124616 49.23140021),Killarney,66,Design,Standard Room
11901,726,,256 E Pender St,Completed,2017,PHS Community Services Society,https://app.vancouver.ca/NonMarketHousing_NET/ProjectDetails.aspx?IndexNum=726,POINT (-123.0981439 49.28009111),Strathcona,120,Design,Standard Room
11934,912,,1025 Granville St,Completed,2021,Community Builders Group,https://app.vancouver.ca/NonMarketHousing_NET/ProjectDetails.aspx?IndexNum=912,POINT (-123.12384062 49.27910653),Downtown,77,Design,Standard Room
11935,913,,435 W Pender St,Completed,2021,Lu'Ma Native Housing Society,https://app.vancouver.ca/NonMarketHousing_NET/ProjectDetails.aspx?IndexNum=913,POINT (-123.11226379 49.28332247),Downtown,80,Design,Standard Room
11943,952,,3505 Kingsway,Completed,2022,Sch'eyk Housing Society,https://app.vancouver.ca/NonMarketHousing_NET/ProjectDetails.aspx?IndexNum=952,POINT (-123.02904189 49.23235486),Renfrew-Collingwood,24,Design,Standard Room
11948,991,,143 Dunlevy Ave,Completed,2006,Atira Women’s Resource Society,https://app.vancouver.ca/NonMarketHousing_NET/ProjectDetails.aspx?IndexNum=991,POINT (-123.0955126 49.28336116),Strathcona,56,Design,Standard Room
11949,996,,561 E Hastings St,Completed,2016,Atira Property Management Inc.,https://app.vancouver.ca/NonMarketHousing_NET/ProjectDetails.aspx?IndexNum=996,POINT (-123.09199723 49.28148942),Strathcona,54,Design,Standard Room
11950,997,,658 Alexander St,Completed,2023,Circle of Eagles Lodge Society,https://app.vancouver.ca/NonMarketHousing_NET/ProjectDetails.aspx?IndexNum=997,,Unknown,17,Design,Standard Room
11978,100,,310 Alexander St,Completed,1986,Veterans' Memorial Housing Society,https://app.vancouver.ca/NonMarketHousing_NET/ProjectDetails.aspx?IndexNum=100,POINT (-123.0973628 49.28378914),Strathcona,39,Design,Standard Room
11991,144,,420 E Cordova,Completed,1981,Metro Vancouver Housing Corporation,https://app.vancouver.ca/NonMarketHousing_NET/ProjectDetails.aspx?IndexNum=144,POINT (-123.09482718 49.28193148),Strathcona,64,Design,Standard Room
11992,147,,535 E Cordova St,Completed,1976,City of Vancouver,https://app.vancouver.ca/NonMarketHousing_NET/ProjectDetails.aspx?IndexNum=147,POINT (-123.09262537 49.28240508),Strathcona,71,Design,Standard Room
12034,272,,43 Powell St,Completed,1983,Affordable Housing Societies,https://app.vancouver.ca/NonMarketHousing_NET/ProjectDetails.aspx?IndexNum=272,POINT (-123.10320433 49.28340214),Downtown,54,Design,Standard Room
12038,278,,376 Powell St,Completed,1978,Lookout Housing and Health Society,https://app.vancouver.ca/NonMarketHousing_NET/ProjectDetails.aspx?IndexNum=278,POINT (-123.09604982 49.28286102),Strathcona,38,Design,Standard Room
12055,351,,716 Smithe St,Completed,1993,City of Vancouver,https://app.vancouver.ca/NonMarketHousing_NET/ProjectDetails.aspx?IndexNum=351,POINT (-123.12192808 49.28036768),Downtown,41,Design,Standard Room
12058,374,,368 E Cordova St,Completed,1998,The Bloom Group,https://app.vancouver.ca/NonMarketHousing_NET/ProjectDetails.aspx?IndexNum=374,POINT (-123.09614857 49.28195691),Strathcona,61,Design,Standard Room
12097,526,,230 Jackson Ave,Completed,2007,Jackson Ave Co-op Hsg Assoc,https://app.vancouver.ca/NonMarketHousing_NET/ProjectDetails.aspx?IndexNum=526,POINT (-123.09310787 49.28241323),Strathcona,19,Design,Standard Room
12100,538,,8264 Hudson St,Completed,1993,Abbeyfield Houses of Vancouver Society,https://app.vancouver.ca/NonMarketHousing_NET/ProjectDetails.aspx?IndexNum=538,POINT (-123.13388777 49.21098353),Marpole,18,Design,Standard Room
12101,555,,261 - 265 E Hastings St,Completed,2009,Lookout Housing and Health Society,https://app.vancouver.ca/NonMarketHousing_NET/ProjectDetails.aspx?IndexNum=555,POINT (-123.09808091 49.28159904),Strathcona,48,Design,Standard Room
12102,563,,512 E Cordova St,Completed,2007,Lookout Housing and Health Society,https://app.vancouver.ca/NonMarketHousing_NET/ProjectDetails.aspx?IndexNum=563,POINT (-123.09301216 49.28189653),Strathcona,24,Design,Standard Room
12104,635,,110 Water St,Completed,2008,Atira Property Management Inc.,https://app.vancouver.ca/NonMarketHousing_NET/ProjectDetails.aspx?IndexNum=635,POINT (-123.10701237 49.28363745),Downtown,95,Design,Standard Room
12106,641,,401 Powell St,Completed,2008,Atira Women’s Resource Society,https://app.vancouver.ca/NonMarketHousing_NET/ProjectDetails.aspx?IndexNum=641,POINT (-123.09506057 49.28335605),Strathcona,29,Design,Standard Room
12107,642,,307 - 315 Carrall St,Completed,2009,PHS Community Services Society,https://app.vancouver.ca/NonMarketHousing_NET/ProjectDetails.aspx?IndexNum=642,POINT (-123.10460555 49.28223732),Downtown,21,Design,Standard Room
12109,650,,375 Princess Av,Completed,2009,PHS Community Services Society,https://app.vancouver.ca/NonMarketHousing_NET/ProjectDetails.aspx?IndexNum=650,POINT (-123.09168097 49.28148382),Strathcona,44,Design,Standard Room
12112,672,,429 - 433 W Pender St,Completed,2007,PHS Community Services Society,https://app.vancouver.ca/NonMarketHousing_NET/ProjectDetails.aspx?IndexNum=672,POINT (-123.11218735 49.28326902),Downtown,50,Design,Standard Room
12113,673,,518 Richards,Completed,2007,Atira Women’s Resource Society,https://app.vancouver.ca/NonMarketHousing_NET/ProjectDetails.aspx?IndexNum=673,POINT (-123.1132548 49.28278806),Downtown,150,Design,Standard Room
12117,684,,166 E Hastings St,Completed,2007,PHS Community Services Society,https://app.vancouver.ca/NonMarketHousing_NET/ProjectDetails.aspx?IndexNum=684,POINT (-123.10053555 49.28104596),Downtown,40,Design,Standard Room
12119,696,,54 E Cordova St,Completed,2009,Atira Property Management Inc.,https://app.vancouver.ca/NonMarketHousing_NET/ProjectDetails.aspx?IndexNum=696,POINT (-123.10296563 49.28207691),Downtown,30,Design,Standard Room
12120,699,,7 W Hastings,Completed,2009,PHS Community Services Society,https://app.vancouver.ca/NonMarketHousing_NET/ProjectDetails.aspx?IndexNum=699,POINT (-123.10494162 49.28186911),Downtown,36,Design,Standard Room
12122,713,,120 Jackson Ave,Completed,2013,Atira Women’s Resource Society,https://app.vancouver.ca/NonMarketHousing_NET/ProjectDetails.aspx?IndexNum=713,POINT (-123.09308337 49.28370817),Strathcona,18,Design,Standard Room
12124,728,,395 Kingsway,Completed,2014,Raincity Housing and Support Society,https://app.vancouver.ca/NonMarketHousing_NET/ProjectDetails.aspx?IndexNum=728,POINT (-123.09659106 49.26029607),Mount Pleasant,95,Design,Standard Room
12160,875,,1176 Granville St,Completed,2020,Atira Property Management Inc.,https://app.vancouver.ca/NonMarketHousing_NET/ProjectDetails.aspx?IndexNum=875,POINT (-123.1253448 49.27732807),Downtown,110,Design,Standard Room
12161,876,,1906 Haro St,Completed,2020,Atira Women’s Resource Society,https://app.vancouver.ca/NonMarketHousing_NET/ProjectDetails.aspx?IndexNum=876,POINT (-123.13856594 49.29171537),West End,63,Design,Standard Room
12164,882,,235 Main St,Completed,2018,Raincity Housing and Support Society,https://app.vancouver.ca/NonMarketHousing_NET/ProjectDetails.aspx?IndexNum=882,POINT (-123.10005685 49.28263269),Downtown,80,Design,Standard Room
12170,908,,956 Main St,Completed,2021,BC Housing,https://app.vancouver.ca/NonMarketHousing_NET/ProjectDetails.aspx?IndexNum=908,POINT (-123.09949955 49.27587204),Strathcona,22,Design,Standard Room
12177,989,,1119 Hornby,Completed,2017,Atira Women’s Resource Society,https://app.vancouver.ca/NonMarketHousing_NET/ProjectDetails.aspx?IndexNum=989,POINT (-123.12750154 49.27940628),Downtown,95,Design,Standard Room
12178,993,,346 Alexander St,Completed,1981,Lookout Housing and Health Society,https://app.vancouver.ca/NonMarketHousing_NET/ProjectDetails.aspx?IndexNum=993,POINT (-123.09632589 49.28376978),Strathcona,40,Design,Standard Room
